corpCd,corpNm,entryYmd,corpRegNo,saupjaNo,pubYn,zipNo,addr,otherBizType,businessType,subBusiness,signStatus,signDate,useStatus,no
E00001,주식회사 미림엔지니어링,20180112,1101112245309,1088128640,민간,08390,"서울특별시 구로구 디지털로32길 30, 코오롱 타워빌란트 1차 1216호 (구로동)",,,,승인완료,,정상,1
E00002,한국종합기술,20180404,1101110038326,1298120591,민간,12927,"경기도 하남시 덕풍동로 111-21, 201호 (덕풍동)",,엔지니어링사업자,,승인완료,,정상,1
E00003,(주)선진엔지니어링종합건축사사무소,20180124,1101110229628,1178108600,민간,13840,"경기도 과천시 과천대로7길 20, B타워 5~6층 (갈현동)",,,,승인완료,,정상,1
E00004,주식회사 무진이엔씨,20180126,1101112727349,2148729607,민간,08377,"서울특별시 구로구 디지털로33길 28, 206호 (구로동)",,,,승인완료,,정상,1
E00005,(주)제일기초이엔씨,20180212,1101110821812,1208138018,민간,05020,"서울특별시 광진구 아차산로 191, 동신빌딩 302호 (화양동)",,엔지니어링사업자,,승인완료,,정상,1
E00006,(주)하나기술단,20180105,1801110240307,6028113275,민간,48059,"부산광역시 해운대구 센텀동로 99, 1508호 (재송동, 벽산이센텀클래스원)",,엔지니어링사업자,엔지니어링사업자,승인완료,,정상,1
E00008,평화지오텍(주),20180416,1101113390145,2128174934,민간,48820,"부산광역시 동구 중앙대로 169, 1203 (초량동)",,,,승인완료,,말소,1
E00009,(주)삼보기술단,20180102,1101110956033,6058124465,민간,38654,"경상북도 경산시 대학로 63, 7층 (정평동)",,엔지니어링사업자,,승인완료,,정상,1
E00010,(주)에스텍컨설팅그룹,20180126,1101112202911,2208609157,민간,04099,"서울특별시 마포구 서강로 82, 정상JLS빌딩 6층 (창전동)",,,,승인완료,,정상,1
E00011,(주)디케이엘,20180321,1101114284545,1078731974,민간,63309,"제주특별자치도 제주시 첨단로 213-3, 415호 (영평동)",,,,승인완료,,정상,1
E00012,(주)지오그린21,20180124,1101112063214,1198141769,민간,08376,"서울특별시 구로구 디지털로33길 55, 901호 (구로동)",,,,승인완료,,정상,1
E00013,(주)토우지오,20180302,1101115784180,3178600163,민간,06775,"서울특별시 서초구 논현로17길 9, 3층 (정호빌딩) (양재동)",,,,승인완료,,정상,1
E00014,(주)지엠씨,20180118,2201110096941,6168600643,민간,63219,"제주특별자치도 제주시 청사로 75, 5층 (도남동)",,,,승인완료,20180515,말소,1
E00015,주식회사 연웅이앤씨,20180118,1713110026001,5108131974,민간,63249,"제주특별자치도 제주시 인다15길 20-3, 제1동 101호 (아라일동)",,,,승인완료,,정상,1
E00016,(주)진산,20180308,2201110011642,6168110127,민간,63296,"제주특별자치도 제주시 일주동로 84, 2층  (화북이동)",비계구조물해체공사업,보링그라우팅공사,,승인완료,,말소,1
E00017,(주)지반솔루션,20190208,1101116614245,8958701000,민간,10237,"경기도 고양시 일산서구 덕이로 30-38, 2층 202호 4디-202호(덕이동, 양우씨네플렉스) (덕이동)",,지하안전영향평가,안전진단(교량 및 터널),승인완료,,정상,1
E00018,지케이엔지니어링주식회사,20180424,1101112752726,2148732062,민간,14119,"경기도 안양시 동안구 엘에스로91번길 16-39, 605호 (호계동)",,,,승인완료,,정상,1
E00020,(주)에이플러스이엔지,20180326,1801110807222,6218195507,민간,48059,"부산광역시 해운대구 센텀북대로 60, 404-405,407호 (재송동)",,지하안전영향평가,엔지니어링업 외,승인완료,,정상,1
E00021,(주)율현기술단,20180322,1101110771546,2128130222,민간,05706,"서울특별시 송파구 오금로36길 68, 씨제이빌딩 서관 5층 (가락동)",,,,승인완료,,정상,1
E00022,(주)덕성알파이엔지,20180202,1101112008450,1208607451,민간,05703,"서울특별시 송파구 양재대로66길 31, 성원빌딩 2층 (가락동)",,,,승인완료,,정상,1
E00023,(주)나우지오컨설턴트,20180302,1101112573916,1068611978,민간,04030,"서울특별시 마포구 동교로 142-7, 서광빌딩 3층 (서교동)",,,,승인완료,,정상,1
E00024,(주)대교컨설턴트,20180307,1101113206318,2208707646,민간,06338,"서울특별시 강남구 개포로 628, 현대빌딩 2층 (일원동)",,,,승인완료,,정상,1
E00025,(주)동일기술공사,20180208,1101110059885,2198107585,민간,05800,서울특별시 송파구 송이로30길 7 (문정동),,,,승인완료,,정상,1
E00026,(주)단우기술단,20180611,1101113087007,2158661812,민간,05855,"서울특별시 송파구 송파대로 167, 테라타워 A동 1513~1517호 (문정동)",,,,승인완료,,정상,1
E00027,(주)엘메스코리아,20180316,1101113155531,1208677199,민간,13646,"경기도 성남시 수정구 위례광장로 19, 601,602호 (창곡동)",,토목설계,계측관련용역,승인완료,,정상,1
E00028,(주)건설품질시험원,20180227,2101110029457,4028135970,민간,55117,전라북도 전주시 완산구 춘향로 5146 (색장동),,,안전진단계측ENG품질관리,승인완료,,정상,1
E00029,(주)신흥종합기술,20180503,2301110116482,6208123733,민간,44776,"울산광역시 남구 테크노산업로55번길 49-22, 201호 (두왕동)",,,,승인완료,,정상,1
E00030,(주)바이텍이엔지,20180307,1341110424668,3408700200,민간,14057,"경기도 안양시 동안구 벌말로 126, 1914호 (관양동)",,,,승인완료,,정상,1
E00031,(주)세진이엔씨,20180322,1701110115156,5028140114,민간,39532,"경상북도 김천시 시청2길 49, 3층 (신음동)",,,,승인완료,,정상,1
E00032,(주)대흥종합엔지니어링건축사사무소,20180406,1812110029394,6108120549,민간,44740,울산광역시 남구 두왕로322번길 6-7 (신정동),,,,승인완료,,정상,1
E00033,(주)세광엔지니어링,20180316,1101111119654,2208101408,민간,06174,"서울특별시 강남구 테헤란로104길 11, 세광빌딩3층 (대치동)",,,,승인완료,,정상,1
E00035,(주)제일엔지니어링종합건축사사무소,20180307,1101110595003,2298107980,민간,06779,"서울특별시 서초구 강남대로16길 22-6, 신관3층 지반사업부 (양재동)",,,,승인완료,,정상,1
E00036,주식회사 보라엔지니어링,20180307,1101115330115,2208873070,민간,05836,"서울특별시 송파구 법원로11길 25, H비지니스 파크 B동 1206호 (문정동)",,,,승인완료,,정상,1
E00038,(주)에스코컨설턴트,20180112,1101111319238,2148609754,민간,06651,"서울특별시 서초구 반포대로14길 71, 2117 (서초동)",,,,승인완료,,정상,1
E00039,(주)지오그룹이엔지,20180601,1101110860919,1208122710,민간,07255,"서울특별시 영등포구 선유로 146, 이앤씨드림타워 406호 (양평동3가)",,,,승인완료,,정상,1
E00040,(주)지윤이앤씨,20180628,1345110245412,1428178780,민간,05836,"서울특별시 송파구 법원로11길 25, A동 1111호 (문정동)",,E - 09 - 004732,,승인완료,,말소,1
E00041,주식회사 삼일씨이씨,20180221,1501110082987,3018177871,민간,06302,"서울특별시 강남구 논현로28길 12, 3층, 명선빌딩 (도곡동)",,,,승인완료,,말소,1
E00042,(주)경보기술단,20180124,1101110954134,1148153917,민간,14057,"경기도 안양시 동안구 시민대로 401, 1307호 (관양동, 대륭테크노타운15차)",,,,승인완료,,정상,1
E00043,(주)한국지오컨설턴트,20180202,1101111197238,2118610738,민간,06779,서울특별시 서초구 강남대로12길 23-13 (양재동),,,,승인완료,,정상,1
E00044,(주)새길이엔시,20180116,1748110032427,5158123858,민간,05854,"서울특별시 송파구 송파대로 201, A동 7층 A-724호(문정동, 송파테라타워2) (문정동)",,,,승인완료,,정상,1
E00045,(주)에이스올,20180126,1101112074659,2148668340,민간,06227,"서울특별시 강남구 도곡로27길 47, 3층 (역삼동)",,,,승인완료,,정상,1
E00046,(주)가우리안,20180517,1159110074006,1288177349,민간,10401,"경기도 고양시 일산동구 무궁화로 20-38, 707호 (장항동,로데오탑프라자)",,,,승인완료,,정상,1
E00047,씨앤유플러스 주식회사,20180405,1101115196096,2068680514,민간,04795,"서울특별시 성동구 성수이로 147, 707-9호 (성수동2가)",,,,승인완료,,정상,1
E00048,테스트(평가전문기관)2,20211014,0000000000000,0000000000,민간,47545,부산광역시 연제구 중앙대로 1001 (연산동),,,,승인완료,,정상,1
E00049,주식회사 화성에스엔씨,20180420,1358110141837,1358192727,민간,18334,"경기도 화성시 봉담읍 시청로 1393-6, 나동 2층",,,,승인완료,,정상,1
E00050,(주)하이콘엔지니어링,20180227,1101111293648,2298108878,민간,58117,"전라남도 화순군 화순읍 만연로 66-3, 3층",,엔지니어링사업자,엔지니어링사업자외,승인완료,,정상,1
E00051,한국기술개발(주),20180503,2001110000615,4088100144,민간,58112,전라남도 화순군 화순읍 동헌길 12,,,,승인완료,,정상,1
E00052,(주)경호엔지니어링종합건축사사무소,20180131,1152110010880,1328106125,민간,11940,"경기도 구리시 체육관로74번길 41, (수택동)",,토질지질,,승인완료,,정상,1
E00053,(주)동아기술공사,20180417,2001110011711,4088107055,민간,58133,"전라남도 화순군 화순읍 충의로 247, 동아기술공사",,,,승인완료,,정상,1
E00054,(주)평화엔지니어링,20180227,1115110019608,1278152705,민간,58325,전라남도 나주시 문화로 194 (빛가람동),,,,승인완료,,정상,1
E00055,셀파이엔씨 주식회사,20180202,1101112259706,2158609494,민간,05809,"서울특별시 송파구 새말로 125, 3층 (문정동, 어은회관)",,,,승인완료,,정상,1
E00056,나우이엔씨(주),20180316,1101112162909,2208605995,민간,06226,"서울특별시 강남구 언주로 319, 조우빌딩4층 (역삼동)",,,,승인완료,,정상,1
E00057,주식회사 지호엔지니어링,20180221,1101113656779,2158701387,민간,12248,"경기도 남양주시 다산순환로 20, B동 724,725,726호, C동 470호, D동 B109호(다산현대프리미어캠퍼스) (다산동)",,,,승인완료,,정상,1
E00058,주식회사 이에스지오,20180809,1101114902816,2158770341,민간,13207,"경기도 성남시 중원구 사기막골로 124, 테크동 509호 (상대원동)",,E-9-3691,,승인완료,,정상,1
E00059,(주)광림엔지니어링건설,20180619,1801110386078,6058149132,민간,46918,"부산광역시 사상구 모라로 22, 부산벤처타워 916호 (모라동)",,기술사사무소,안전진단 전문기관,승인완료,,정상,1
E00060,(주)다솔엔지니어링,20180202,1342110072639,1268187894,민간,05836,"서울특별시 송파구 법원로9길 26, C동 1313호~1315호 (문정동)",,,,승인완료,,정상,1
E00061,(주)다솔컨설턴트,20180202,1101111132672,2298119720,민간,06643,"서울특별시 서초구 효령로 335, 201호 (서초동, 대호프레조빌)",,제 E-9-793호,,승인완료,,정상,1
E00062,(주)피아이컴퍼니,20180420,1348110277378,1438113951,민간,18469,"경기도 화성시 동탄첨단산업1로 27, 금강펜테리움IX타워 A동 511호 (영천동)",,,,승인완료,,정상,1
E00063,(주)아남이엔지,20180202,1101111244526,2078144952,민간,05806,"서울특별시 송파구 동남로4길 36, F.I.빌딩 3층 (문정동)",,E-9-510,엔지니어링사업자,승인완료,,정상,1
E00064,주식회사 동성지오텍,20180719,1101112194944,1148607460,민간,15096,"경기도 시흥시 옥구천서로93번길 45, (정왕동) (정왕동)",,,,승인완료,,말소,1
E00065,(주)아주엔지니어링,20180131,1349110075100,7248800443,민간,14322,"경기도 광명시 하안로 60, 비동 908호, 씨동 씨1012호  광명테크노파크 (소하동)",,자하안전영향평가,엔지니어링 서비스업,승인완료,,정상,1
E00066,케이비이티에스 주식회사,20180221,1101115276244,1078807388,민간,05266,"서울특별시 강동구 양재대로 1638, 502호 (명일동)",,토질지질,,승인완료,,정상,1
E00067,주식회사 케이알티씨,20180628,1101113086380,1198175764,민간,13840,"경기도 과천시 과천대로7나길 9, DX타워 6~8층 (갈현동) ",,,,승인완료,,정상,1
E00068,(주)신명건설기술공사,20180530,1152110026134,1328126344,민간,57923,전라남도 순천시 가곡길 12 (가곡동),,,,승인완료,,정상,1
E00069,케이에스엠기술(주),20180302,1101111636997,1208186276,민간,51573,"경상남도 창원시 성산구 완암로 50, SK테크노파크 넥스동 509호 (성산동)",,,,승인완료,,정상,1
E00070,주식회사 동운,20180129,2146110002839,4048118017,민간,54579,"전라북도 익산시 왕궁면 학호2길 22, (주)동운",,,,승인완료,20180705,말소,1
E00071,(주)토원,20180105,1955110152937,6158195894,민간,50924,"경상남도 김해시 김해대로2415번길 7-1, 301호 (부원동)",,,,승인완료,,정상,1
E00072,(주)한진지오이앤씨,20180719,1101115124188,2158781547,민간,05548,"서울특별시 송파구 올림픽로32길 32, 유인빌딩 502호 (방이동)",,제 E-09-003858호,,승인완료,,정상,1
E00073,(주)이피에스엔지니어링,20180212,1341110201933,1388165383,민간,13930,"경기도 안양시 동안구 동편로 188, 402호 (관양동)",,,,승인완료,,정상,1
E00074,주식회사 동우이엔텍,20180719,1101113949786,2148830950,민간,05806,"서울특별시 송파구 동남로4길 32, 3층 (문정동)",,,,승인완료,,말소,1
E00075,(주)도담이앤씨,20180126,1101111439359,2048139033,민간,21558,"인천광역시 남동구 예술로192번길 40, 40 4층 (구월동)",,,,승인완료,,정상,1
E00076,(주)고려컨설턴트,20180424,1341110130207,1388128146,민간,14072,"경기도 안양시 동안구 평촌대로211번길 16, 삼희월드프라자 403호 (호계동)",,엔지니어링,,승인완료,,정상,1
E00078,(주)건화,20180214,1101110687058,1388101152,민간,14059,"경기도 안양시 동안구 흥안대로427번길 38, 관양동 성지스타위드",,,,승인완료,,정상,1
E00079,주식회사 더원테크,20180202,1955110111777,6158165634,민간,50990,"경상남도 김해시 장유로116번길 14, (부곡동) (부곡동)",,,,승인완료,,정상,1
E00080,주식회사 씨이이엔씨,20180124,1101114420454,2158744294,민간,02055,"서울특별시 중랑구 신내역로3길 40-36, 신내데시앙플렉스 B동 707호 (신내동)",,,,승인완료,,정상,1
E00081,(주)고산엔지니어링,20180418,1201110088767,1398106709,민간,21926,"인천광역시 연수구 벚꽃로 106, 연수광장프라자 603호 (청학동)",,,,승인완료,20180730,말소,1
E00082,주식회사 정민지오테크,20180202,1101114976481,2118884461,민간,12925,"경기도 하남시 미사대로 520, D동 915호 (덕풍동)",,,,승인완료,,정상,1
E00083,(주)지에이치이앤씨,20180626,1801110543032,6078175811,민간,47000,"부산광역시 사상구 사상로 76, 1층,2층 (주례동)",,,,승인완료,,정상,1
E00084,한국건설연구소 주식회사,20180504,1501110183561,3018626867,민간,28187,충청북도 청주시 상당구 남일면 쌍수관기길 5-28 (쌍수리),,지하수영향조사,,승인완료,,정상,1
E00085,유구엔지니어링(주),20180413,1101111193674,2138613575,민간,06779,"서울특별시 서초구 강남대로18길 24-7, 2층 (양재동)",,,,승인완료,,휴업,1
E00086,(주)삼우씨엠건축사사무소,20190130,1101110248529,2158125903,민간,05556,"서울특별시 송파구 백제고분로 69, 14층 삼우씨엠건축사사무소 인프라사업팀 (잠실동)",,,,승인완료,,정상,1
E00087,(주)케이지엠기술,20180430,1101113016519,2158657638,민간,05295,"서울특별시 강동구 양재대로138길 14, 상가에이동 204호 (명일동, 명일빌딩)",,,,승인완료,,말소,1
E00088,(주)에스엠코퍼레이션,20180501,2802110176765,7028100901,민간,11815,"경기도 의정부시 배꽃길 63, 3동 10층 1011호(의정부 더리브 센텀스퀘어3 지식산업센터) (민락동)",,,,승인완료,,정상,1
E00089,(주)성지엔지니어링,20180420,1101112652364,2158634620,민간,14056,"경기도 안양시 동안구 학의로 268, 215호 (주)성지엔지니어링 (관양동)",,,,승인완료,,정상,1
E00090,(주)기림지오테크,20180404,1101111150707,2148188263,민간,12925,"경기도 하남시 미사대로 550, A동 738호 (덕풍동)",,,,승인완료,,정상,1
E00091,(주)서신엔지니어링,20180316,1101111059769,2138612708,민간,05600,"서울특별시 송파구 석촌호수로 140, 6층 601호 (삼전동)",,,,승인완료,,말소,1
E00092,(주)우주엔지니어링,20180627,1341110155750,1388141469,민간,31511,"충청남도 아산시 시민로440번길 10, (주)우주엔지니어링 (온천동)",,,,승인완료,,정상,1
E00093,벽산엔지니어링,20180124,1101110257116,1168108140,민간,13503,경기도 성남시 분당구 벌말로50번길 41 (야탑동),,,,승인완료,,휴업,1
E00094,(주)마이다스아이티,20180207,1311110581023,6578701771,민간,13487,"경기도 성남시 분당구 판교로228번길 17, 판교세븐벤처밸리2 마이다스아이티동 (삼평동)",과학및기술서비스업,엔지니어링기술서비스,소프트웨어자문개발공급,승인완료,,휴업,1
E00095,케이지엔지니어링종합건축사사무소,20180131,1115110019187,1278160942,민간,11625,"경기도 의정부시 의정로 20, KG빌딩 (의정부동)",,,,승인완료,,정상,1
E00096,(주)세한이엔씨,20180202,1101114050673,1058729040,민간,10542,"경기도 고양시 덕양구 청초로 10, 제에이동 제11층 제에이에이11-1101호, 제에이에이11-1112호(덕은동, 지엘메트로시티한강)",,,,승인완료,,정상,1
E00097,(주)한백엔지니어링,20180514,1748110030439,5158122539,민간,41251,대구광역시 동구 동부로26길 57 (신천동),,,,승인완료,,말소,1
E00098,(주)윤성이엔지,20180222,1601110076219,3148124249,민간,34150,대전광역시 유성구 갑동로 74 (갑동),,,,승인완료,,정상,1
E00099,(주)서영엔지니어링,20180307,1341110032106,1388104348,민간,16953,"경기도 용인시 기흥구 흥덕1로79번길 30, 8층 영업부 (영덕동)",,,,승인완료,,정상,1
E00100,동부엔지니어링(주),20180322,1101110659536,2018145690,민간,14092,"경기도 안양시 만안구 안양로 155, 3층 (안양동)",,,,승인완료,,정상,1
E00101,(주)태조엔지니어링,20180221,1101112583452,2158629656,민간,05545,"서울특별시 송파구 백제고분로 503, 4층",,,,승인완료,,정상,1
E00102,시지이엔씨 주식회사,20180124,1101111559090,2298132591,민간,08381,"서울특별시 구로구 디지털로27길 24, 811호 (구로동)",,지하수이용개발시공업,토목엔지니어링,승인완료,,정상,1
E00103,(주)동성엔지니어링,20180115,1760110006228,5138109001,민간,38660,"경상북도 경산시 성암로21길 41, 3층 (옥산동)",,,,승인완료,,정상,1
E00104,(주)경원엔지니어링건축사사무소,20180327,1412110006499,2248107350,민간,26307,"강원도 원주시 소초면 섬배로 109-10, (주)경원엔지니어렁건축사사무소",,,,승인완료,,정상,1
E00105,주식회사 세담이앤씨,20180307,1101114737635,2068659933,민간,04799,"서울특별시 성동구 아차산로15길 52, 201호 (성수동2가)",,,,승인완료,,말소,1
E00106,(주)에스알이앤씨,20180201,1601110326705,3148637680,민간,32435,"충청남도 예산군 예산읍 군청로1길 20, 303호",,,,승인완료,,정상,1
E00107,(주)인아엔지니어링,20180316,1101111521081,2148622024,민간,05836,"서울특별시 송파구 법원로11길 25, B동1513 (문정동, 에이치비즈니스파크)",,,,승인완료,,정상,1
E00108,(주)대한,20180706,1201110602848,1218615385,민간,21558,"인천광역시 남동구 인주대로591번길 64, 410호 (구월동)",,,,승인완료,,정상,1
E00109,주식회사 시원이앤씨,20180212,1101115307916,2128607750,민간,02604,"서울특별시 동대문구 천호대로 295, 702호 (답십리동, 우창프라자아파트)",,,,승인완료,,정상,1
E00110,케이앤씨컨설턴트(주),20180214,1101111952426,1078182689,민간,14322,"경기도 광명시 하안로 60, B동 1004호(소하동, 광명테크노파크) (소하동)",,,,승인완료,,정상,1
E00111,(주)경동엔지니어링,20180104,1601110015845,3128111675,민간,31124,"충청남도 천안시 동남구 만남로 72, 1514호 (신부동)",,,설계 및 건설사업관리,승인완료,,정상,1
E00112,지하정보기술,20180424,1101111552854,2148623998,민간,16006,"경기도 의왕시 이미로 40, D동 609호 (포일동)",,,,승인완료,,정상,1
E00113,(주)바우컨설탄트,20180328,1101111141128,1208148398,민간,21344,"인천광역시 부평구 길주로 659, 308호 (삼산동)",,,,승인완료,,정상,1
E00114,(주)한승엔지니어링,20180302,1101114915760,1098636226,민간,07532,"서울특별시 강서구 양천로 551-24, 709호 (가양동, 한화비즈메트로2차)",,,,승인완료,,정상,1
E00115,(사)한국건설안전협회,20180322,1146210005148,1208201411,민간,05836,"서울특별시 송파구 법원로9길 26, D동 7층 (문정동)",,,,승인완료,,정상,1
E00116,(주)세츠이엔지,20180302,1101114769555,2068661481,민간,04790,"서울특별시 성동구 상원12길 30, 제3층,제307호(성수동1가,동진아이티타워) (성수동1가)",,,,승인완료,,정상,1
E00117,(주)브니엘컨설턴트,20180802,1101111162645,1208151063,민간,08592,"서울특별시 금천구 가산디지털2로 14, 909호 (가산동)",,,,승인완료,,정상,1
E00118,(주)세연엔지니어링,20180405,1750110012739,5038190373,민간,41236,"대구광역시 동구 효신로 36, 3층 (효목동)",,,,승인완료,20180813,말소,1
E00119,(주)세진이엔시,20180710,1942110083791,6098176325,민간,51112,"경상남도 창원시 의창구 북면 감계로 304, 재성빌딩 6F 605 (주)세진이엔시",,,,승인완료,,정상,1
E00120,(주)선구엔지니어링,20180427,1601110150419,3148155719,민간,34087,"대전광역시 유성구 은구비남로7번길 19, 201호 (지족동)",,,,승인완료,,정상,1
E00121,제일지오텍엔지니어링,20180328,1159110059412,1288164994,민간,10526,"경기도 고양시 덕양구 충장로 20, 청원프라자 4층 (행신동)",,기술용역,"토목설계, 감리, 토목계측",승인완료,,정상,1
E00122,(주)수경이엔씨,20180802,1341110180608,1388154630,민간,06745,"서울특별시 서초구 강남대로30길 28, 202호 (양재동)",,,,승인완료,,정상,1
E00123,(주)대웅컨설턴트,20180718,1101112394883,1208631174,민간,14059,"경기도 안양시 동안구 흥안대로 415, 824호 (평촌동)",건설기술용역업,엔지니어링활동주체,,승인완료,,정상,1
E00126,(주)다산이엔지,20180202,1101111423378,1148179498,민간,08726,"서울특별시 관악구 관악로37길 56, (봉천동,동아아파트비상가) (봉천동)",,안전진단전문기관,,승인완료,,정상,1
E00127,(주)토우엔지니어링,20180322,1101111766827,2208166890,민간,05544,"서울특별시 송파구 오금로11길 51, 2층202호 (방이동)",,엔지니어링 사업자,,승인완료,,정상,1
E00129,(주)유덕엔지니어링,20180202,1801110476928,6078167965,민간,52150,"경상남도 의령군 의령읍 의병로14길 8-11, 403호",,,,승인완료,,정상,1
E00130,주식회사 유신,20180126,1101110061666,2208118141,민간,07071,"서울특별시 동작구 보라매로5가길 24, 4층 (신대방동, 보라매나산스위트)",,,,승인완료,,정상,1
E00131,(주)도건이엔씨,20180516,1101112790148,2158643264,민간,05854,"서울특별시 송파구 송파대로 201, A동 804호,805호(문정동, 테라타워2)",,,,승인완료,,정상,1
E00132,(주)대영엔지니어링,20180329,1101110279178,1208123062,민간,51504,"경상남도 창원시 성산구 중앙대로 56, 301-2호(상남동, 양지프라자)",,,,승인완료,,정상,1
E00133,주식회사 대양씨앤이,20180124,1101113995698,2208773883,민간,05855,"서울특별시 송파구 송파대로 167, A동 1101호, 1102호(문정역 테라타워) (문정동)",,,,승인완료,,정상,1
E00134,지오로직스,20180419,1101114507525,2098152540,민간,21360,"인천광역시 부평구 주부토로 66, 4층 402호 (부평동)",,엔지니어링 서비스업,,승인완료,,정상,1
E00135,(주)천일,20180820,1101110190663,1208122990,민간,06295,"서울특별시 강남구 언주로30길 10, 522호 (현대비젼21, 도곡동)",,,,승인완료,,말소,1
E00136,(주)건일,20180514,1101110999172,2208125958,민간,37685,"경상북도 포항시 남구 대이로1번길 20, 602호 (대잠동)",,안전진단전문기관,,승인완료,,정상,1
E00137,(주)신오엔지니어링,20180814,2055110032491,4128143083,민간,58263,"전라남도 나주시 시청길 21-7, 5층 (송월동)",,,,승인완료,,정상,1
E00138,(주)백산엔지니어링,20180321,1942110024232,6098127917,민간,51504,"경상남도 창원시 성산구 중앙대로 56, 양지빌딩 201호 (상남동)",,,,승인완료,,정상,1
E00139,유진이엔씨(주),20180117,1601110180523,3058171883,민간,34836,"대전광역시 중구 대종로529번길 43, 7,8층 (선화동)",,,,승인완료,,정상,1
E00140,(주)신화엔지니어링종합건축사사무소,20180115,1601110019269,3068109266,민간,34552,"대전광역시 동구 동서대로 1659, 1층(용전동) (용전동)",,서비스,건설기술용역업,승인완료,,정상,1
E00141,주식회사 동해종합기술공사,20180112,1101112462218,2208632319,공공,04799,"서울특별시 성동구 광나루로6길 35, 502호 (성수동2가, 우림이-비즈센타) (성수동2가)",엔지니어링사업자,지하안전영향평가,엔지니어링사업자,승인완료,,정상,1
E00142,(주)삼영기술,20180424,1801110148189,6058118435,민간,47297,"부산광역시 부산진구 전포대로199번길 15, 현대타워오피스텔 3층 (전포동)",,,,승인완료,,정상,1
E00143,(주)보운이피씨,20180430,1101114846577,1058770802,민간,07255,"서울특별시 영등포구 선유로 130, 404, 405, 406호 (양평동3가)",,,,승인완료,,정상,1
E00144,(주)이도,20180214,1341110090691,1238172752,민간,14058,"경기도 안양시 동안구 벌말로 80, 806호 (관양동)",,,,승인완료,,정상,1
E00145,(주)건설기술원,20180213,1942110039215,6098140792,민간,51021,"경상남도 김해시 수가로 249, (응달동251-1번지) (주)건설기술원 (응달동)",,,,승인완료,,말소,1
E00146,(주)우리이엔지건축사사무소,20180105,2341110032006,6218153676,민간,50652,"경상남도 양산시 물금읍 부산대학로 150, 603호",,,,승인완료,,정상,1
E00147,(주)건축사사무소 건원엔지니어링,20180904,1101111820441,2208171530,민간,05855,"서울특별시 송파구 송파대로 167, B동 16층 (문정동)",,,,승인완료,,말소,1
E00148,대한기초엔지니어링(주),20180404,1101111609043,2298134833,민간,16006,"경기도 의왕시 이미로 40, 씨 동 609 호 (인덕원IT밸리) (포일동)",,,,승인완료,,정상,1
E00149,(주)조은이엔지,20180315,1601110400179,8578800103,민간,34857,"대전광역시 중구 계룡로 845-1, 2층 (용두동)",,,,승인완료,,정상,1
E00150,(주)지오알앤디,20180228,1801110577966,6218170277,민간,48059,"부산광역시 해운대구 센텀중앙로 60, 906호(우동 퍼스트인센텀) (우동)",,제 E-9-2751호,엔지니어링사업자,승인완료,,정상,1
E00151,(주)한가람,20180319,1801110339431,6058140617,민간,47193,"부산광역시 부산진구 신천대로220번길 65, 상가동 B1 (부암동, 부산서면 동문굿모닝힐)",,,,승인완료,,정상,1
E00152,한국농어촌공사,20180831,1352710000021,1238208470,공공,58327,"전라남도 나주시 그린로 20, 한국농어촌공사 (빛가람동)",,,,승인완료,,말소,1
E00153,(주)경화엔지니어링,20180824,1341110040167,6098118136,민간,51391,"경상남도 창원시 의창구 차룡로48번길 44, 10층 에프1009호 (팔용동)",,,,승인완료,,정상,1
E00154,(주)오이디,20211101,1101110241721,1388108010,공공,06534,"서울특별시 서초구 신반포로42길 15, 지1층(반포동) ",,,,승인완료,,말소,1
E00155,(주)양광엔지니어링,20180831,2055110004622,4128108960,민간,58292,"전라남도 나주시 동강면 인동길 54, 2호",,지하안전영향평가,,승인완료,,정상,1
E00156,(주)대웅지오텍,20180411,1341110217328,1388173490,민간,16006,"경기도 의왕시 이미로 40, 씨동 B114 (포일동)",,,,승인완료,,정상,1
E00157,㈜다온지오이엔지,20180413,1101115811727,8078100147,공공,06306,"서울특별시 강남구 개포로 229, 3층 (개포동)",,,,승인완료,,정상,1
E00158,(주)수성엔지니어링,20180329,1101110746078,6098114412,민간,51430,"경상남도 창원시 의창구 창이대로 510, 403호, 수성엔지니어링 (용호동)",,,,승인완료,,정상,1
E00159,(주)신우엔지니어링,20180306,1101110574651,2298115229,민간,50570,"경상남도 양산시 북정중앙로 5-1, 2층 (북정동)",,,,승인완료,,정상,1
E00160,주식회사 진우엔지니어링코리아,20180322,1349110023753,1308191738,민간,08506,"서울특별시 금천구 가산디지털1로 151, 12층 1202-1207호 (가산동)",,,,승인완료,,정상,1
E00161,에스큐엔지니어링(주),20180212,1101111554727,1208181024,민간,05818,"서울특별시 송파구 중대로 212, 드림빌딩 4층 (가락동)",,,,승인완료,,정상,1
E00162,하경엔지니어링,20180221,1101111477664,2148619586,민간,06147,"서울특별시 강남구 언주로 538 (역삼동, 대웅빌딩2층)",,,,승인완료,,말소,1
E00163,(주)나노테크이엔지,20180523,1311110143451,1298186273,민간,18469,"경기도 화성시 동탄첨단산업1로 27, B동 1721호,1722호,1723호,1724호 (영천동 ,금강펜테리움 IX타워 )",,,,승인완료,,정상,1
E00164,(주)진영컨설턴트,20180410,1101112859506,2208671350,민간,16006,"경기도 의왕시 이미로 40, 인덕원IT밸리 D동621호 (포일동)",,"설계, 감리",,승인완료,,정상,1
E00165,(주)도화엔지니어링,20180212,1101110037740,2118108009,민간,06178,"서울특별시 강남구 삼성로 438, 대치동 942-1 (대치동)",,,,승인완료,,정상,1
E00166,(주)드림이앤디,20180914,1612110009176,3078116488,민간,32580,"충청남도 공주시 번영1로 156, 3층 (신관동)",,,,승인완료,,정상,1
E00167,(주)골든엔지니어링,20180413,1311110247782,1298642101,민간,05855,"서울특별시 송파구 법원로 92, 10층 1003호 파트너스1 (문정동)",,지하안전영향평가,건설기술용역업,승인완료,,정상,1
E00168,주식회사 한국건설방재연구원,20180307,1101113180075,2158667951,민간,05836,"서울특별시 송파구 법원로11길 11, 에이동 1003호 (현대지식산업센터) (문정동)",,,,승인완료,,정상,1
E00169,주식회사 씨엠파트너스건축사사무소,20180413,1101112054320,2018159888,민간,04781,"서울특별시 성동구 성수이로 51, 201호 (성수동2가)",,,,승인완료,,정상,1
E00170,(주)에스티오이엔지,20180912,1345110164076,1428133008,민간,17095,"경기도 용인시 기흥구 중부대로 184, 힉스유타워 에이동 502호, 503호 (영덕동)",,,,승인완료,,말소,1
E00171,(주)백악지오이엔씨,20181001,2001110277529,4108628816,민간,62074,"광주광역시 서구 매월2로 53, 디20동224호 (매월동)",,,,승인완료,,정상,1
E00172,(주)태광설계공사,20180914,1542110009852,3028116969,민간,29039,"충청북도 옥천군 옥천읍 문정2길 3-1,",,,,승인완료,,정상,1
E00173,극동엔지니어링(주),20210406,1101111645344,2088126957,민간,38615,"경상북도 경산시 남매공원로1길 1, 더베스트 304호 (계양동)",,,,승인완료,,정상,1
E00174,초석엔지니어링(주),20180928,1341110163175,1388145301,민간,16006,"경기도 의왕시 이미로 40, C동 917호 (포일동)",,,,승인완료,,정상,1
E00175,(주)동해이엔지,20180201,1955110078414,6158142456,민간,46208,부산광역시 금정구 조리2길 34 (두구동),,엔지니어링사업자외,엔지니어링사업자등,승인완료,,정상,1
E00176,지에스이앤씨(주),20180221,1101112940660,1148633707,민간,06698,"서울특별시 서초구 효령로2길 9, 2, 3층 (방배동)",,,,승인완료,,정상,1
E00177,(주)동양지반,20180903,1101112666266,2208652843,민간,17704,경기도 평택시 서탄면 서탄로 470-16,,,,승인완료,,말소,1
E00178,(주)원토 이엔지,20181023,1101113820275,1198604357,민간,08507,"서울특별시 금천구 가산디지털1로 168, A동 1006호 (가산동)",,,,승인완료,,정상,1
E00179,(주)한국건설이앤지,20181102,1601110293095,3148621475,민간,34210,"대전광역시 유성구 학하복용서로 25, 3층 (주)한국건설이앤지 (학하동)",,,,승인완료,,정상,1
E00180,(주)한국국토안전연구원,20180316,1101112655079,1058646737,민간,04790,"서울특별시 성동구 아차산로 49, 서울숲코오롱디지털타워3차, 1103호 (성수동1가)",,,,승인완료,,정상,1
E00181,(주)일신이앤씨,20180115,1341110092994,1238174992,민간,26483,"강원도 원주시 천매봉길 36-22, 백림빌딩 302호 (단구동)",-,-,-,승인완료,,정상,1
E00182,(주)에이치앤드에이치엔지니어링,20181105,1101115967570,2618600351,민간,05855,"서울특별시 송파구 법원로8길 7, 화엄타워 703호 (문정동)",,보링.그라우팅공사업,,승인완료,,말소,1
E00183,(주)인텔리지오,20180202,1101112451170,2068167516,민간,08390,"서울특별시 구로구 디지털로 288, 2004호(구로동, 대륭포스트타워 1차)",,,,승인완료,,정상,1
E00184,(주)동아지질,20180416,1801110019843,6218112675,민간,46235,"부산광역시 금정구 금샘로 347, (주)동아지질 (구서동)",,제 E-9-109 호(ENG),토목건축공사업,승인완료,,정상,1
E00185,(주)청맥지이티,20180430,1101114274778,2068640429,민간,06785,"서울특별시 서초구 동산로6길 16, 302호 (양재동)",,,,승인완료,,정상,1
E00186,(주)산하이앤씨,20180419,1101110834708,2148178839,민간,13207,"경기도 성남시 중원구 사기막골로 124, 비즈센터 1001호 (상대원동)",,,,승인완료,,정상,1
E00187,(주)한도엔지니어링종합건축사사무소,20180531,1748110005797,5158108385,민간,38621,"경상북도 경산시 경안로 251, 1층(중방동)",,,,승인완료,,정상,1
E00188,(주)대한콘설탄트,20180208,1101110074437,1028103786,민간,03027,서울특별시 종로구 필운대로 9(필운동),,,,승인완료,,정상,1
E00189,(주)지오메카이엔지,20180413,1101113113266,2158663504,민간,16827,"경기도 용인시 수지구 신수로 767, 612호(지식산업센터) (동천동)",,,,승인완료,,정상,1
E00190,(주)경안종합엔지니어링,20180801,1412110094808,7408800955,민간,26474,"강원도 원주시 이화3길 40-8, 101호 (단계동)",,,,승인완료,,정상,1
E00191,주식회사 예담엔지니어링,20180405,1101113542209,2148797541,민간,06648,"서울특별시 서초구 반포대로28길 28, 2층 예담엔지니어링 (서초동)",,,,승인완료,,휴업,1
E00192,(주)화신엔지니어링,20180730,1401110007490,2218106648,민간,25518,강원도 강릉시 하슬라로 32 (홍제동),,,,승인완료,,정상,1
E00193,서정엔지니어링(주),20180419,1101110406490,1148113405,민간,14056,"경기도 안양시 동안구 학의로 250, 810호 (관양동)",,,,승인완료,,정상,1
E00194,(주)대영이엔씨,20180405,1153110008685,1278172244,민간,31099,"충청남도 천안시 서북구 늘푸른1길 18-6, 201호 (두정동)",,,,승인완료,,정상,1
E00195,광성지엠 주식회사,20181119,1101112062761,1178130460,민간,18269,"경기도 화성시 남양읍 남양로 441-16, 광성지엠(주)",,,,승인완료,,말소,1
E00196,(주)진화기술공사,20180308,1101110672132,2218104989,공공,24297,강원도 춘천시 춘천로 334 (후평동),,,,승인완료,,정상,1
E00197,(주)일신엔지니어링,20180510,1601110049183,3148112971,민간,34816,"대전광역시 중구 목동로 42, 304호 (목동, 목동복합빌딩) (목동)",,,,승인완료,,정상,1
E00198,주식회사 율곡이엔씨,20180516,1101115502011,1088613064,민간,08512,"서울특별시 금천구 디지털로9길 32, 갑을그레이트밸리 A동1605호 (가산동)",,,,승인완료,,정상,1
E00199,(자)한진개발공사,20180416,1801130013544,6178103046,민간,48314,"부산광역시 수영구 광남로 33, 한진빌딩 10층 (남천동)",,,,승인완료,,정상,1
E00200,에스앤피이엔씨,20180109,1612110027855,3078137159,민간,12925,"경기도 하남시 미사대로 520, D동 601,602호 (덕풍동)",,,,승인완료,,정상,1
E00201,원공엔지니어링(주),20180302,1801110264084,6078142192,민간,47505,"부산광역시 연제구 교대로22번길 16-6, (거제동) (거제동)",,지하안전영향평가기관,,승인완료,,정상,1
E00202,(주)한성개발공사,20181204,1846110018544,6228114531,민간,50930,"경상남도 김해시 분성로 524, 한성빌딩 3층 (어방동)",,,,승인완료,,정상,1
E00203,(주)태암엔지니어링,20180322,1101116070570,6698800452,민간,04808,"서울특별시 성동구 천호대로 400, 1505호 (용답동, 신창비바패밀리)",,,엔지니어링 사업자,승인완료,,정상,1
E00204,(주)케이아트엔지니어링종합건축사사무소,20180514,1314110312315,1348720218,민간,15471,"경기도 안산시 단원구 광덕서로 66, 508호(고잔동,하눌법조빌딩)",,,,승인완료,,정상,1
E00205,(주)나우엔지니어링,20180517,1101111894131,1208600953,민간,10449,"경기도 고양시 일산동구 호수로 340-28, 비잔티움2단지215호 (백석동)",,,,승인완료,,정상,1
E00206,한국지역난방기술주식회사,20180207,1101110813942,1298111485,민간,05836,"서울특별시 송파구 법원로 135, 10층, 11층 (문정동)",,,,승인완료,20210127,말소,1
E00208,(주)이산,20180314,1101110359714,1388101278,민간,14066,"경기도 안양시 동안구 부림로 121, 동아프라자 7층 (관양동)",,,,승인완료,,정상,1
E00210,시지엔지니어링(주),20180316,1101113772640,2068620189,민간,08378,"서울특별시 구로구 디지털로 306, 813호 (구로동)",,,,승인완료,,정상,1
E00211,주식회사 이원이엔지,20190125,1101114359520,2158741021,민간,05836,"서울특별시 송파구 법원로 135, 대명타워 3층 (문정동)",,,,승인완료,,말소,1
E00212,(주)이제이텍,20180525,1101111006124,2298118793,민간,13625,"경기도 성남시 분당구 미금로33번길 10, 석정빌딩 2~4층 (구미동)",,,,승인완료,,정상,1
E00214,아신씨엔티(주),20181224,2101110090698,4188144474,민간,15047,"경기도 시흥시 봉우재로175번길 19, 아신빌딩 3층 (정왕동)",,,,승인완료,,정상,1
E00215,(주)정인기술단,20181123,1801110379966,6078156089,민간,47542,"부산광역시 연제구 중앙대로 1033, 14-15층 (연산동)",,,,승인완료,,말소,1
E00216,(주)다산컨설턴트,20180329,1101110929806,1358111947,민간,39271,경상북도 구미시 구미중앙로42길 5-66 (송정동),,,,승인완료,,정상,1
E00217,(주)한국시설안전연구원,20180316,1101113166744,2208704241,민간,04778,"서울특별시 성동구 왕십리로 58, 6층(서울숲포휴) (성수동1가)",,,,승인완료,,정상,1
E00218,주식회사 세움텍,20180501,1801111143138,7648101062,민간,46508,"부산광역시 북구 효열로 111, 507호 (금곡동)",,지하안전영향평가,엔지니어링업,승인완료,,정상,1
E00219,(주)신성엔지니어링,20180508,1101110741622,1388100094,민간,14058,"경기도 안양시 동안구 흥안대로 457-27, 1동 1004호 (관양동)",,,,승인완료,,정상,1
E00220,(주)케이디이엔지,20181126,1341110365672,1388186001,민간,31094,"충청남도 천안시 서북구 백석공단5길 6, 10층 케이1011호 (백석동)",,,,승인완료,,정상,1
E00221,한국건설안전기술(주),20180712,1801110462521,6178148285,민간,48267,"부산광역시 수영구 수영로 678, 2층 (광안동)",,,,승인완료,,말소,1
E00222,(주)경기방재연구소,20180501,1311110338771,1298680288,민간,16942,"경기도 용인시 수지구 광교중앙로 338, 씨동 804호(광교우미뉴브) (상현동)",,지하안전영향평가,,승인완료,,정상,1
E00223,(주)에이치에스 엔지니어링,20180516,1101115745950,4838600121,민간,05808,"서울특별시 송파구 새말로 101, 5층 (문정동)",,,,승인완료,,정상,1
E00224,반석건설기술(주),20190307,1101116293601,4958800583,민간,05854,"서울특별시 송파구 송파대로 201, B동 1303호 (문정동)",,,,승인완료,,정상,1
E00225,주식회사 지오스캔,20190307,1101112535536,1018183152,민간,04410,"서울특별시 용산구 독서당로 46, B106호 (한남동, 한남아이파크)",,엔니지어링,,승인완료,,말소,1
E00226,주식회사 진성이앤에스,20181116,1749110011213,5158149993,민간,43115,"대구광역시 군위군 군위읍 중앙길 139, 1층",,,,승인완료,,정상,1
E00227,주식회사 지하공간이엔지,20190225,1801111413614,7708702281,민간,48267,"부산광역시 수영구 수영로 668, 1205호 (광안동)",,,,승인완료,,정상,1
E00228,주식회사 한미씨엔디,20180316,1101113768079,2068619678,민간,05043,"서울특별시 광진구 아차산로53길 53, 2층 (구의동)",,,,승인완료,,정상,1
E00230,(주)오름엔지니어링,20180508,1801110253425,6078141062,민간,47511,"부산광역시 연제구 법원남로15번길 7, 802호(거제동,오름빌딩) (거제동)",,,,승인완료,,정상,1
E00231,(주)지엠컨설턴트,20180531,1101110749775,1088141833,민간,14057,"경기도 안양시 동안구 시민대로 361, 1203호 (관양동, 에이스평촌타워)",,,,승인완료,,정상,1
E00232,(주)다한이앤씨,20190426,1101114152867,1088189007,민간,14353,"경기도 광명시 일직로 43, 비동 803호(일직동, 지아이디씨)",,,,승인완료,,정상,1
E00233,(주)대원기술,20190425,1801111076123,8178100732,민간,47539,"부산광역시 연제구 거제천로154번길 16, 대원빌딩 3,4층 (연산동)",,,,승인완료,,정상,1
E00234,(주)이화기술단,20180817,1801110292712,6078145393,민간,48059,"부산광역시 해운대구 센텀동로 99, 918,919,920,1019호(재송동, 벽산 이-센텀클래스원)",,,,승인완료,,정상,1
E00236,(주)흙사랑엔지니어링,20190513,1955110069976,6158136522,민간,47542,"부산광역시 연제구 시청로 12, 203동 403호 (연산동, 부산 더샵 시티애비뉴2차)",,,,승인완료,,정상,1
E00237,(주)지오엔지니어링,20190516,1201110167397,1398135733,민간,63125,"제주특별자치도 제주시 삼무로1길 10-8, 1612호(제주일성트르엘) (연동)",,지하안전영향평가,,승인완료,20190923,말소,1
E00239,주식회사 지티이엔시,20190612,1101116901139,2358101486,민간,05548,"서울특별시 송파구 오금로13길 10, 서흥빌딩 4층 (방이동)",,,,승인완료,,정상,1
E00240,(주)탑정엔지니어링,20180413,1101113959587,2158717875,민간,05713,"서울특별시 송파구 양재대로62길 47, 가락빌딩406호 (가락동)",,,,승인완료,,말소,1
E00242,(주)우리종합기술,20190529,2061110004421,4158142384,민간,57336,전라남도 담양군 담양읍 향교길 11-10,,,,승인완료,,정상,1
E00243,주식회사 테스콤엔지니어링,20180208,1101111164378,2298109203,민간,07223,"서울특별시 영등포구 당산로50길 1, 동남빌딩 2층 (당산동6가)",,,,승인완료,,정상,1
E00244,(주)한맥이앤씨,20190704,1115110059240,1278182795,민간,11183,"경기도 포천시 소흘읍 소흘로 75, 가동 3호",,,,승인완료,,정상,1
E00246,주식회사 토담엔지니어링앤드컨설턴트,20190826,1101116711257,8958101008,민간,06785,"서울특별시 서초구 동산로 20, 태화빌딩 3층 (양재동)",,,,승인완료,,정상,1
E00247,주식회사 지에스지이엔지,20190826,1341110513388,8188801261,민간,08591,"서울특별시 금천구 가산디지털1로 58, 1601호 (가산동, 에이스한솔타워)",,제E-09-0004966,,승인완료,,정상,1
E00248,삼호엔지니어링주식회사,20191001,1101114611871,2208818719,민간,04322,"서울특별시 용산구 한강대로 205, 용산파크자이 D동 3107호 (한강로1가, 용산파크자이)",,토목건축엔지니어링,,승인완료,,정상,1
E00249,(주)태림기술,20190823,1701110705329,3378601211,민간,42134,"대구광역시 수성구 수성로50안길 4, 해동빌딩 2층 (중동)",,엔지니어링업,,승인완료,,말소,1
E10000,홍익기술단,20180316,1601110020117,3158105115,민간,28399,"충청북도 청주시 흥덕구 풍년로150번길 28, 홍익빌딩 (가경동)",,,,승인완료,,정상,1
E10001,(주)지오넷,20180328,1801110171916,6078130283,민간,48304,"부산광역시 수영구 남천동로108번길 38, 골든비치타워4층 (남천동)",,,,승인완료,,정상,1
E10002,주식회사 영진엔지니어링,20181204,1501110016225,3158105643,민간,28583,충청북도 청주시 흥덕구 대신로 66 (복대동),,,,승인완료,,정상,1
E10003,(주)지명,20180508,1501110096334,3018190234,민간,29140,"충청북도 영동군 영동읍 동정로 39-18, (주)지명",,,,승인완료,,정상,1
E10004,한주이엔씨 주식회사,20190325,1812110039385,6208113628,민간,46215,"부산광역시 금정구 금단로 138, 삼성아파트상가301 (남산동)",,,,승인완료,,정상,1
E10005,(주)대농구조안전연구소,20181012,1942110019415,6048133336,민간,47902,"부산광역시 동래구 온천천로399번길 14, 동원빌딩 5층 (낙민동, 동원로얄듀크)",,안전진단전문기관,,승인완료,,정상,1
E10006,(주)지오탑이엔지,20191011,1801111177054,2608101293,민간,47206,"부산광역시 부산진구 동평로 350, 양정현대프라자 601호 (양정동)",,기술사사무소,엔지니어링 토질.지질,승인완료,,정상,1
E10007,(주)미호이엔씨,20190726,1101113916199,2048609290,민간,12237,"경기도 남양주시 사릉로34번길 48, 삼정빌딩 304호 (금곡동)",,,,승인완료,,말소,1
E10008,(주)용마엔지니어링,20180420,1311110362449,1298685231,민간,13637,"경기도 성남시 분당구 구미로9번길 7, 603-1호 (구미동)",,,,승인완료,,정상,1
E10009,(주)기반이엔씨,20190830,2201110187055,8018801055,민간,63190,"제주특별자치도 제주시 오남로 1, 302호 (오라일동)",,,,승인완료,,정상,1
E10010,(주)세일지오텍,20190219,1341110160543,1388143958,민간,14042,"경기도 안양시 동안구 전파로 88, 신원비젼타워 311호 (호계동)",,,,승인완료,,정상,1
E10011,대한이앤씨,20180501,1101111507057,2198125701,민간,13207,"경기도 성남시 중원구 사기막골로 124, 테크동 1401호 (상대원동)",,,,승인완료,,말소,1
E10012,(주)에스피이엔에스,20190530,1341110404545,2958700012,민간,16648,"경기도 수원시 권선구 산업로156번길 201, 401호 (고색동)",,안전진단전문기관,,승인완료,,정상,1
E10013,(주)동명기술공단종합건축사사무소,20180612,1101110037550,2048108919,민간,18459,"경기도 화성시 노작로4길 8, 4층 (반송동)",,,,승인완료,,정상,1
E10044,주식회사지오테크,20180323,1314110308140,1348717260,민간,15521,"경기도 안산시 상록구 건건로 131, 203호 (건건동, 현대월드프라자)",건설기술용역업,지하안전영향평가,,승인완료,,정상,1
E10045,(주)케이씨아이,20200206,1101110340127,2118157140,민간,38658,"경상북도 경산시 대학로 28, 201호(정평동)",,,,승인완료,,정상,1
E10046,(주)세종이엔씨,20180412,1601110231673,3148193315,민간,33351,"충청남도 청양군 정산면 정현길 47, 2층, (주)세종이엔씨",,,,승인완료,20191223,말소,1
E10047,(주)이도가컨설턴트,20191206,1101116862422,5148800981,민간,06784,"서울특별시 서초구 동산로 72, 5층 501호 (양재동)",,토목설계엔지니어링,,승인완료,,정상,1
E10048,(주)대평이엔씨,20180405,1101112672726,2148725033,민간,06248,"서울특별시 강남구 역삼로20길 9, 금천빌딩 2층 (역삼동)",,,,승인완료,,정상,1
E10049,(주)창설토목건축사사무소,20180620,1760110088599,5138182453,공공,39286,"경상북도 구미시 송정대로 50, 4층 (송정동)",,,,승인완료,20210317,말소,1
E10051,(주)고려기초연구소,20220411,1101110858138,2298109810,민간,13119,"경기도 성남시 수정구 복정로 27, 야정빌딩 4층 (복정동)",,,,승인완료,,정상,1
E10052,중앙컨설턴트(주),20180601,1101112761892,2118731652,민간,06296,"서울특별시 강남구 논현로38길 42, 다명빌딩 4층 (도곡동)",,,,승인완료,,말소,1
E10053,(주)에스티,20191108,2850110319447,8198700351,민간,10237,"경기도 고양시 일산서구 덕이로 30-28, 3H동 201호 (덕이동)",,,,승인완료,,정상,1
E10054,사단법인 한국지하안전협회,20200130,2401210029187,3258200133,민간,05818,"서울특별시 송파구 중대로 220, 국토빌딩 2층 202호 (가락동)",,,,승인완료,,말소,1
E10055,(주)하람이앤지,20180302,1101114969311,1198662022,민간,08504,"서울특별시 금천구 서부샛길 606, 514호 (가산동)",,,,승인완료,,정상,1
E10056,(주)한울이엔씨,20191220,1443110007369,2238113830,민간,25929,"강원도 삼척시 중앙로 214, 904호 (남양동)",,,,승인완료,,정상,1
E10058,주식회사 송암,20200210,1648110053772,3128616637,민간,34365,"대전광역시 대덕구 대화로106번길 66, 428호(대화동, 펜타플렉스) ",,지하수영향조사기관,,승인완료,,말소,1
E10059,(주)진산이엔지,20190312,1101112687999,2208654967,민간,14057,"경기도 안양시 동안구 시민대로 401, 대륭테크노타운 15차 1506호 (관양동)",,,,승인완료,,휴업,1
E10060,(주)알지오이엔지,20190611,1650110037060,3118140876,민간,31774,"충청남도 당진시 시청2로 6-5, 201호 (수청동)",,지하안전 전문기관,,승인완료,,말소,1
E10062,(주)조화엔지니어링,20180704,2141110003340,4188139966,민간,55365,"전북특별자치도 완주군 이서면 오공로 11-19, 1501호",,,,승인완료,,정상,1
E10063,주식회사 알파건설엔지니어링,20191008,1313110100902,1258190585,민간,17881,"경기도 평택시 평택2로 118, 201호 (비전동)",측량업,,,승인완료,,휴업,1
E10064,(주)혜안지반,20200310,1101115286623,2158787084,민간,15621,"경기도 안산시 상록구 감골2로 60, 2층 204호 (사동)",,,,승인완료,,정상,1
E10067,(주)삼안,20180508,1101110085517,2118125425,민간,13837,"경기도 과천시 별양상가3로 5, 6층 (주)삼안 (별양동)",,,,승인완료,,정상,1
E10068,주식회사 용두,20200403,1955110116545,6098196675,민간,50623,"경상남도 양산시 옥곡7길 16, 2층 201호 (남부동)",,,,승인완료,,정상,1
E10069,(주)한맥기술,20180122,1101111267875,2208129615,민간,31791,"충청남도 당진시 고대면 성산로 464, 0",,,,승인완료,,정상,1
E10071,주식회사 인우,20190731,2101110078991,4188137589,민간,55016,"전라북도 전주시 덕진구 아중천2길 39-5, (주)인우 (산정동)",,,,승인완료,20200923,정상,1
E10073,(주)쏘일테크엔지니어링,20180205,1101111755523,2298140164,민간,14056,"경기도 안양시 동안구 학의로 268, 107호",,,,승인완료,,정상,1
E10075,(주)본현,20200924,1341110544276,1898801367,민간,17885,"경기도 평택시 평택5로 80, 203호 (비전동)",,지질조사 및 탐사업,측량업,승인완료,,정상,1
E10076,주식회사 청목,20200720,1812110031498,6108121437,민간,44926,울산광역시 울주군 범서읍 울밀로 2310-8,,,,승인완료,,정상,1
E10077,(주)지암컨설턴트,20180517,1101111762445,3128146965,민간,13207,"경기도 성남시 중원구 사기막골로 124, 비즈센터 1016호 (상대원동)",,,,승인완료,,정상,1
E10078,주은이엔지(주),20200422,1649110031578,3638601582,민간,32440,"충청남도 예산군 예산읍 예산로164번길 22, 102호",,,,승인완료,20200812,정상,1
E10080,세왕이앤씨(주),20190902,1649110023806,3328600236,민간,14348,"경기도 광명시 새빛공원로 67, A동 1825호 (일직동, 광명역자이타워)",보링그라우팅공사업,엔지니어링사업자,,승인완료,,휴업,1
E10082,(주)장맥엔지니어링,20180423,1101111016206,2298117625,민간,31987,"충청남도 서산시 안견로 475, 2층 (갈산동)",,,,승인완료,,정상,1
E10083,(주)대진이엔지,20180312,1943110017590,6088163069,민간,46918,"부산광역시 사상구 모라로 22, 부산벤처타워 503호 (모라동)",,,,승인완료,,정상,1
E10084,(주)동아컨설턴트,20180430,1101110072093,1208100735,민간,16006,"경기도 의왕시 이미로 40, D동 601호 (포일동)",,,,승인완료,,정상,1
E10085,(주)한국건설정보연구원,20201027,1101115332335,2098160996,민간,01878,"서울특별시 노원구 초안산로 12, 창업보육실 527호(월계동,인덕대학교 창업지원단(창업보육센터)) (월계동)",,토질및지질,,승인완료,,정상,1
E10086,주식회사 세원씨앤이,20201012,1101117564506,4758801803,민간,05839,"서울특별시 송파구 충민로 52, 비동 1017,1018호 (문정동)",,,,승인완료,,정상,1
E10087,(주)정진이앤씨,20200923,2001110187306,4098179076,민간,58923,"전라남도 진도군 진도읍 남문길 52, 3층",,,,승인완료,,정상,1
E10089,(주)신우하이텍,20201015,1801110646399,6058190572,민간,47301,"부산광역시 부산진구 전포대로 242, 남경빌딩 5층 (전포동)",,,,승인완료,,정상,1
E10091,하나토목이엔지,20200929,1311110556539,8548701260,민간,13647,"경기도 성남시 수정구 위례광장로 21-6, 가동 503호 (창곡동)",,,,승인완료,,정상,1
E10092,(주)하나기술단,20201217,1101117572947,3268801501,민간,05854,"서울특별시 송파구 송파대로 201, A동 401호 송파테라타워2 (문정동)",,,,승인완료,,정상,1
E10093,천마기술단,20180405,1648110022579,3128153485,민간,31420,"충청남도 아산시 둔포면 윤보선로 517, 2동 101호",,건설기술용역업,,승인완료,,정상,1
E10095,주식회사 서현,20210715,1101113637133,1148657882,민간,08752,"서울특별시 관악구 양녕로1길 32, 1층 (봉천동)",,,,승인완료,,정상,1
E10096,하나이엔씨,20201116,2341110098983,8088701175,민간,50924,"경상남도 김해시 활천로15번길 22, 3층 (부원동)",,,,승인완료,,말소,1
E10097,(주)알에이엔지니어링,20210219,1201110492281,1318613351,민간,13558,"경기도 성남시 분당구 정자일로 158, 6층 606호 (정자동)","엔지니어링업(토질,지질)",지하안전영향평가,,승인완료,,정상,1
E10098,(주)거원엔지니어링,20210312,1801110266444,6218131518,민간,48252,"부산광역시 수영구 광일로29번길 68, 거원빌딩 (광안동)","측량업,환평,방재 등",엔지니어링-토질.지질,,승인완료,,정상,1
E10099,주식회사 비엔티엔지니어링,20210412,1101117697109,6888801637,민간,08591,"서울특별시 금천구 가산디지털1로 58, 711호 에이스한솔타워 (가산동)",,,,승인완료,,정상,1
E10100,(주)동우이엔텍,20200826,1101113949786,2148830950,민간,31774,충청남도 당진시 시청2로 6-5 (수청동),,,,승인완료,20210405,말소,1
E10101,(주)에프엠쏘일테크,20210518,1101113324079,2128173537,민간,05351,"서울특별시 강동구 양재대로114길 38, 3층 (길동)",,,,승인완료,,정상,1
E10102,(주)케이씨티엔지니어링,20210413,1201110901315,2278800845,공공,22007,"인천광역시 연수구 인천타워대로 323, 센트로드빌딩 B동 606호 (송도동)",,,,승인완료,,말소,1
E10103,(주)태성이엔씨,20210419,1601110350027,3148648436,민간,30152,"세종특별자치시 대평로 87, 603호 (대평동)",,지하안전영향평가,,승인완료,20210521,정상,1
E10104,이연이앤디,20210323,1358110411256,6638602064,민간,16225,"경기도 수원시 영통구 대학3로4번길 7, 103, 104호 (이의동)",,,,승인완료,,정상,1
E10105,(주)하이드로리튬,20180621,1101111125289,1388110821,민간,12774,경기도 광주시 오포읍 오포안로 46-10,,지하안전영향평가,,승인완료,,말소,1
E10107,(주)로우코리아,20210514,1101110824999,1128130524,민간,18014,"경기도 평택시 고덕여염로 118, 718호 (고덕동, 에스비씨비지니스센터 지식산업센터) (고덕동)",,,"측량업, 시설물유지관리업",승인완료,,정상,1
E10108,(주)계림엔지니어링,20190611,1643110004303,3088116220,민간,32718,충청남도 금산군 군북면 일흔이재로 429,,,,승인완료,,정상,1
E10109,(주)도촌이엔지,20200928,1101115853787,7018100155,민간,12982,"경기도 하남시 하남대로 947, 하남테크노밸리U1센터 A동1316호 (풍산동)",,,,승인완료,,정상,1
E10110,(주)신우엔지니어링,20180514,1345110132437,1428116955,민간,14118,"경기도 안양시 동안구 엘에스로 142, 302호, 303호(호계금정역 에스케이브이1센터) (호계동)",지하수영향평가,엔지니어링사업,건설기술용역업,승인완료,,정상,1
E10111,(주)동국엔지니어링,20200826,1612110042572,1118134395,민간,32512,"충청남도 공주시 정안면 정안중앙길 143, 2층",,건설기술용역업,,승인완료,,정상,1
E10112,(주)진이엔씨,20210707,1701110568181,3848600090,민간,38074,경상북도 경주시 유림로 53-12 (황성동),,,,승인완료,,정상,1
E10113,(주)덕인이엔씨,20180501,1101113167429,2158667136,민간,13201,"경기도 성남시 중원구 갈마치로 302, 우림5차A동 902,903호 (상대원동)",,,,승인완료,,정상,1
E10114,담덕엔지니어링(주),20210804,1101117562675,6908701759,민간,07281,"서울특별시 영등포구 선유로9길 10, sk v1 센터 1518호 (문래동6가)",,,,승인완료,,정상,1
E10115,주식회사 티에스이앤씨,20210825,2849110244415,8758101834,민간,10923,"경기도 파주시 중앙로 255, 2층 201호 (금촌동)",,,,승인완료,,정상,1
E10116,(주)한보엔지니어링,20210924,1101113422865,2068606381,민간,05610,"서울특별시 송파구 백제고분로39길 31, 201호 (석촌동)",,,,승인완료,,정상,1
E10117,(주)이노텍코리아,20211005,1801110764472,6038177632,민간,49415,"부산광역시 사하구 동매로 120, 304호 이노텍코리아 (하단동, 한신혜성아파트)",,,,승인완료,,정상,1
E10118,(주)지오미래이앤씨,20211019,1101113707853,1198199747,공공,08505,"서울특별시 금천구 디지털로 121, 에이스가산타워, 1503호 (가산동)",,,,승인완료,,정상,1
E10119,더포레,20211019,0000000000000,7380900563,민간,05044,"서울특별시 광진구 아차산로 375, 크레신타워3차 614호 (구의동)",,서비스업(토목설계),,승인완료,,정상,1
E10120,주식회사 지온이앤씨,20220303,1358110395658,2298141988,민간,14786,"경기도 부천시 소사구 부광로 220, 903호 (옥길동)",,,,승인완료,,정상,1
E10121,한동건설엔지니어링 주식회사,20211025,2052110008779,4088131860,민간,59602,"전라남도 여수시 율촌면 여순로 1038, 상가동205호 (동양엔파트)",,,,승인완료,,정상,1
E10122,주식회사 지원텍,20211110,1701110456584,5028616375,민간,42186,"대구광역시 수성구 무학로29길 15, 주식회사 지원텍 (지산동)",,,,승인완료,,정상,1
E10123,주식회사 진성엔지니어링,20211206,1801111338573,3678701994,민간,48060,"부산광역시 해운대구 APEC로 17, 2704호 (우동)",,,,승인완료,,정상,1
E10124,(주)에이티맥스,20191023,1101112755093,1048180042,민간,13112,"경기도 성남시 수정구 복정로 135, 5층 (복정동)",,,,승인완료,,말소,1
E10125,(주)케이이알,20200226,1101111643984,1128151418,민간,13840,"경기도 과천시 과천대로7나길 37, 801호 (갈현동)",,,,승인완료,,정상,1
E10126,(주)영진엔지니어링,20211231,2011110016166,4118127299,민간,58322,전라남도 나주시 우정로 106 (토담스타타워 A동 409호),,,안전진단,승인완료,,정상,1
E10127,(주)선우엔지니어링,20220111,1101115342813,8248800215,민간,08501,"서울특별시 금천구 가마산로 96, 1504호 (가산동)",,토목엔지니어링,,승인완료,,정상,1
E10128,주식회사 동양이엔지,20220128,1101114642074,2118863068,민간,05836,"서울특별시 송파구 법원로11길 11, A-313 (문정동)",,,,승인완료,,정상,1
E10129,주식회사 내경엔지니어링,20211230,1101110684715,1388110200,민간,14057,"경기도 안양시 동안구 시민대로 361, 제1동 4층 407호(관양동, 에이스평촌타워) (관양동)",,,,승인완료,,정상,1
E10130,(주)한국구조물안전연구원,20220211,2052110015964,4088146795,민간,05828,"서울특별시 송파구 송이로 147, (가락동, 정이품빌딩)",,안전진단전문기관,,승인완료,,정상,1
E10131,(주)이필지오텍,20220303,1101118154695,2088802371,민간,05855,"서울특별시 송파구 송파대로 167, B동 1209호 (문정동)",,,,승인완료,,정상,1
E10132,(주)에이스이엔지,20220211,1341110592168,7238602371,민간,14084,"경기도 안양시 만안구 덕천로152번길 25, B동 1515호 (안양동)",,토질지질분야,,승인완료,,정상,1
E10133,(주)아이리스테크놀로지,20220329,1101116978758,1228647333,민간,05006,"서울특별시 광진구 능동로 209, 대양AI센터 307호 (군자동) ",,,,승인완료,,정상,1
E10134,(주)태창기초,20220412,1601110049456,3148113062,민간,06315,"서울특별시 강남구 개포로22길 98, 정산빌딩 3층 (개포동)",,토질지질,,승인완료,,정상,1
E10135,(주)지앤텍솔루션,20191014,1412110090062,3498800771,민간,12248,"경기도 남양주시 다산중앙로 105-8, 602호(다산동,성산타워플레이스4) (다산동)",,,,승인완료,,정상,1
E10136,(주)신화지반,20220215,1101115070654,2048640331,민간,14059,"경기도 안양시 동안구 흥안대로427번길 57-2, 409 A호 (평촌동)",,"건설업, 토질지질",,승인완료,,정상,1
E10137,주식회사 은혜이앤지,20220624,1101115314424,1208807493,민간,16229,"경기도 수원시 영통구 창룡대로 260, 광교센트럴비즈타워 614호 (이의동)",,,,승인완료,,정상,1
E10138,주식회사 이지이엔씨,20220608,1101117635919,4488601904,민간,04919,"서울특별시 광진구 천호대로107길 16, 3층, 신풍빌딩 (중곡동)",,,,승인완료,,정상,1
E10139,(주)정인컨설턴트,20220519,1341110608189,3018702450,민간,14056,"경기도 안양시 동안구 학의로 282, 비동 13층 1327호 (관양동)",건설엔지니어링업,지하안전평가전문기관,,승인완료,,정상,1
E10140,디엠이엔씨(주),20220708,1101112240599,2018165298,민간,04969,"서울특별시 광진구 아차산로78길 44, 크레스코빌딩 1106호 (광장동)",,,,승인완료,,정상,1
E10141,주식회사 지디컨설턴트,20220719,1101118026547,8868702252,민간,05836,"서울특별시 송파구 법원로9길 26, 에이치비지니스파크 C동 1004호,1005호 (문정동)",,,,승인완료,,정상,1
E10143,주식회사 지성이앤씨,20220725,1101117808805,7248602210,민간,08588,"서울특별시 금천구 가산디지털2로 43-14, 1426호,1427호(가산한화비즈메트로2차) (가산동)",,,,승인완료,,정상,1
E10144,(주)예담이앤씨,20220719,1748110067771,5158148771,민간,38850,"경상북도 영천시 중앙동3길 20, 303호, 예담이앤씨 (문외동)",,,,승인완료,,정상,1
E10145,(주)동우티이씨,20190118,1101110373912,2188106981,민간,05660,"경기도 하남시 미사대로 510,431~435호(하남아이에스비즈타워)",,,,승인완료,20221026,말소,1
E10147,(주)지오비전,20220720,1341110214671,1388172152,민간,16006,"경기도 의왕시 성고개로 53, 525호 (포일동)",,,,승인완료,,정상,1
E10148,주식회사동양기술단,20220822,1601110167670,3058167230,민간,32989,"충청남도 논산시 시민로210번길 26, 주식회사 동양기술단 (내동)",,,,승인완료,,정상,1
E10149,주식회사 제이에스이앤씨,20220907,1345110498649,7848801935,민간,14118,"경기도 안양시 동안구 엘에스로 136, 금정역2차 에스케이 브이1 타워 A909,910,911호 (호계동)",,,,승인완료,,정상,1
E10150,(주)동서엔지니어링,20220114,1401110006202,2218104733,공공,24118,"강원도 화천군 화천읍 산수화로 50, 2층",,,,승인완료,,정상,1
E10151,해림기술단(주),20221026,1101113549940,2068611400,민간,04778,"서울특별시 성동구 왕십리로10길 9-14, 3층 해림기술단 (성수동1가)",,,,승인완료,,정상,1
E10152,(주)한국건설안전공사,20221025,1601110065395,3148120317,민간,34077,"대전광역시 유성구 북유성대로 219, 201호,202호 (지족동, 인앤인주상복합)",,,,승인완료,,정상,1
E10153,(주)나은티에스아이,20221111,1101112672362,1148624080,민간,06720,"서울특별시 서초구 효령로 304, 15층 1호 (서초동, 국제전자센터)",,,,승인완료,,말소,1
E10154,주식회사 한국건설환경연구원,20221111,1801110957506,6068662531,민간,46542,"부산광역시 북구 학사로17번나길 11, 수정빌딩, 401호 (화명동)",,엔지니어링서비스업,엔지니어링서비스업,승인완료,,휴업,1
E10155,(재)한국건설품질연구원,20221205,1146220009940,1208202536,민간,06052,서울특별시 강남구 논현로134길 11 (논현동),,,,승인완료,,정상,1
E10156,세명엔지니어링 주식회사,20221227,1101116454518,8118600705,민간,08511,"서울특별시 금천구 디지털로9길 65, 506호 (가산동)",,엔지니어링사업자,,승인완료,,정상,1
E10157,만승엔지니어링 주식회사,20221228,2001110547063,4258701363,민간,59689,"전라남도 여수시 시청동1길 17, 504호(학동, 센트럴타워)",,,,승인완료,,정상,1
E10158,(주)나우컨설턴트,20230113,1801110716481,6078194384,민간,46273,"부산광역시 금정구 금정로 251, 성림빌딩 5층 (구서동)",,,,승인완료,,정상,1
E10159,주식회사 씨오이엔지,20230118,1349110107721,7218801953,민간,14348,"경기도 광명시 일직로 72, 씨동 14층 1409, 1410호(일직동, 광명무역센터)",,,,승인완료,,정상,1
E10160,주식회사 창건이앤씨,20230315,1543110031415,3018619309,민간,27815,충청북도 진천군 이월면 진광로 946(서울특별시 서초구 효령로96 4층),,,,승인완료,,정상,1
E10161,엘티삼보 주식회사,20230210,1801110055722,6178108420,민간,48475,"부산광역시 남구 자성로 152, 문현동, 한일오피스텔 715호 (문현동)",,"토질지질,측량지적 외",토목건축공사업 외,승인완료,,정상,1
E10162,세성엔지니어링주식회사,20230222,1101117815842,2388601966,민간,07286,"서울특별시 영등포구 경인로71길 70, 906호 (문래동5가)",,엔지니어링업,지하수개발.이용시공업,승인완료,,정상,1
E10163,주식회사 비앤케이엔지니어링,20230125,1341110582789,2268154219,민간,31470,"충청남도 아산시 배방읍 희망로 32, 1637호(코아루웰메이드시티)",지질조사연구서비스,지하안전영향평가,,승인완료,,정상,1
E10164,아진엔지니어링,20230228,1801110259390,6058129422,민간,46918,"부산광역시 사상구 모라로 22, 701호 (모라동)",,,,승인완료,,정상,1
E10165,주식회사 디에스이앤씨,20230206,1713110035614,2158800987,민간,18478,"경기도 화성시 동탄역로 128, 2층 205-1호 (오산동)",,,,승인완료,,휴업,1
E10166,(주)강동엔지니어링,20230213,1353110001924,1388112232,민간,13368,"경기도 성남시 중원구 제일로 43, 402호 세종빌딩 (성남동)",,,,승인완료,,정상,1
E10167,(주)다솔이앤씨,20230309,1801111191806,7698801125,민간,46508,"부산광역시 북구 효열로 111, 309호 (금곡동, 부산지식산업센터)",,,,승인완료,,휴업,1
E10168,(주)해동기술개발공사,20230306,1748110013352,5158110902,민간,38623,"경상북도 경산시 중앙초등길 14, (중방동)",,,,승인완료,,정상,1
E10169,(주)덕천지앤오,20230328,2201110019026,6168118191,민간,63064,제주특별자치도 제주시 애월읍 광령평화2길 39,,,,승인완료,,휴업,1
E10170,성원기술개발 주식회사,20210510,2101110034688,4028144673,민간,55051,"전라북도 전주시 완산구 신봉4길 11, 성원빌딩 3층 (효자동1가)",해당없음,엔지니이링업,해당없음,승인완료,,정상,1
E10171,테스트전문기관2,20230412,0000000000000,1208122990,민간,10444,경기도 고양시 일산동구 일산로 100 (백석동),,,,승인완료,,정상,1
E10172,일신지질(주),20230411,1101110797196,6098119004,민간,51431,"경상남도 창원시 성산구 용지로 225, 롯데상가 403호 (용호동)",,,,승인완료,,정상,1
E10173,주식회사에스알이앤씨,20230413,2841110103592,1328605077,민간,12106,"경기도 남양주시 순화궁로 272, 비233 (별내동)",,지하안전평가,,승인완료,,정상,1
E10174,주식회사 지반,20230525,2001110384142,4088606390,민간,62050,"광주광역시 서구 풍금로 7, 6층 (풍암동)",,,,승인완료,,정상,1
E10175,보민글로벌주식회사,20180813,1341110501523,4328601030,민간,14118,"경기도 안양시 동안구 엘에스로 142, 606호 (호계동)",,,,작성중,,미승인,1
E10176,주식회사 중부구조안전기술단,20180720,1644110006886,3138120288,민간,31511,"충청남도 아산시 시민로 434-9, 2층 (온천동)",,,,승인완료,,정상,1
E10178,주식회사 에이치케이이앤씨,20230731,1801111065514,7018700609,민간,46220,"부산광역시 금정구 범어천로 31, 대영빌딩4층 (남산동)",,,,승인완료,,정상,1
E10179,(주)건주이앤씨,20230904,1345110414504,3258801473,민간,58713,"전라남도 목포시 터진목로 34, 1층 (산정동)",,,,승인완료,,정상,1
E10181,(주)SC엔지니어링,20230629,1955110193725,5718600302,민간,50813,"경상남도 김해시 인제로 230, 3층 (삼방동)",,,,승인완료,,정상,1
E10182,주식회사케이지오,20230714,2201110183813,3738101319,민간,63305,"제주특별자치도 제주시 연북로 724, 201호 (화북이동)",,,,승인완료,,정상,1
E10183,(주)예닮엔지니어링,20231110,1601110467806,2708600715,민간,32567,"충청남도 공주시 장기로 21-12, 202호 (금흥동)",,제2023-10호,,승인완료,,정상,1
E10184,주식회사 명성엔지니어링,20231129,2301110276038,7218700656,민간,44924,"울산광역시 울주군 범서읍 점촌3길 10-17, 5층",,,,승인완료,20240109,정상,1
E10185,다해이엔씨(주),20231220,1211110163071,1308630212,민간,21072,"인천광역시 계양구 서운산단로2길 88, 4층 다해이엔씨 (서운동)",,,,승인완료,,휴업,1
E10186,브니엘네이처주식회사,20240104,1201110185779,1318148215,민간,22647,"인천광역시 서구 원당대로 841, 6층 (원당동)",,,,승인완료,,정상,1
E10187,(주)하나엔지니어링,20240205,1341110136908,1388132029,민간,14057,"경기도 안양시 동안구 벌말로118번길 32, 5층 (관양동)",,,,승인완료,,정상,1
E10188,주식회사 쏠트이엔지,20240223,2850110532320,4828602937,민간,24415,"강원특별자치도 춘천시 지석로 89, 더퍼스트 1동203호 (석사동)",,엔지니어링사업자,,승인완료,,정상,1
E10189,성우구조안전연구소(주),20240201,1955110235428,5598801509,민간,50935,"경상남도 김해시 동김해안길 8, 3층 301호 (어방동)",,,,승인완료,,정상,1
E10190,(주)유화엔지니어링,20240314,1801111309087,6318602048,민간,46249,"부산광역시 금정구 중앙대로 1926, 909호 (구서동, 성원맨투로빌)",,,,승인완료,,정상,1
E10191,주식회사 명동엔지니어링,20240321,1201111283241,8018702703,민간,10381,"경기도 고양시 일산서구 중앙로 1576, 경기도 고양시 일산서구 중앙로 1576, 801~803호 (대화동, 태진빌딩)",,,,승인완료,,정상,1
E10192,하나엔지니어링(주),20240412,1349110133643,3578702808,민간,14202,"경기도 광명시 오리로 992, 402호 (광명동)",,,,승인완료,,정상,1
E10194,주식회사 지인이엔씨,20240502,1311110657949,4878802197,민간,13646,"경기도 성남시 수정구 위례광장로 19, 611호 (창곡동)",,,,승인완료,,정상,1
E10195,주식회사 동방이엔지,20240514,1801110749979,6218188914,민간,46208,"부산광역시 금정구 체육공원로 622, 2층 주식회사 동방이엔지 (두구동)",,,,승인완료,,정상,1
E10196,주식회사 정안엔지니어링,20240717,1313110201940,7378601013,민간,17902,"경기도 평택시 평택5로20번길 16, 송현프라자 502호 (합정동)",,서비스업,,승인완료,,정상,1
E10197,주식회사 지엔티,20240829,1601110292526,3148621117,민간,30152,"세종특별자치시 대평로 87, 604호 (대평동)",,,,승인완료,,정상,1
E10198,케이에이치건설(주),20241210,1101115794494,4248100184,민간,08503,"서울특별시 금천구 가산디지털1로 165, 1402호 (가산동)",,,,승인완료,,정상,1
E10199,(주)에이스디이씨,20241112,1341110472419,4548100813,민간,16976,"경기도 용인시 기흥구 기흥로 58-1, 에이동 2009호 (구갈동)",,,,승인완료,,정상,1
E10200,스마트이앤씨 주식회사,20241127,1401110071297,3998101024,민간,24341,"강원특별자치도 춘천시 강원대학길 1, 보듬관 801호 (효자동)",,,,승인완료,20241127,정상,1
E10201,주식회사 청명종합엔지니어링,20241204,1712110015949,5058113746,민간,38102,"경상북도 경주시 양정로252번길 11, 201호 (동천동)",,,,승인완료,20241210,정상,1
E10202,주식회사 이람이엔씨,20241223,1101118864723,8278603459,민간,07806,"서울특별시 강서구 공항대로 212, 1018호, 1019호 (마곡동)",,,,승인완료,,정상,1
E10203,(주)경진이엔씨,20240827,1701110703810,8078101054,민간,41254,"대구광역시 동구 동부로 70, 3층 (신천동)",,엔지니어링사업자,,승인완료,20241227,정상,1
E10204,다산시설안전원,20250305,0000000000000,1042267377,민간,62022,"광주광역시 서구 회재로 891, 5층 (금호동)",,"전문, 과학 및 기술","전문, 과학 및 기술서비",승인완료,,정상,1
E10205,(주)힐엔지니어링,20250225,1801110319988,6058137086,민간,47005,부산광역시 사상구 주감로 244 (주례동) 3층,,교량 및 터널 ,,승인완료,,정상,1
E10206,(주)정엔지니어링,20250304,1101111269152,2208118200,민간,24824,"강원특별자치도 속초시 중앙로 190, 712호 (동명동)",,,,승인완료,20250314,정상,1
E10207,주식회사 에스와이텍,20250312,1101112790031,2068181503,민간,02841,"서울특별시 성북구 안암로 145, 고려대학교 자연계캠퍼스 산학관 603-4호 (안암동5가)",,,,승인완료,,정상,1
E10208,광신이엔씨 주식회사,20230308,2046110003540,1098143659,민간,13477,"경기도 성남시 분당구 판교공원로3길 8, 데오스글로리빌딩 202호 (판교동)",,엔지니어링사업자,공공측량업 및 건설업,승인대기,,승인대기,1
E10209,주식회사 한성엔지니어링,20250502,2846110033997,5908603130,민간,11316,"경기도 동두천시 평화로 2405-3, 1층 (생연동)",,,지반조성포장공사업,승인대기,,승인대기,1
