sagoNo,sido,sigungu,sagoDetail,sagoDate,no
20180001,서울특별시,강남구,"열수송관(D600mm) 노후 손상으로 함몰 발생
(굴착복구 미흡분야로 관리)",20180301,1
20180002,서울특별시,송파구,상수관(？300mm)에서 분기된 소화전 연결관(？100mm) 동파로 누수되어 함몰발생,20180304,2
20180003,서울특별시,구로구,"KT 통신맨홀 슬라브 파손
(굴착복구 미흡분야로 관리)",20180311,3
20180004,서울특별시,영등포구,하수관로(D450㎜) 노후？파손으로 토사유실,20180313,4
20180005,서울특별시,영등포구,인근 공사차량(레미콘차) 중량에 의한 노후 하수박스 상판파손(하수박스 1946년 부설),20180327,5
20180006,서울특별시,영등포구,폐쇄된 빗물받이 연결관을 폐관처리 하지 않아 토사가 유실,20180328,6
20180007,서울특별시,도봉구,우수관로(D1000mm) 노후파손으로 인한 토사유입,20180425,7
20180008,서울특별시,강남구,공공하수관 노후 손상되어 토사 유실,20180426,8
20180009,서울특별시,용산구,하수관 연결부 이격으로 인한 토사유입,20180428,9
20180010,서울특별시,구로구,"지하철 7호선 공사시 설치한 가시설(H-beam)인접 다짐불량, 토류판 부식 등 장기침하로 인한 함몰",20180624,10
20180011,서울특별시,관악구,폐쇄되지 않은 폐 빗물받이연결관으로 토사 유실,20180717,11
20180012,서울특별시,중구,"상수도 이설구간 접합부(700mm에서 300mm로 분기)에서  외부 진동, 압력 등에 의한 파열로 누수 발생",20180717,12
20180013,서울특별시,강남구,굴착복구 다짐 미흡으로 인한 장기침하,20180815,13
20180014,서울특별시,종로구,상수도관 및 통신관 매설 시 하수관로 파손 추정,20180904,14
20180015,서울특별시,강북구,"주변 사각형거의 바닥 세굴 및 파손, 벽체 및 슬래브 노후화 심화",20180904,15
20180016,서울특별시,동작구,하수관과 맨홀 접속부 이음 불량으로 인한 도로침하,20181202,16
20180017,서울특별시,강서구,건축공사장 인입 상수도 맨홀 하중 등으로 하수관 처짐발생->하수가 공사장 내부로 토립자와 함께 유출되어 지반(보도)침하 발생,20181209,17
20180018,전북특별자치도,정읍시,농배수로관 노후로 인하여 지반 침하,20180102,18
20180019,광주광역시,광산구, 하수암거박스 파손에 의한 동공발생 및 지반침하,20180103,19
20180020,경상남도,사천시,오수맨홀 주변 토사 유실,20180112,20
20180021,충청북도,청주시 흥덕구, 하수관 파손에 의한 동공발생 및 지반침하,20180116,21
20180022,광주광역시,광산구, 하수관로 파손에 의한 동공발생 및 지반침하,20180122,22
20180023,광주광역시,광산구, 하수암거박스 파손에 의한 동공발생 및 지반침하,20180122,23
20180024,울산광역시,울주군,송유관로 매설을 위한 도로 횡단압입 굴착공사 중 싱크홀 발생,20180124,24
20180025,경기도,군포시,하수관로 교체작업 다짐불량으로 인하여 침하,20180125,25
20180026,부산광역시,해운대구,하수관 노후로 인한 하수누수에 따른 토사유실,20180126,26
20180027,강원특별자치도,원주시,상수관 손상,20180128,27
20180028,강원특별자치도,원주시,상수관 손상,20180128,28
20180029,강원특별자치도,원주시,상수관 손상,20180131,29
20180030,강원특별자치도,원주시,상수관 손상,20180201,30
20180031,충청북도,청주시 상당구, 하수관 파손에 의한 지반침하,20180201,31
20180032,경기도,부천시,하수관 파손으로 인한 토사 유출로 지반침하 발생,20180206,32
20180033,경기도,부천시,하수관로 파손에 따른 토사유실,20180206,33
20180034,충청북도,청주시 흥덕구, 연결관 불량에 의한 하수누수로 인한 지반 유실,20180207,34
20180035,광주광역시,광산구, 연결관 파손에 의한 동공발생 및 지반침하,20180209,35
20180036,경기도,부천시,하수관로 파손에 따른 토사유실,20180209,36
20180037,충청북도,청주시 흥덕구, 하수관 파손에 의한 동공발생 및 지반침하,20180219,37
20180038,부산광역시,수영구,"부산교통공사, 한전, 상수도 등 지하매설물 주변 다짐불량",20180220,38
20180039,경기도,부천시,다짐불량,20180221,39
20180040,경기도,부천시,하수관로 파손에 따른 토사유실,20180221,40
20180041,경기도,부천시,다짐불량에 따른 도로파손,20180221,41
20180042,경상남도,거제시,해안도로 호안옹벽 기초세굴에 따른 포장도로 지반 유실,20180226,42
20180043,충청북도,음성군,지하 공동피트 상부 슬래브 침하로 인한 인도 침하,20180301,43
20180044,경상남도,사천시,오수받이 연결배관 파손으로 주변토사 유실,20180302,44
20180045,강원특별자치도,원주시,상수관 손상,20180304,45
20180046,경기도,부천시,하수맨홀 내부 토사유실,20180305,46
20180047,부산광역시,중구,해빙기 잦은 우천에 따른 노면수 침투로 지하 내 토사유실로 추정,20180307,47
20180048,부산광역시,해운대구,하수관 노후화에 의한 관파손에 따른 토사유실,20180307,48
20180049,경기도,고양시 일산동구,하수관 손상,20180307,49
20180050,부산광역시,사하구,지하철공사구간으로 철골구조물 뺀자리에 다짐불량,20180308,50
20180051,경기도,부천시,하수관 파손으로 인한 토사 유출로 지반침하 발생,20180309,51
20180052,경기도,부천시,하수관로 파손에 따른 토사유실,20180309,52
20180053,충청북도,청주시 청원구,상수도관 파열에 의한 도로침하,20180310,53
20180054,강원특별자치도,강릉시,원인미상,20180312,54
20180055,경상남도,사천시,오수받이 주변 토사유실,20180312,55
20180057,경기도,부천시,하수맨홀 내부 토사유실,20180312,56
20180058,경기도,부천시,하수맨홀 내부 토사유실,20180312,57
20180059,대구광역시,남구,미군부대 캠프조지 ~ 캠프워커 간 비상급수관로의 통수시험 중 관로 누수에 따른 아스팔트포장 도로 파손,20180313,58
20180060,경기도,부천시,하수관 노후,20180313,59
20180061,경기도,부천시,지하철 공사 포장공사시 다짐불량 등으로 토사유실로 침하 발생,20180313,60
20180062,경기도,부천시,집수받이 연결관 파손,20180313,61
20180063,경기도,부천시,다짐불량에 따른 자전거도로 파손,20180313,62
20180064,전라남도,완도군,부동침하,20180315,63
20180065,경기도,부천시,하수관 노후,20180315,64
20180066,경기도,부천시,지하철 공사 포장공사시 다짐불량 등으로 토사유실로 침하 발생,20180315,65
20180067,경상북도,포항시 북구,도로 노후화 추정,20180316,66
20180068,부산광역시,연제구,150mm 상수관 일부 누수발생으로 도로침하 ,20180319,67
20180069,경기도,양주시,시공부실,20180319,68
20180070,강원특별자치도,원주시,다짐불량,20180321,69
20180071,충청북도,청주시 청원구, 연결관 불량에 의한 하수누수로 인한 지반 유실,20180322,70
20180072,전라남도,목포시,백련지구 택지개발 시 별도의 배수처리시설 미설치로 인한 지하수 유입,20180325,71
20180073,충청북도,청주시 청원구,연결관 노후에 의한 하수누수로 인한 지반 유실,20180326,72
20180074,전라남도,해남군,원인 불명,20180326,73
20180075,부산광역시,사하구,단순침하,20180328,74
20180076,울산광역시,울주군,상수관로 누수로 인한 토사 유실,20180328,75
20180077,강원특별자치도,원주시,다짐불량,20180329,76
20180078,부산광역시,부산진구,상수도관 균열에 따른 누수,20180329,77
20180079,세종특별자치시,-,오수관로 등 누수에 따른 토사유실,20180402,78
20180080,충청북도,청주시 청원구,연결관 노후에 의한 하수누수로 인한 지반 유실,20180402,79
20180081,전북특별자치도,전주시 완산구,하수관 노후에 의한 공동발생,20180402,80
20180082,경기도,부천시,기타,20180402,81
20180083,경상북도,경주시,노상토 부족 및 자연침하,20180403,82
20180084,부산광역시,사하구,수도관로 이음새 부분 누수,20180404,83
20180085,충청북도,청주시 청원구,연결관 노후에 의한 하수누수로 인한 지반 유실,20180404,84
20180086,광주광역시,광산구, 연결관 파손에 의한 동공발생 및 지반침하,20180405,85
20180087,경기도,화성시,흙막이 배면 지층(암)의 절리면 사이로 우수가 유입되어 마찰력감소로 인하여 흙막이 전도사고 발생.(2018.04.08),20180408,86
20180088,전북특별자치도,전주시 완산구,하수관 노후에 의한 공동발생,20180409,87
20180089,경상남도,김해시,도로 개설 공사로 이설한 상수관로의 압륜부 누수로 인하여 지반침하 발생(18. 4. 9. 13:10),20180409,88
20180090,부산광역시,동래구,통신맨홀 주변 마감 불량으로 인한 토사유실,20180411,89
20180091,광주광역시,광산구, 하수관로 파손에 의한 동공발생 및 지반침하,20180411,90
20180092,경상남도,사천시,오수관로 주변 토사유실,20180411,91
20180093,강원특별자치도,원주시,다짐불량,20180413,92
20180094,대구광역시,중구,노후 하수관 파손으로 인한 지반침하,20180414,93
20180095,경기도,여주시,우수에 의한 토사 유실,20180415,94
20180096,충청북도,청주시 청원구,연결관 노후에 의한 하수누수로 인한 지반 유실,20180417,95
20180097,대구광역시,중구,다짐 불량에 의한 지반침하,20180418,96
20180098,충청북도,옥천군,노후된 박스 구간 상부 침하,20180418,97
20180099,부산광역시,남구,하수관 손상 누수로 침하발생,20180419,98
20180100,대전광역시,서구,우수박스와 하수관접합부 마감불량 및 오수관 이탈로 인한 장기간 토사유출,20180419,99
20180101,충청북도,청주시 흥덕구, 하수관 파손 및 하수 누수로 지반유실 ,20180419,100
20180103,경상북도,영주시,우수관 누수,20180419,101
20180104,경기도,수원시 팔달구,지하철 공사 시 설치한 시트파일 사이 공간의 다짐불량으로 장기간 공극이 발생,20180419,102
20180105,부산광역시,연제구,700mm 상수관 일부 누수발생으로 도로침하,20180421,103
20180106,충청북도,제천시,우수관 연결을 위해 도로굴착 복구한 구간 침하,20180423,104
20180107,충청북도,청주시 청원구,타공사에 의한 이음부 단락 토사유입,20180424,105
20180108,강원특별자치도,고성군,노후 하수관 손상,20180427,106
20180109,광주광역시,광산구, 연결관 파손에 의한 동공발생 및 지반침하,20180427,107
20180110,강원특별자치도,원주시,상수관 손상,20180430,108
20180111,인천광역시,중구,수인선 노반신설공사 제6공구 인천역구간 굴착부분 다짐불량,20180430,109
20180112,부산광역시,해운대구,지하철 가시설 미철거로 인한 토사유실,20180501,110
20180113,충청북도,청주시 상당구,하수관 손상,20180501,111
20180114,전라남도,신안군,보수공사불량,20180501,112
20180115,충청북도,청주시 청원구,연결관 노후에 의한 하수누수로 인한 지반 유실,20180503,113
20180116,경상북도,포항시 남구,오피스텔 기초 지하연속벽(슬러리월) 누수로 인한   주변지하수 및 토사 유출로 도로 침하 발생,20180508,114
20180117,광주광역시,광산구, 하수관로 파손에 의한 동공발생 및 지반침하,20180509,115
20180118,광주광역시,광산구, 하수관로 파손에 의한 동공발생 및 지반침하,20180509,116
20180119,인천광역시,미추홀구,상수도관 누수로 인한 도로침하,20180509,117
20180120,경상북도,포항시 북구,다짐불량에 의한 침하발생,20180510,118
20180121,충청북도,청주시 청원구,타공사에 의한 이음부 단락 토사유입,20180511,119
20180122,광주광역시,북구, 맨홀 이음부내 마감부 미흡으로 발생한 것으로 의심,20180512,120
20180123,광주광역시,광산구, 하수암거박스 파손에 의한 동공발생 및 지반침하,20180514,121
20180124,충청북도,청주시 서원구,하수BOX 벽체 유실,20180514,122
20180125,충청북도,제천시,도로 우수관에 배수시설 연결부분이 침하,20180514,123
20180126,경상북도,상주시,명확하지 않음,20180515,124
20180127,경기도,용인시 처인구,노후 우수관과 맨홀 접합부 손상으로 누수 및 토사 유실,20180515,125
20180128,경기도,남양주시,우수관 파손,20180516,126
20180129,광주광역시,광산구, 연결관 파손에 의한 동공발생 및 지반침하,20180517,127
20180130,광주광역시,광산구, 연결관 파손에 의한 동공발생 및 지반침하,20180517,128
20180131,강원특별자치도,원주시,다짐불량,20180521,129
20180132,경상북도,영주시,횡배수관 누수,20180521,130
20180133,광주광역시,광산구, 하수암거박스 파손에 의한 동공발생 및 지반침하,20180525,131
20180134,충청북도,청주시 흥덕구, 하수관 파손 및 하수 누수로 지반유실 ,20180525,132
20180135,강원특별자치도,원주시,다짐불량,20180529,133
20180136,부산광역시,동래구,인근 아파트 배수시설 누수에 따른 침하 발생,20180530,134
20180137,부산광역시,사상구,관파손으로 인한 맨홀 주변부 토사 유실,20180530,135
20180138,대구광역시,수성구,폐쇄된 통신맨홀의 손궤로 인한 지반침하,20180530,136
20180139,충청북도,청주시 상당구,하수관 접합부 파손으로 토사유실 및 지반침하,20180530,137
20180140,충청북도,청주시 청원구,연결관 노후에 의한 하수누수로 인한 지반 유실,20180530,138
20180141,강원특별자치도,원주시,상수관 손상,20180531,139
20180142,충청북도,청주시 서원구,하수BOX 하부 헌치부 유실,20180531,140
20180143,충청북도,청주시 청원구,타공사에 의한 이음부 단락 토사유입,20180601,141
20180144,인천광역시,남동구,하수박스 증설로 인한 되메우기 미흡,20180603,142
20180145,세종특별자치시,-,농업용 송수관로 누수,20180604,143
20180146,경기도,부천시,노후 하수관과 맨홀 접합부 손상으로 토사 유실,20180604,144
20180147,경기도,부천시,노후 하수관 손상으로 토사 유실,20180604,145
20180148,광주광역시,광산구, 연결관 파손에 의한 동공발생 및 지반침하 ,20180605,146
20180149,전라남도,여수시,도시가스관로 매설구간 침하,20180605,147
20180150,인천광역시,중구,수인선 노반신설공사 제6공구 서해대로410번길 구간 굴착부분 다짐불량,20180605,148
20180151,충청북도,청주시 서원구,하수관로 노후,20180606,149
20180152,충청북도,청주시 서원구,관로 연결부 접속 불량,20180606,150
20180153,울산광역시,동구,하수박스 슬래브 파손 누수로 인한 토사 유실,20180607,151
20180154,충청북도,청주시 서원구,하수관로 내부 횡단하는 지장물과의 연결부 불량,20180607,152
20180155,전라남도,장성군,원인미상,20180607,153
20180156,인천광역시,서구,하수관 굴착공사  다짐불량 ,20180607,154
20180157,경기도,안양시 동안구,하수관 접합부위 파손에 따른 토사 유실,20180607,155
20180158,부산광역시,부산진구,인접 건축물 지하 터파기 후 되메우기 시 다짐불량 추정,20180608,156
20180159,경기도,용인시 기흥구,우수맨홀 내부 파손에 의한 토사유입,20180608,157
20180160,충청북도,청주시 상당구,우수관 파손으로 토사유실 및 지반침하,20180610,158
20180161,충청북도,청주시 서원구,하수관로 내부 횡단하는 지장물과의 연결부 불량,20180611,159
20180162,경기도,부천시,하수맨홀 노후,20180611,160
20180163,광주광역시,광산구, 연결관 파손에 의한 동공발생 및 지반침하,20180612,161
20180164,충청북도,청주시 청원구,타공사에 의한 이음부 단락 토사유입,20180612,162
20180165,경기도,수원시 팔달구,하수관 접합부 손상,20180613,163
20180166,충청북도,청주시 흥덕구, 하수관 파손 및 하수 누수로 지반유실 ,20180614,164
20180167,경상북도,영주시,우수관 누수,20180614,165
20180168,경기도,수원시 팔달구,하수관 접합부 손상,20180614,166
20180169,강원특별자치도,원주시,다짐불량,20180615,167
20180170,인천광역시,중구,지장물의 하수관 손상으로 인한 토사유실,20180615,168
20180171,강원특별자치도,원주시,다짐불량,20180618,169
20180172,인천광역시,부평구,노후 하수관 손상으로 누수,20180618,170
20180173,경기도,남양주시,우수관 파손,20180618,171
20180174,부산광역시,연제구,도로 하부 다짐불량 으로 인한 지반함몰,20180619,172
20180175,광주광역시,광산구, 하수관로 파손에 의한 동공발생 및 지반침하,20180619,173
20180176,경기도,동두천시,포장다짐 불량,20180619,174
20180177,광주광역시,광산구, 연결관 파손에 의한 동공발생 및 지반침하,20180620,175
20180178,전라남도,완도군,연약지반 구간으로서 도로시설공사 당시 연약지반 드레인공법으로 시공된 파이프의 내측이 침하되는 현상 발생,20180620,176
20180179,경상북도,포항시 북구,도로 노후화 추정,20180620,177
20180180,경기도,여주시,우수에 의한 토사 유실,20180620,178
20180181,충청북도,청주시 청원구,우수맨홀구조물 측부 싱크홀 및 일부 지반침하 발생,20180621,179
20180182,충청북도,충주시,우수관 이음부 불량,20180621,180
20180183,경상북도,영주시,우수관 누수,20180621,181
20180184,충청북도,충주시,우수관 파손,20180624,182
20180185,광주광역시,광산구, 하수관로 파손에 의한 동공발생 및 지반침하,20180625,183
20180186,충청북도,청주시 청원구,타공사에 의한 이음부 단락 토사유입,20180626,184
20180187,경기도,여주시,급수공사 후 지반침하,20180626,185
20180188,제주특별자치도,제주시,관로 공사 후 복구 불량 추정,20180627,186
20180189,제주특별자치도,제주시,집수정 연결 공사 시 관로 미연결 추정,20180627,187
20180190,경기도,용인시 수지구,오수맨홀 내부 파손에 의한 토사유입,20180627,188
20180191,경기도,부천시,하수관 노후,20180628,189
20180192,경기도,안양시 동안구,하수관 접합부위 파손에 따른 토사 유실,20180628,190
20180193,충청북도,청주시 상당구,도시계획도로 하수관 공사 구간 굴착부분 다짐 불량,20180630,191
20180194,경상북도,구미시,노후 하수관 접합부(관대관접합) 손상으로 누수 및 토사 유실,20180630,192
20180195,부산광역시,사하구,하수관로 파손,20180701,193
20180196,대전광역시,서구,오수관 파손 및 집중호우로 인한 단기간 다량의 토사유출,20180701,194
20180197,강원특별자치도,원주시,다짐불량,20180703,195
20180198,대전광역시,서구,오수관 접합부 마감불량으로 인한 장기간 토사유출,20180703,196
20180199,인천광역시,연수구,오수압송관로 파손,20180704,197
20180200,강원특별자치도,원주시,다짐불량,20180705,198
20180201,경상남도,진주시,폐수관로 파손,20180706,199
20180202,충청남도,공주시,시공불량(신규설치)으로 인한 배수관 누수로 지반이 약화됨,20180710,200
20180203,부산광역시,동래구,하천 수위변동에 따른 세립분 유출 및 매립층 침하로 도로 성토부 함몰,20180711,201
20180205,강원특별자치도,원주시,상수관 손상,20180712,202
20180206,경상북도,포항시 북구,도로 노후화 추정,20180712,203
20180207,경상북도,포항시 북구,도로 노후화 추정,20180712,204
20180208,전북특별자치도,정읍시,농배수로관 옆으로 농업용수 유입,20180713,205
20180209,광주광역시,북구, 맨홀 슬래브 노후화로 인한 파손,20180715,206
20180210,경기도,수원시 팔달구,"지하철 공사 시 설치한 가시설을 제거하지 않고 매몰하여
폐자재 사이에 빈 공간이 생겨 상부 지반의 토사가 장시간에
걸쳐 그 빈공간으로 흘러 내리면서 지반침하 발생",20180715,207
20180211,부산광역시,연제구,도로 하부 다짐불량 으로 인한 지반함몰,20180716,208
20180212,경기도,부천시,하수관로 파손에 따른 토사유실,20180716,209
20180213,인천광역시,중구,지장물의 하수관 손상으로 인한 토사유실,20180717,210
20180214,경기도,부천시,하수맨홀 노후,20180717,211
20180215,경기도,부천시,하수관로 파손에 따른 토사유실,20180717,212
20180216,경상북도,포항시 북구,도로 노후화 추정,20180718,213
20180217,부산광역시,수영구,측구균열 및 개인배수시설 누수로 인한 토사유실,20180719,214
20180218,부산광역시,연제구,도로 하부 다짐불량 으로 인한 지반함몰,20180720,215
20180219,전라남도,영광군,상수도 개량공사 구간 굴착부분 아스콘 다짐 불량,20180720,216
20180220,부산광역시,북구,"도시철도 건설 시 가시설 따라 한전지중선로BOX와 지하철 시설 토류벽 사이 폭 1m공간에 공동발생, 되메움부의 압밀 등에 의한 부등침하 추정",20180723,217
20180221,경상북도,청도군,"전력관, 통신관, 상수관, 오수관, 가스관 등 지하매설물 복합에 따른 동공 발생으로 잠정 결론",20180723,218
20180222,경기도,부천시,하수맨홀 노후,20180723,219
20180223,경기도,부천시,집수받이 연결관 파손,20180723,220
20180224,대구광역시,서구,상수관 손상,20180725,221
20180225,부산광역시,남구,잔류 침하,20180726,222
20180226,경기도,부천시,다짐불량,20180726,223
20180227,강원특별자치도,삼척시,석회암지대 동공발생 현상 추정,20180801,224
20180228,경기도,부천시,다짐불량,20180801,225
20180229,부산광역시,북구,아파트 내 사유 하수관로 파손에 따른 토사유출,20180802,226
20180230,부산광역시,부산진구,도시철도 공사 시 매몰된 흙막이 가시설인 토료판의 부식에 따른 공극 발생,20180806,227
20180231,강원특별자치도,원주시,상수관 손상,20180808,228
20180232,강원특별자치도,원주시,상수관 손상,20180809,229
20180233,광주광역시,광산구,연결관 파손에 의한 동공발생 및 지반침하,20180809,230
20180235,인천광역시,부평구,노후 상수관 누수 및 도로침하,20180810,231
20180236,경기도,구리시,하수관로 연결불량으로 토사 유실,20180811,232
20180237,광주광역시,북구, 하수암거박스 파손에 의한 동공발생 및 지반침하,20180812,233
20180238,경기도,부천시,하수맨홀 내부 토사 유실,20180812,234
20180239,경상남도,진주시,하수관로 파손,20180813,235
20180240,경기도,부천시,하수관 노후,20180815,236
20180241,경기도,고양시 일산서구,하수관 손상,20180816,237
20180242,경기도,용인시 기흥구,우수관 손상으로 누수 및 토사 유실,20180817,238
20180243,경상북도,상주시,가스관로 구간 침하,20180818,239
20180244,부산광역시,연제구,400mm 상수관 일부 누수발생으로 도로침하,20180821,240
20180245,전라남도,순천시,다짐 불량에 따른 도로 침하,20180821,241
20180246,경기도,부천시,다짐불량,20180822,242
20180247,전라남도,순천시,"되메우기 시 충분한 다짐이 되지 않은 상태로 아스콘 포장을 진행하여, 우기 및 장마철로 인한 지하수 유입이 많아짐에 따라 토사가 유실된 것으로 판단",20180824,243
20180248,충청북도,제천시,CCTV지지대가 세워진 인도블럭 토사유실되어 침하,20180828,244
20180249,광주광역시,남구,맨홀접합부 관로파손으로 토사가 세굴되어 도로침하 발생,20180829,245
20180250,광주광역시,동구,하수도 연결관 접합부 파손으로 인한 토사 세굴,20180829,246
20180251,경기도,수원시 팔달구,"지하철 공사 시 설치한 가시설을 제거하지 않고 매몰하여
폐자재 사이에 빈 공간이 생겨 상부 지반의 토사가 장시간에
걸쳐 그 빈공간으로 흘러 내리면서 지반침하 발생",20180829,247
20180252,강원특별자치도,원주시,다짐불량,20180831,248
20180253,충청북도,음성군,집중호우(9.3.)로 인한 유수로 싱크홀 발생,20180903,249
20180254,충청북도,단양군,기타 원인으로 인한 토사유실 추정,20180903,250
20180255,경기도,고양시 일산서구,하수관 손상,20180903,251
20180256,경기도,부천시,하수관 노후,20180903,252
20180257,경기도,부천시,다짐불량,20180903,253
20180258,충청북도,제천시,상수관 누수로 지반침하,20180904,254
20180259,충청북도,제천시,보도블럭 침하(원인미상),20180907,255
20180260,경기도,부천시,다짐불량,20180907,256
20180261,대전광역시,서구,오수관 상단부 파손으로 인한 장기간 토사유출,20180908,257
20180262,경상남도,창원시 의창구,노후 하수관 손상으로 누수 및 토사 유실,20180910,258
20180263,경기도,부천시,다짐불량,20180910,259
20180264,강원특별자치도,원주시,상수관 손상,20180911,260
20180265,경기도,부천시,다짐불량,20180911,261
20180266,경기도,부천시,하수관 노후,20180912,262
20180267,경기도,부천시,하수관 노후,20180912,263
20180268,경기도,부천시,원인미상의 토사유실,20180912,264
20180269,경기도,부천시,다짐불량,20180912,265
20180270,울산광역시,남구,"산, 알카리로 오염된 지하수로 인해 스팀배관
손상사고 발생",20180913,266
20180271,광주광역시,광산구,하수관로 파손에 의한 동공발생 및 지반침하,20180914,267
20180272,울산광역시,울주군,연약지반과 파랑 및 조력에 의한 매립토의 흡출로 공동발생,20180914,268
20180273,경기도,부천시,다짐불량,20180920,269
20180274,경기도,부천시,개인하수도 연결관 손상으로 인한 토사 유실,20180920,270
20180275,경기도,여주시,급수공사 후 도로침하,20180921,271
20180276,경기도,부천시,다짐불량,20180924,272
20180277,경기도,부천시,다짐불량,20180926,273
20180279,강원특별자치도,원주시,상수관 손상,20180928,274
20180280,전라남도,장성군,원인미상,20181001,275
20180281,강원특별자치도,원주시,상수관 손상,20181004,276
20180282,세종특별자치시,-,우수관로 파손 및 누수에 의한 토사유실,20181005,277
20180283,울산광역시,동구,하수관로파손,20181007,278
20180284,전북특별자치도,고창군,하수관거 다짐 불량으로 침하,20181008,279
20180285,강원특별자치도,원주시,상수관 손상,20181009,280
20180286,경기도,수원시 팔달구,"지하철 공사 시 설치한 가시설을 제거하지 않고 매몰하여
폐자재 사이에 빈 공간이 생겨 상부 지반의 토사가 장시간에
걸쳐 그 빈공간으로 흘러 내리면서 지반침하 발생",20181010,281
20180287,강원특별자치도,원주시,상수관 손상,20181012,282
20180288,경기도,부천시,다짐불량,20181014,283
20180289,강원특별자치도,원주시,상수관 손상,20181015,284
20180290,경기도,광주시,하수관 손상,20181015,285
20180291,경기도,부천시,다짐불량,20181019,286
20180292,경기도,부천시,다짐불량,20181021,287
20180293,강원특별자치도,속초시,인접공사장 차수벽 부실,20181024,288
20180294,강원특별자치도,속초시,인접공사장 차수벽 부실,20181024,289
20180295,경상북도,경주시,상하수관공사 부실,20181101,290
20180296,경상북도,경주시,상하수관공사 부실,20181101,291
20180297,강원특별자치도,원주시,굴착공사 부실,20181106,292
20180298,충청남도,아산시,국도21호 노후 종배수관 접합부 손상으로 토사 유실,20181106,293
20180299,부산광역시,사하구,원인불명의 지반침하,20181108,294
20180301,경기도,여주시,관로공사 후 포장미복구로 인한 침하,20181126,295
20180302,경기도,여주시,급수공사 후 포장미복구로 인한 침하,20181126,296
20180303,충청북도,청주시 흥덕구,노후하수관로에 따른 지반침하,20181127,297
20180304,강원특별자치도,원주시,상수관 손상,20181129,298
20180305,강원특별자치도,삼척시,석회암지대 동공발생 현상 추정,20181201,299
20180306,강원특별자치도,원주시,상수관 손상,20181201,300
20180307,경상북도,경주시,맨홀 주변 단차 및 횡단 관로 침하(33개소),20181201,301
20180308,경상북도,경주시,맨홀 주변 침하(20개소),20181201,302
20180309,경상북도,경주시,맨홀 주변 침하,20181201,303
20180310,강원특별자치도,원주시,상수관 손상,20181205,304
20180311,부산광역시,금정구,"도로 함몰 부는 ‘사직·장전분구 하수관로 사업(BTL)’ 구간으로 기존의 우수박스로 인해 오수관을 비굴착 압입하였으며, 오수관로 작업 후 토사 유실로 인해 도로 함몰된 것으로 추정",20181205,305
20180312,경상남도,김해시,노후 하수관과 맨홀 접합부 손상 및 기타매설물 손상(통신관),20181206,306
20180313,강원특별자치도,고성군,기타 매설물의 요인으로 도로침하,20181210,307
20180314,부산광역시,기장군,설치년도 불분명한(40년이상 추정) 노후 하수박스 상부슬래브 및 벽체 붕괴,20181213,308
20180315,경상북도,경산시,전력관로 공사 후 굴착부분 다짐불량,20181214,309
20180316,경기도,남양주시,우수관로 파손,20181218,310
20180317,강원특별자치도,고성군,기타 매설물의 요인으로 도로침하,20181221,311
20180318,강원특별자치도,원주시,상수관 손상,20181222,312
20180319,경기도,수원시 팔달구,"지하철 공사 시 설치한 가시설을 제거하지 않고 매몰하여
폐자재 사이에 빈 공간이 생겨 상부 지반의 토사가 장시간에
걸쳐 그 빈공간으로 흘러 내리면서 지반침하 발생",20181222,313
20180320,강원특별자치도,강릉시,파랑에 의한 지반 교란으로 판단 됨,20181231,314
20180321,강원특별자치도,강릉시,토탄층에 의한 지반침하로 판단 됨,20181231,315
20180322,충청남도,공주시,초과하중으로 인한 흄관 및 도로 파손,20180711,316
20180323,광주광역시,동구,다짐불량으로 인한 토사세굴 추정,20180303,317
20180324,광주광역시,동구,다짐불량으로 인한 토사세굴 추정,20180409,318
20180325,광주광역시,동구,다짐불량으로 인한 토사세굴 추정,20180511,319
20180326,제주특별자치도,제주시,내부 지반 유실 추정,20180614,320
20180327,제주특별자치도,제주시,집수정 우수 유입 추정,20180706,321
20180328,충청북도,청주시 청원구,타공사(간접원인)에 의한 이음부 단락(직접원인) 토사유입,20180310,322
20180329,충청북도,청주시 청원구,타공사(간접원인)에 의한 이음부 단락(직접원인) 토사유입,20180322,323
20180330,충청북도,청주시 청원구,연결관 노후에 의한 하수누수로 인한 지반 유실,20180326,324
20180331,충청북도,청주시 청원구,연결관 노후에 의한 하수누수로 인한 지반 유실,20180402,325
20180332,충청북도,청주시 청원구,연결관 노후에 의한 하수누수로 인한 지반 유실,20180404,326
20180333,충청북도,청주시 청원구,연결관 노후에 의한 하수누수로 인한 지반 유실,20180417,327
20180334,충청북도,청주시 청원구,타공사(간접원인)에 의한 이음부 단락(직접원인) 토사유입,20180424,328
20180335,충청북도,청주시 청원구,연결관 불량에 의한 하수누수로 인한 지반 유실,20180503,329
20180336,충청북도,청주시 청원구,타공사(간접원인)에 의한 이음부 단락(직접원인) 토사유입,20180511,330
20180337,충청북도,청주시 서원구,하수BOX 벽체 유실,20180514,331
20180338,충청북도,청주시 청원구,타공사(간접원인)에 의한 이음부 단락(직접원인) 토사유입,20180530,332
20180339,충청북도,청주시 서원구,하수BOX 헌치부 유실,20180531,333
20180340,충청북도,청주시 청원구,타공사(간접원인)에 의한 이음부 단락(직접원인) 토사유입,20180601,334
20180341,충청북도,청주시 서원구,하수BOX내부를 관통하는 지장물과의 연결부 불량,20180607,335
20180342,충청북도,청주시 서원구,하수BOX내부를 관통하는 지장물과의 연결부 불량,20180611,336
20180343,충청북도,청주시 청원구,타공사(간접원인)에 의한 이음부 단락(직접원인) 토사유입,20180612,337
20180344,충청북도,청주시 청원구,노후화(간접원인)에 의한 관파손(직접원인) 토사유입,20180626,338
20190001,서울특별시,강서구,"노후하수관(1,200mm)손상 및 연결관 접속부 미폐쇄 조치로 지반침하 발생",20190424,339
20190002,경상남도,김해시,"기타(연약지반침하)
* 부산외곽순환고속도로 진영IC 진출입로 개설후 동반침하발생",20190102,340
20190005,인천광역시,부평구,지하수유출,20190118,341
20190006,광주광역시,광산구,하수관 손상,20190124,342
20190008,세종특별자치시,-,"굴착에 따른 지하수 유동과 적용공법 특수성, 전석지반으로 다수 공극 및 흙막이 공사시 유수유입",20190131,343
20190009,전라남도,해남군,원인 불명,20190201,344
20190010,전라남도,해남군,원인 불명,20190201,345
20190011,인천광역시,부평구,지하수유출,20190206,346
20190012,인천광역시,부평구,지하수유출,20190208,347
20190013,경기도,고양시 덕양구,하수관 손상,20190212,348
20190014,경기도,부천시,굴착공사 시 다짐부족,20190213,349
20190015,경상남도,양산시,원도심 지반침하로 인한 영향으로 추정,20190306,350
20190016,경상남도,양산시,원도심 지반침하로 인한 영향으로 추정,20190306,351
20190017,경상남도,양산시,원도심 지반침하로 인한 영향으로 추정,20190306,352
20190018,경상남도,양산시,원도심 지반침하로 인한 영향으로 추정,20190306,353
20190019,경상남도,양산시,원도심 지반침하로 인한 영향으로 추정,20190306,354
20190020,경상남도,양산시,원도심 지반침하로 인한 영향으로 추정,20190306,355
20190021,경상남도,양산시,원도심 지반침하로 인한 영향으로 추정,20190307,356
20190022,경상남도,양산시,양산시2청사 주변 인근공사에 따른 침하로 추정,20190312,357
20190023,광주광역시,남구,원인불명,20190315,358
20190024,경상남도,양산시,연약지반으로 인한 지하수위 저하로 추정,20190315,359
20190025,경기도,화성시,"기타(하자보수 기간 후, 자연 침하)",20190315,360
20190026,경기도,화성시,다짐(되메우기) 불량,20190318,361
20190027,광주광역시,광산구,맨홀 접합부 손상,20190320,362
20190029,부산광역시,사하구,  하수관 접합부 불량으로 인한 토사유출,20190321,363
20190030,경기도,부천시,다짐불량,20190321,364
20190031,경상남도,거제시,사각맨홀 뚜껑노후로 침하 발생,20190328,365
20190032,경상남도,양산시,원도심 지반침하로 인한 영향으로 추정,20190328,366
20190033,경상남도,양산시,원도심 지반침하로 인한 영향으로 추정,20190328,367
20190034,경상남도,양산시,원도심 지반침하로 인한 영향으로 추정,20190328,368
20190035,부산광역시,동래구,노후하수관 파손에 의한 박스부 토사유실,20190403,369
20190036,경상남도,양산시,"원도심 지반침하로 인한 영향(종합운동장, 실내체육관 구조물과 바닥경계부 틈발생 및 보도블럭 침하)",20190403,370
20190037,경상남도,양산시,원도심 지반침하로 인한 영향으로 추정,20190404,371
20190038,광주광역시,광산구,맨홀 접합부 손상,20190405,372
20190039,경상남도,김해시,연약지반의 자연 침하 및 인접 아파트 굴착공사,20190405,373
20190040,충청남도,당진시,열(수증기) 공급관로 노후로 인한 누수 발생 ,20190406,374
20190041,경상남도,양산시,원도심 지반침하로 인한 영향으로 추정,20190408,375
20190042,경기도,부천시,상수도 공사시 다짐이 충분하지 않았던 것으로 판단,20190410,376
20190043,경기도,남양주시,다짐(되메우기) 불량,20190410,377
20190044,부산광역시,동래구,하수박스 벽체부 파손으로 인한 토사유실,20190411,378
20190045,대전광역시,서구,하수관 손상,20190412,379
20190046,경상남도,양산시,원도심 지반침하로 인한 영향으로 추정,20190415,380
20190047,경상남도,양산시,원도심 지반침하로 인한 영향으로 추정,20190415,381
20190048,충청북도,청주시 상당구,하수관 파손에 의한 침하,20190416,382
20190049,경상남도,양산시,원도심 지반침하로 인한 영향으로 추정,20190416,383
20190050,경상남도,양산시,원도심 지반침하로 인한 영향으로 추정,20190416,384
20190051,광주광역시,광산구,하수관 손상,20190418,385
20190052,부산광역시,강서구,인접 건축공사장의 지하터파기로 인한 지하수 유출로 인접도로 지반침하 발생,20190422,386
20190053,경기도,화성시,다짐(되메우기) 불량,20190422,387
20190054,부산광역시,동래구,하수박스 벽체부 파손으로 인한 토사유실,20190423,388
20190055,경상남도,김해시,우수맨홀 내부 관 접합부 파손으로 토사 유실,20190424,389
20190057,경기도,부천시,인근 하수 박스 공사시 다짐이 충분하지 않았던 것으로 판단됨,20190502,390
20190058,경기도,고양시 덕양구,하수관 손상,20190503,391
20190059,경기도,부천시,맨홀 하부 파손에 따른 토사유출,20190503,392
20190060,충청북도,청주시 청원구,하수관 손상,20190507,393
20190061,경기도,고양시 덕양구, 하수관 손상,20190508,394
20190062,경기도,고양시 덕양구, 하수관 손상,20190510,395
20190063,부산광역시,사하구,  오수관로 파손,20190511,396
20190064,대전광역시,대덕구, 하수관 파손 및 하수 누수로 지반유실 ,20190511,397
20190065,부산광역시,동래구,하수박스 벽체부 파손으로 인한 토사유실,20190513,398
20190067,경기도,고양시 일산서구,하수관 손상,20190514,399
20190070,울산광역시,울주군,하수관로 노후에 따른 부식으로 누수발생 및 토사유실,20190519,400
20190071,인천광역시,중구,다짐불량에 의한 지반침하,20190520,401
20190072,대전광역시,동구,상수관 손상,20190522,402
20190073,대전광역시,중구,하수관 손상,20190522,403
20190074,경기도,부천시,다짐불량,20190522,404
20190075,경기도,고양시 일산동구,하수관 손상,20190523,405
20190076,경기도,고양시 일산서구,하수관 손상,20190523,406
20190077,대구광역시,달서구, 노후상수도관 누수에 따른 지반침하,20190524,407
20190078,대전광역시,대덕구,하수관로 노후화로 인한 이음부 파손,20190526,408
20190079,대전광역시,서구,하수관 손상,20190527,409
20190080,경상남도,김해시,우수박스 크랙 발생으로 토사 유실,20190527,410
20190082,광주광역시,동구, 다짐불량으로 인한 토사세굴 추정,20190530,411
20190083,강원특별자치도,속초시,하수관 손상으로 인하여 토사 유실에 따른 지반 침하 발생,20190531,412
20190084,경상남도,양산시,원도심 지반침하로 인한 영향으로 추정,20190531,413
20190086,광주광역시,광산구,하수관 손상,20190604,414
20190087,경상남도,양산시,원도심 지반침하로 인한 영향으로 추정,20190604,415
20190088,경상남도,진주시,하수관로 부식,20190604,416
20190089,대전광역시,동구,연결관 파손으로 인한 지반침하,20190605,417
20190090,경기도,고양시 덕양구,하수관 손상,20190605,418
20190091,경기도,부천시,하수맨홀 연결접합 불량으로 인한 토사유실,20190605,419
20190092,강원특별자치도,강릉시,하수관 손상,20190607,420
20190094,대전광역시,유성구,하수관 손상,20190608,421
20190096,경상남도,양산시,원도심 지반침하로 인한 영향으로 추정,20190611,422
20190097,경기도,고양시 일산서구,하수관 손상,20190611,423
20190099,광주광역시,광산구,하수관 손상,20190612,424
20190102,광주광역시,광산구,빗물받이 연결관 손상,20190614,425
20190103,광주광역시,서구,우수관 연결부 파손,20190614,426
20190104,경기도,부천시,전기배선 하부 다짐불량으로 발생한 것으로 판단됨,20190614,427
20190108,경상남도,진주시,하수관로 파손,20190616,428
20190109,대구광역시,수성구,노후하수관(D450) 손상,20190617,429
20190112,부산광역시,해운대구,"지하철 공사용 매몰 토류판 부식부를 통해
 토사유출 추정",20190620,430
20190115,광주광역시,동구,하수관 손상으로 인한 토사세굴 추정,20190620,431
20190117,부산광역시,동래구,노후 하수관 파손에 의한 토사유실,20190622,432
20190118,경기도,화성시,"기타(하자보수 기간 후, 자연 침하)",20190622,433
20190119,경기도,의왕시,다짐 불량,20190623,434
20190121,충청북도,청주시 상당구,하수관 파손에 의한 침하,20190624,435
20190122,충청북도,청주시 상당구,하수관 파손에 의한 침하,20190625,436
20190123,경상남도,창원시 진해구,도시가스 관로교차점 채움 모래 침하,20190625,437
20190124,인천광역시,계양구,하수맨홀 불량으로 인한 동공 발생,20190625,438
20190125,경기도,부천시,가스배관 철판하부 및 엘보구간 다짐불량으로 인한 모래유실(모래층 다 파도 ,20190625,439
20190126,경기도,부천시,하수관 손상에 따른 토사 유실,20190625,440
20190127,부산광역시,영도구,상수도관(200mm) 파손으로 토사유실,20190627,441
20190128,경기도,남양주시,노후로 인한 집수정 손상,20190627,442
20190129,전라남도,완도군,다짐불량으로 인한 지반침하,20190629,443
20190130,경기도,부천시,개인배수설비불량,20190629,444
20190131,경기도,하남시,다짐 불량,20190629,445
20190133,제주특별자치도,제주시,하수도관 파손,20191105,446
20190134,제주특별자치도,제주시,우수관(BOX) 파손,20191107,447
20190135,대전광역시,유성구,하수관 손상,20190717,448
20190136,대전광역시,서구,하수관 손상,20190718,449
20190137,대전광역시,서구,하수관 손상,20190719,450
20190138,대전광역시,중구,하수관 손상,20190724,451
20190139,대전광역시,동구,하수관 손상,20190812,452
20190140,대전광역시,서구,하수관 손상,20190814,453
20190141,대전광역시,동구,기타매설물 손상,20190828,454
20190142,대전광역시,서구,하수관 손상,20190830,455
20190143,대전광역시,중구,하수관 손상,20190916,456
20190144,대전광역시,동구,기타매설물 손상,20191010,457
20190145,대전광역시,중구,하수 벽체 손상,20191014,458
20190146,대전광역시,중구,하수관 손상,20191024,459
20190147,부산광역시,북구,토압에 의한 하수관로 이음새 파손 부분에 발생한 토사유실,20190707,460
20190148,부산광역시,남구,하수도관의 파손으로 인한 토사유실,20190711,461
20190149,부산광역시,금정구,하수박스 벽체 점검구 토사 유실,20190804,462
20190150,부산광역시,사상구,측구 주변부 토사유실,20190810,463
20190151,부산광역시,서구,노후(폐)하수도관 토사유입으로 인한 함몰 발생,20190814,464
20190152,강원특별자치도,원주시,"우수관로(1,000mm) 파손으로 인한 도로침하",20190707,465
20190153,강원특별자치도,원주시,알수없음,20190729,466
20190154,강원특별자치도,강릉시,상수관 손상,20191129,467
20190155,경기도,부천시,상수도 누수로 인한 토사 유실,20190701,468
20190156,경기도,부천시,하수도 맨홀 연결관 접합부 부실로 인한 토사유실,20190701,469
20190157,경기도,안양시 만안구,맨홀 접합부 파손,20190701,470
20190158,경기도,의왕시,기타매설물 침하,20190701,471
20190159,경기도,고양시 덕양구,맨홀 시공 불량,20190702,472
20190160,경기도,고양시 일산동구,하수관 손상으로 인하여 침하,20190703,473
20190161,경기도,구리시,개인하수관로 파손으로 인한 토사유실,20190704,474
20190162,경기도,의왕시,기타매설물 침하,20190715,475
20190163,경기도,고양시 덕양구,맨홀 파손,20190722,476
20190164,경기도,의왕시,통신관로 침하,20190724,477
20190165,경기도,구리시,하수관로 손상에 의한 토사유출,20190725,478
20190166,경기도,부천시,굴착결과 특이사항 없었음. 건물 앞 기초부분 밑으로 유실된것으로 추정,20190813,479
20190167,경기도,고양시 덕양구,도로다짐 불량,20190822,480
20190168,경기도,의정부시,하수관 손상,20190911,481
20190169,경기도,고양시 일산서구,하수관 파손으로 인한 토사 유실,20190926,482
20190170,경기도,의왕시,하수관로 침하,20191001,483
20190171,경기도,양주시,도시가스관 연결작업후 다짐(되메우기) 불량으로 인하여 침하,20191017,484
20190172,경기도,양주시,도시가스관 연결작업후 다짐(되메우기) 불량으로 인하여 침하,20191017,485
20190173,경기도,부천시,하수관 손상으로 인하여 침하,20191018,486
20190174,경기도,안양시 만안구,하수관로 연결부위 파손,20191104,487
20190175,경기도,동두천시,도시가스관 공사후 다짐불량 으로 인한 땅꺼짐,20191115,488
20190176,경기도,고양시 덕양구,건축공사중 흙막이 벽체 내로 외부지하수 유출로 인한 지반침하 발생,20191221,489
20190177,경기도,수원시,개인 배수설비 파손,20191225,490
20190178,경기도,부천시,상수도 누수로 인한 토사 유실,20191226,491
20190179,경기도,이천시,전력관로공사 부실,20191226,492
20190180,경상남도,김해시,연약지반 개량공사 미실시,20190630,493
20190181,경상남도,창원시 의창구,노후 하수관 손상으로 누수 및 토사 유실,20190819,494
20190182,경상북도,포항시 남구,배수관 이음부 누수로 인한 토사 유출로 추정,20191003,495
20190183,광주광역시,남구,맨홀접합부 관로파손으로 인한 도로침하 및 동공발생,20190725,496
20190184,광주광역시,광산구,하수관로 파손에 의한 동공발생 및 지반침하,20190731,497
20190185,광주광역시,광산구,하수관로 파손에 의한 동공발생 및 지반침하,20190805,498
20190186,광주광역시,서구,하수 BOX와 연결된 흄관 접합부 이탈로 침하 발생,20190828,499
20190187,광주광역시,광산구,하수관로 파손에 의한 동공발생 및 지반침하,20191002,500
20190188,광주광역시,광산구,하수관로 파손에 의한 동공발생 및 지반침하,20191011,501
20190189,광주광역시,광산구,하수관로 파손에 의한 동공발생 및 지반침하,20191014,502
20190190,광주광역시,광산구,하수관로 파손에 의한 동공발생 및 지반침하,20191015,503
20190191,광주광역시,광산구,하수관로 파손에 의한 동공발생 및 지반침하,20191119,504
20190192,대구광역시,달성군,다수의 지하매설물 시공으로 인한 되메우기 시 다짐 불량에 따른 느슨한 지반이 형성된 상태로 집중호우로 과다한 우수유입 등으로 유로가 형성되면서 동공이 확장되어 발생,20190915,505
20190193,서울특별시,강서구,굴착원인조사 결과 원인불명(굴착복구 불량 추정),20190726,506
20190194,서울특별시,중구,노후하수관-하수맨홀 연결부 파손으로 지반침하,20190801,507
20190195,서울특별시,성동구,노후하수관(900mm) 개량공사 중 집중호우(35mm/hr)로 임시 연결부 이격으로 지반침하,20190804,508
20190196,서울특별시,성동구,노후상수도관(150mm) 부식에 의한 상수도누수로 지반침하,20190806,509
20190197,서울특별시,성동구,기존 하수관로 미철거구간 노후 및 손괴,20190812,510
20190198,서울특별시,영등포구,지하보도 출입구 #2 현장 가시설 배면 구간에서 집중호우로 인한 토사가 급격히 현장 내로 유입되면서 보도침하 및 매설관로 침하 발생,20190905,511
20190199,서울특별시,서초구,하수관로(D1200) 이음부 이격으로 인한 토사 유실로 추정,20190909,512
20190200,서울특별시,동작구,굴착원인조사 결과 원인불명(장기침하 추정),20190910,513
20190201,서울특별시,영등포구,구조물 주변 다짐불량 등으로 인한 장기 압밀침하 추정,20190915,514
20190202,서울특별시,종로구,차량진동에 의한 상수도관 누수로 지반침하 발생,20190920,515
20190203,서울특별시,강서구,건축물로 연결되는 오수관로 분기 접합부 파손에 따른 오수 누수 및 파손부위로 토사가 유출됨에 따라 지반침하,20191125,516
20190204,서울특별시,영등포구,상수관로(D100mm)가 파손됨에 따른 누수로 토사유실 및 도로지반 침하 발생(원인 조사 중),20191222,517
20190205,인천광역시,서구,우수관과 오수관 접합부 불량에 의한 토사 유실,20190719,518
20190206,인천광역시,계양구,기존 기층부 동공이 8.29. 집중호우로 인해 확대됨에 따라 침하 발생,20190829,519
20190207,인천광역시,남동구,개인 배수설비(하수관) 파손 및 다짐불량으로 인한 사유지 도로 침하,20191216,520
20190208,전라남도,신안군,포장 하부 누수로 인한 지반 불안정,20190926,521
20190209,전라남도,신안군,포장 하부 누수로 인한 지반 불안정,20191107,522
20190210,전북특별자치도,군산시,하수관거 파손으로 침하,20190731,523
20190211,전북특별자치도,군산시,하수관거 파손으로 침하,20190802,524
20190212,전북특별자치도,군산시,하수관거 파손으로 침하,20190927,525
20190213,전북특별자치도,군산시,하수관거 파손으로 침하,20191009,526
20190214,전북특별자치도,군산시,하수관거 파손으로 침하,20191012,527
20190215,전북특별자치도,정읍시,충정로 지하에 설치된 횡단우수암거 관통 오수관 및 수도관 공사후 접촉면 마감부실로 발생한 구멍으로 수년간 토사유실에 따른 싱크홀 발생,20191103,528
20190216,충청북도,청주시 흥덕구,상수도관 압밀 추진에 따른공극 발생 추정,20191018,529
20190217,충청북도,청주시 서원구,하수관 손상에 의한 주변 토사 세굴,20191203,530
20190218,충청남도,당진시,한국전력공사 전력구 공사 따른 지하수 유출,20190104,531
20200003,강원특별자치도,원주시,우수관로(450mm) 파손으로 인한 도로침하,20200512,532
20200005,강원특별자치도,강릉시,수도관 손상에 따른 토사 유실,20200501,533
20200006,강원특별자치도,강릉시,다짐 불량,20200421,534
20200007,강원특별자치도,강릉시,다짐 불량,20200504,535
20200008,강원특별자치도,강릉시,다짐 불량,20200525,536
20200009,강원특별자치도,강릉시,다짐 불량,20200526,537
20200010,강원특별자치도,강릉시,수도관 손상에 따른 토사 유실,20200610,538
20200011,강원특별자치도,강릉시,다짐 불량,20200617,539
20200012,강원특별자치도,강릉시,다짐 불량,20200619,540
20200013,강원특별자치도,삼척시,"차량통행 하중으로 인한 하수관 눌림으로 박스 접합부 공간발생 박스 접합부 공간 발생부로 토사유입, 침하발생",20200527,541
20200014,경기도,구리시,하수관로 손상에 의한 토사유출,20200221,542
20200015,경기도,구리시,하수박스 내 상수관로 관통,20200616,543
20200016,경기도,과천시,하단부 하천박스 누수,20200303,544
20200017,경기도,과천시,하수관 파손으로 인한 토사 유출로 지반침하 발생,20200506,545
20200018,경기도,과천시,하수관 파손으로 인한 토사 유출로 지반침하 발생,20200630,546
20200019,경기도,화성시,"기타(하자보수 기간 후, 자연 침하)",20200211,547
20200020,경기도,화성시,"기타(하자보수 기간 후,자연 침하)",20200318,548
20200021,경기도,화성시,"기타(하자보수 기간 후, 자연 침하)",20200320,549
20200022,경기도,화성시,"기타(하자보수기간 후, 자연 침하)",20200425,550
20200023,경기도,화성시,"기타(하자보수 기간 후, 자연침하)",20200525,551
20200024,경기도,화성시,다짐(되메우기) 불량,20200604,552
20200025,경기도,부천시,대규모 건축공사장 터파기 시 CIP를 설치하지 않는 일부구간에 지반침하,20200414,553
20200026,경기도,의왕시,제수변 공사 다짐 불량,20200130,554
20200027,경기도,의왕시,우주맨홀 주변 다짐 불량,20200211,555
20200028,경기도,의왕시,기타매설공사 다짐 불량,20200309,556
20200029,경기도,의왕시,우수관로 노후,20200326,557
20200030,경상남도,양산시,사고지역 바로 옆 양산금호리첸시아 신축공사 중 시공과실로 인한 차수벽 토사유출로 차수벽 부 도로구간 지반침하,20200228,558
20200031,경상북도,포항시 남구,파형강관 노후화로 인한 손상으로 토사 유실 및 싱크홀 발생,20200214,559
20200032,경상북도,경주시,압송관로(D80mm) 노후파손으로 인한 토사유입,20200110,560
20200033,경상북도,경주시,우수관로(D1000mm) 노후파손으로 인한 토사유입,20200215,561
20200034,경상북도,경주시,우수관로(D300mm) 노후파손으로 인한 토사유입,20200228,562
20200035,광주광역시,동구,하수관로 부식으로 인한 상부 파손,20200104,563
20200036,광주광역시,동구,콘크리트관(D450) 균열 및 부식으로 인해 하수관 파손 및 유실,20200330,564
20200037,광주광역시,동구,하수관로 이음부 접합불량으로 인한 지반침하,20200616,565
20200038,광주광역시,서구,하수도관(D600mm)의 심각한 노후화 등으로 인한 1본(2.5m)이 소실되어 토사유실,20200123,566
20200039,광주광역시,서구,폐공시킨 관이 잘못 연결되어 있어 토사유실 발생,20200426,567
20200040,광주광역시,서구,폐공된 하수관(D800)이 하수박스에 연결된 체 방치되어 토사유실,20200611,568
20200041,광주광역시,서구,쌍촌주공아파트의 개인관(개인 하수를 공공관에 보내기 위한 관)에 이격이 나서 토사유실,20200615,569
20200042,광주광역시,서구,"개인관(개인 하수를 공공관에 보내기 위한 관)이 노후화 및 연결부분이 잘못되었고, 공공관 노후화로 인해 토사 유실(원인이 2가지)",20200616,570
20200043,광주광역시,서구,오수관(D400mm) 노후화 손상에 의하여 토사유실,20200623,571
20200044,광주광역시,광산구,관로 노후로 인한 세굴 발생,20200107,572
20200045,광주광역시,광산구,다짐 불량,20200120,573
20200046,광주광역시,광산구,관로 노후로 인한 세굴 발생,20200130,574
20200047,광주광역시,광산구,관로 노후로 인한 세굴 발생,20200622,575
20200048,대구광역시,달성군,하수관로 플랜지 접합부 패킹노후,20200524,576
20200049,대전광역시,서구,우수박스와 하수관접합부 마감불량 및 오수관 이탈로 인한 장기간 토사유출,20200401,577
20200050,대전광역시,서구,우수박스와 하수관접합부 마감불량 및 오수관 이탈로 인한 장기간 토사유출,20200416,578
20200051,대전광역시,동구,다짐(되메우기) 불량으로 인한 침하,20200420,579
20200052,대전광역시,서구,우수박스와 하수관접합부 마감불량 및 오수관 이탈로 인한 장기간 토사유출,20200429,580
20200053,대전광역시,유성구,우수박스와 하수관접합부 마감불량 및 오수관 이탈로 인한 장기간 토사유출,20200504,581
20200054,대전광역시,중구,우수박스와 하수관접합부 마감불량 및 오수관 이탈로 인한 장기간 토사유출,20200508,582
20200055,대전광역시,중구,우수박스와 하수관접합부 마감불량 및 오수관 및 오수관 이탈로 인한 장기간 토사유출,20200515,583
20200056,대전광역시,중구,우수박스와 하수관접합부 마감불량 및 오수관 이탈로 인한 장기간 토사유출,20200521,584
20200057,대전광역시,중구,우수박스와 하수접합부 마감불량 및 오수관 이탈로 인한 장기간 토사유출,20200618,585
20200058,대전광역시,대덕구,우수박스와 하수관접합부 마감불량 및 오수관 이탈로 인한 장기간 토사유출,20200625,586
20200059,대전광역시,서구,우수박스와 하수관접합부 마감불량 및 오수관  이탈로 인한 장기간 토사유출,20200625,587
20200060,대전광역시,유성구,우수관로 주변 토사유출,20200416,588
20200061,대전광역시,유성구,우수관로 주변 토사유출,20200612,589
20200062,대전광역시,서구,하수관로 파손에 따른 도로침하,20200325,590
20200063,대전광역시,서구,하수관로 파손에 따른 도로침하,20200416,591
20200064,부산광역시,강서구,주변 건축공사(삼정그린코아 더시티) 현장 내 흙막이 누수로 인한 인접 지반 침하,20200603,592
20200065,부산광역시,강서구,주변 건축공사(삼정그린코아 더시티) 현장 내 흙막이 누수로 인한 인접 지반 침하,20200229,593
20200066,부산광역시,사하구,지반상태가 불량,20200313,594
20200067,부산광역시,사상구,원인 불명확,20200428,595
20200068,부산광역시,영도구,하수관 파손으로 인한 토사 유출로 지반침하 발생,20200506,596
20200069,부산광역시,북구,장기침하 및 강우에 따른 공동 진행 가속화로 인한 보도침하 발생,20200509,597
20200070,부산광역시,남구,지하철 2호선 관리 부실 추정,20200520,598
20200071,부산광역시,남구,미상의 관과 지반 사이로 0.5m 지반 유실,20200622,599
20200072,부산광역시,서구,오수관로 상부 세굴 흔적 발견,20200626,600
20200073,서울특별시,송파구,장기간 압밀침하에 따른 지반침하 추정,20200108,601
20200074,서울특별시,강동구,하수도 맨홀 구체 및 오수관 접속부 시공불량으로 토사 유실,20200222,602
20200075,서울특별시,강서구,노후 하수관 접속부 불량,20200302,603
20200076,서울특별시,강남구,상수도관 누수에 따른 토사유실,20200311,604
20200077,서울특별시,송파구,중차량 하중 작용으로 인한 지반침하,20200515,605
20200078,서울특별시,성북구,굴착복구 장기침하로 추정,20200522,606
20200079,세종특별자치시,,강우로 인한 지하수 침투로 지반이 약화되어 지반침하 발생 추정,20200515,607
20200080,울산광역시,울주군,도로공사 시 되메우기 불량으로 인한 공극 발생,20200608,608
20200081,인천광역시,계양구,상수도관(D=600mm) 누수로 인한 도로침하 발생,20200218,609
20200082,인천광역시,계양구,상수도 누수(관 파열)로 인한 침하,20200218,610
20200083,인천광역시,중구,하수관로(D600mm) 파손으로 토사유실,20200310,611
20200084,인천광역시,남동구,과거 지하매설물(하수박스 등) 공사 후 주변 다짐불량으로 도로침하 발생,20200528,612
20200085,인천광역시,계양구,원인불명,20200627,613
20200086,전북특별자치도,전주시 완산구,관로 주변 노후화로 인한 토사유실로 판단됨,20200220,614
20200087,전북특별자치도,고창군,자연침하,20200608,615
20200088,충청남도,보령시,다짐불량,20200618,616
20200089,충청북도,청주시 흥덕구,접합부 마감 불량 및 다짐 불량에 따른 침하,20200311,617
20200090,충청북도,청주시 흥덕구,접합부 마감 불량 및 다짐 불량에 따른 침하,20200508,618
20200091,충청북도,청주시 흥덕구,접합부 마감 불량 및 다짐 불량에 따른 침하,20200601,619
20200092,충청북도,청주시 흥덕구,접합부 마감 불량 및 다짐 불량에 따른 침하,20200601,620
20200093,충청북도,음성군,접합부 마감 불량 및 다짐 불량에 따른 침하,20200629,621
20200094,부산광역시,사상구,한국지반공학회 원인 조사중,20200318,622
20200095,인천광역시,서구,오수관로(D400) 파손을 인한 토사 유실,20200809,623
20200096,인천광역시,서구,"H파일과 토류판, 기존 하수관(폐관) 마감처리 미비",20200826,624
20200098,경상북도,경주시,하수관 파손으로 인한 토사 유출로 지반침하 발생,20200721,625
20200099,충청남도,보령시,흄관 연결 접속부의 되메우기 토사유출로 인한 지반침하 발생,20200811,626
20200100,서울특별시,금천구,"하수박스 접합부 관경D200mm와 빗물받이 연결관 D300mm가 밀실하게 접합되지 않아 노면수 장기 누수로 지반침하 발생 추정
동공부의 토사는 하수박스 벽체 하단의 쇄굴부위 등으로 유실
(빗물받이 연결관 결함+하수박스 벽체하단 쇄굴 복합작용)",20200915,627
20200101,강원특별자치도,홍천군,비포장도로 내 공동현상으로 인한 지반침하 발생,20200813,628
20200102,서울특별시,성동구,"○ 지반침하 원인에 대한 전문가의 다수 의견은 복합적인 요인으로 발생
    - 노후 상·하수관로, 교통하중, 건축현장 공사 영향 
  ○ 하수관로 및 상수관로 파손으로 인접 현장으로 토석류가 다량 유출됨에 따라 급격한 지반침하 발생
  ○ 건축공사 주변 하수관로 조사 시 시멘트풀 등으로 인한 유수 장애가 있음을 확인 건축현장 차수 그라우팅 시 하수관로에 영향을 주었을 것으로 추정
  ○ 신축공사장 터파기 공사에 의한 지반침하로 상수도관 파손으로 추정
  ※ 상수관로 및 하수관로 손괴에 대해 신축공사장 현장 관계자 사실 확인서 제출",20201022,629
20200103,강원특별자치도,속초시,하수맨홀 노후로 벽체 파손에 따른 주변 지반 침하,20200826,630
20200104,강원특별자치도,강릉시,,20200806,631
20200105,강원특별자치도,강릉시,,20200809,632
20200106,강원특별자치도,강릉시,,20200810,633
20200107,전북특별자치도,정읍시,배수로 암거(L=35m)가 노후되어 누수 및 씽크홀 발생,20200810,634
20200108,대전광역시,중구,,20200706,635
20200109,대전광역시,중구,집중호우 및 하수박스 노후로인한 파손,20200730,636
20200110,충청북도,청주시 흥덕구,하수관 접합부 손상,20200812,637
20200111,충청북도,청주시 흥덕구,하수관 접합부 손상,20200814,638
20200112,충청북도,청주시 흥덕구,하수관 접합부 손상,20200819,639
20200113,충청북도,청주시 흥덕구,하수관 접합부 손상,20200827,640
20200114,충청북도,청주시 흥덕구,하수관 접합부 손상,20200828,641
20200115,충청북도,청주시 청원구,연결관 노후에 의한 하수누수로 인한 지반 유실,20200716,642
20200116,충청북도,청주시 청원구,타공사(간접원인)에 의한 이음부 단락(직접원인) 토사유입,20200805,643
20200117,충청북도,청주시 청원구,연결관 노후에 의한 하수누수로 인한 지반 유실,20200811,644
20200118,충청북도,청주시 서원구,아스팔트 균열부위로 침투된 빗물로 토사유실,20200727,645
20200119,충청북도,청주시 서원구,노후화된 하수관로 파손에 따른 토사 유입,20200813,646
20200120,충청북도,청주시 서원구,노후화된 하수BOX 내부 바닥으로 토사 유실,20200813,647
20200121,충청북도,청주시 서원구,노후화된 하수관로 파손에 따른 토사 유실,20200826,648
20200122,충청북도,청주시 서원구,노후화된 하수BOX 내부 바닥으로 토사 유실,20200831,649
20200123,충청북도,청주시 청원구,연결관 노후에 의한 하수누수로 인한 지반 유실,20200804,650
20200124,대전광역시,중구,,20200825,651
20200125,강원특별자치도,영월군,폭우로 인한 지반연약 등,20200802,652
20200126,경기도,시흥시,장마로 인한 토사 유실,20200831,653
20200127,경상남도,김해시,우수받이와 연결관의 접합부 파손으로 인한 토사 유실,20200829,654
20200128,경상남도,김해시,도로 교량 밑 구조물 이탈로 토사 유실,20201125,655
20200129,경기도,포천시,우수관 누수,20200804,656
20200130,경기도,고양시 일산서구,집중호우로 인한 지반약화,20200716,657
20200131,경기도,하남시,하수관 연결부 불량으로 싱크홀 발생,20200728,658
20200132,경기도,하남시,하수관(흄관) 파손으로 싱크홀 발생,20200810,659
20200133,경기도,하남시,하수관 연결부 불량으로 싱크홀 발생,20200813,660
20200134,경기도,고양시 일산서구,집중호우로 인한 지반약화,20200814,661
20200135,경기도,고양시 일산서구,호우로 인한 지반약화 및 인근  공사차량으로통행으로 인한 ,20200814,662
20200136,경기도,구리시,별내선 복선전철 터널공사 시공관리 미흡,20200826,663
20200137,경기도,고양시 일산동구,"집중호우로 인한 지반약화, 장기 지반침하로 인한 땅꺼짐",20200824,664
20200138,강원특별자치도,양구군,하수관로 파손으로 인해 토사가 유입되며 지반 침하 발생,20200730,665
20200139,경기도,화성시,하자보수 기간 후 자연침하,20200727,666
20200140,경기도,화성시,집중호우로 인한 기타 매설물 손상,20200804,667
20200141,경기도,화성시,지하수위에 따른 지반 전면침하 추정,20200811,668
20200142,부산광역시,연제구,원인 불명확,20201005,669
20200143,경기도,화성시,하자보수 기간 후 자연침하,20200902,670
20200144,경기도,화성시,하자보수 기간 후 자연침하,20201007,671
20200145,경기도,화성시,하자보수 기간 후 자연침하,20201106,672
20200146,경기도,파주시,도로횡단배수관(갈비철관) 노후에 따른 관 부식에 따른 누수 발생으로 토사 유실,20200804,673
20200147,경기도,남양주시,"상하수도관 노후 손상으로 지반침하 및 함몰 발생
(대상지는 &apos;92.12.13. 도농동 주거환경개선공사 사업 완료된 구간으로, 노후화에 따른 파손 예상됨.)",20200822,674
20200148,전라남도,여수시,아스팔트 포장 면과 L형 측구 부분 틈 발생으로 인한 우수침투로 침하.,20200821,675
20200150,충청남도,아산시,민간 사업자의 전원주택 개발시 우수맨홀 접합 불량으로 인한 토사 유출로 지반침하 발생,20200804,676
20200151,강원특별자치도,춘천시,펌프장 공사 중 다짐불량으로 인하여 침하,20200819,677
20200152,충청북도,충주시,지하 횡배수관의 토사유입 및 배수로 연결부 미흡(추정),20200803,678
20200153,충청남도,부여군,상수관로 손상으로 인한 침하,20200902,679
20200154,경기도,수원시 영통구,지하철 시설물(엘리베이터)옆 지중 토사유실로 지반함몰발생,20200826,680
20200155,경기도,과천시,하수관 파손으로 인한 토사유출 추정,20200810,681
20200156,경기도,과천시,"과천동 605-1 일원 (남태령 지하차도 상부도로 상하행선)

도로하부 매설된 하천박스 누수로 인한 토사 유출 추정",20200812,682
20200157,경기도,과천시,하수관 파손으로 인한 토사유출,20200925,683
20200158,전라남도,화순군,지방하수도 배수관 확장공사에 인근 지반 침하 발생,20200716,684
20200159,전라남도,화순군,우수 맨홀 주위 지하 우수관 접속부위 파손,20200809,685
20200160,경기도,용인시 처인구,하수관 파손으로 토사 유실 및 침하 발생,20200803,686
20200161,경기도,,하수관 파손으로 토사 유실 및 침하 발생,20200809,687
20200162,전북특별자치도,임실군,우수관로 누수로 인한 침하,20200812,688
20200166,강원특별자치도,영월군,폭우로 인한 지반연약,20200807,689
20200167,경기도,의왕시,"우수관 다짐불량
",20200730,690
20200168,경기도,의왕시,상하수관공사 부실,20200901,691
20200169,경기도,의왕시,다짐(되메우기) 불량,20200922,692
20200170,강원특별자치도,춘천시,지반 노후화로 인한 단순 침하,20200807,693
20200171,강원특별자치도,춘천시,하수관 파손으로 인한 토사 유출로 지반침하 발생,20200820,694
20200172,강원특별자치도,춘천시,지반 노후화로 인한 단순 침하,20200822,695
20200173,강원특별자치도,춘천시,하수관 파손으로 인한 토사 유출로 지반침하 발생,20200825,696
20200174,강원특별자치도,춘천시,굴착공사 후 다짐 불량으로 인한 침하,20200921,697
20200175,강원특별자치도,춘천시,지반 노후화로 인한 단순 침하,20200924,698
20200176,강원특별자치도,춘천시,노후 하수관 파손으로 누수 및 토사 유실,20201119,699
20200177,부산광역시,중구,계속된 장마철 집중호우로 지표수 유입으로 인한 지반침하로 추정,20200730,700
20200178,강원특별자치도,양구군,,20200821,701
20200179,강원특별자치도,양구군,,20200821,702
20200180,강원특별자치도,양구군,,20200821,703
20200181,강원특별자치도,양구군,,20201207,704
20200182,광주광역시,남구,하수관로 파손으로 인하여 토사가 유실되어 지반침하 발생,20200805,705
20200183,광주광역시,남구,하수BOX 벽체 손상으로 인하여 토사가 유실되어 지반침하 발생,20200809,706
20200184,광주광역시,남구,빗물받이 연결관 접합부 파손으로 인하여 토사가 유실되어 지반침하 발생,20200812,707
20200185,광주광역시,남구,하수관로 연결부 파손으로 인하여 토사가 유실되어 지반침하 발생,20200813,708
20200186,광주광역시,남구,하수관로 파손으로 인하여 토사가 유실되어 지반침하 발생,20200820,709
20200187,경기도,군포시,노후하수관로 파손(토사유실)으로 인한 싱크홀 발생,20200710,710
20200188,경상북도,울진군,원인미상,20200723,711
20200189,충청남도,공주시,다짐(되메우기) 불량 혹은 상하수도 노후화에 따라 지반침하 발생 추정,20200901,712
20200190,대구광역시,달성군,다짐 불량에 의한 지반침하,20200731,713
20200192,부산광역시,금정구,,20200809,714
20200193,부산광역시,금정구,,20200819,715
20200194,부산광역시,금정구,,20200828,716
20200199,인천광역시,연수구,면적 4(가로2*세로2) 되메우기 불량사고,20200809,717
20200200,인천광역시,연수구,다짐(되메우기) 불량,20200811,718
20200201,전라남도,보성군,오폐수관 터짐으로 인한 침하,20200725,719
20200202,전라남도,보성군,우수관로 파손에 따른 토사유실,20200825,720
20200203,전라남도,보성군,배수관로 파손에 따른 토사유실,20200825,721
20200204,전라남도,보성군,배수관로 노후화에 따른 토사유실,20200820,722
20200205,서울특별시,송파구,"오수관과 맨홀 접합부 결함, 맨홀 구체 천공부위 마감불량으로 맨홀주변 동공발생",20200810,723
20200206,서울특별시,강남구,장기압밀 침하 추정,20200803,724
20200207,인천광역시,남동구,,20200722,725
20200208,인천광역시,남동구,,20200723,726
20200209,인천광역시,남동구,,20200810,727
20200210,서울특별시,구로구,노후 하수관 연결부 파손에 따른 지반침하,20200819,728
20200211,서울특별시,강북구,상수도관 D50mm 누수,20200803,729
20200212,대전광역시,동구,하수관 파손으로 인한 씽크홀 발생,20200903,730
20200213,대전광역시,서구,하수관로(D300mm) 노후 손상으로 함몰 발생,20200911,731
20200214,서울특별시,영등포구,노들길 빗물받이 벽체 파손으로 인한 토사유실,20200812,732
20200215,인천광역시,서구,집중호우로 인한 모래유실,20200729,733
20200216,인천광역시,서구,다짐미흡으로 인한 장기침하,20200803,734
20200217,인천광역시,서구,다짐미흡으로 인한 장기침하,20200810,735
20200218,인천광역시,서구,집중호우로 인한 지반침하,20200811,736
20200219,인천광역시,서구,집중호우로 인한 지반침하,20200813,737
20200220,인천광역시,서구,집중호우로 인한 지반침하,20200813,738
20200221,인천광역시,서구,흙 다지기 및 되메우기 재시공 및 포장복구,20200815,739
20200222,인천광역시,서구,집중호우로 인한 모래유실,20200811,740
20200224,경상북도,포항시 남구,철강산업단지 완충저류시설 공사 현장내 지하구조물 터파기에 의한 파이핑현상 발생으로 도로가 침하된 것으로 추정 ,20200723,741
20200225,경상북도,포항시 남구,하수관 파손으로 인한 토사 유출로 지반침하 발생,20200727,742
20200232,충청북도,음성군,우수관로 노후파손으로 토사유입,20200803,743
20200233,전북특별자치도,군산시,하수관 파손으로 인한 지반침하,20200915,744
20200234,충청북도,음성군,오수관 파손으로 토사유입,20200806,745
20200235,충청북도,음성군,,20200810,746
20200236,부산광역시,부산진구,하수박스 벽체부 파손으로 인한 토사유실,20200706,747
20200237,부산광역시,부산진구,노후 하수관 파손으로 인한 지반침하,20200711,748
20200238,부산광역시,부산진구,노후 하수관 파손으로 인한 지반침하,20200724,749
20200239,부산광역시,부산진구,다짐불량으로 인한 지반침하 발생 추정,20200729,750
20200240,경기도,의정부시,"지하매설물 매설로인한 굴착 공사 후 다짐불량
",20200824,751
20200242,부산광역시,기장군,"하수관로(CSP D1,200mm) 파손으로 인한 함몰 추정",20200725,752
20200246,전북특별자치도,고창군,절개지 축대 크랙 발생으로 인한 지반침하,20200808,753
20200247,광주광역시,북구,,20200720,754
20200249,광주광역시,북구,우수받이 연결부위 세굴,20200821,755
20200250,광주광역시,북구,우수맨홀 세굴,20200810,756
20200251,경기도,평택시,하수관 노후로 인한 관로 파손 및 누수에 따른 도로 침하,20200706,757
20200252,경기도,부천시,폐하수관 미처리에 따른 지반 침하 발생,20200820,758
20200254,광주광역시,동구,,20200808,759
20200255,광주광역시,동구,,20200808,760
20200256,광주광역시,동구,,20200808,761
20200257,광주광역시,동구,,20200810,762
20200258,광주광역시,동구,,20200811,763
20200259,광주광역시,동구,,20200811,764
20200264,경상북도,영주시,빗물 배수 불량,20200802,765
20200265,경상북도,영주시,지반 약화,20200812,766
20200266,경상북도,경산시,콘크리트 포장층 다짐불량에 따른 집중호우시 자연침하,20200809,767
20200267,충청북도,음성군,파형강관 이음부(맞대기) 부분침하에 따른 단차발생,20200730,768
20200268,경상북도,포항시 남구,"부근의 하천에서 흙 유실 원인
",20200812,769
20200269,부산광역시,기장군,도로를 횡단하는 하수박스(3.0x2.5) 벽체 파손으로 토사유실,20200724,770
20200270,경상북도,포항시 남구,우수관로 400mm 파손,20200728,771
20200271,경상북도,포항시 남구,하수관로 노후 및 파손으로 토사유실,20200810,772
20200273,광주광역시,북구,굴착부분 되메우기 재시공 및 포장 복구 완료,20200814,773
20200274,광주광역시,북구,흄관 부식,20200816,774
20200275,광주광역시,북구,암거박스 하단 접합부 세굴,20200818,775
20200276,광주광역시,북구,도시가스 흄관 관통,20200819,776
20200277,광주광역시,북구,암거박스 기초 하단부 세굴,20200821,777
20200278,광주광역시,북구,암거박스 측면 세굴,20200901,778
20200279,울산광역시,동구,우수관 파손,20200808,779
20200280,광주광역시,광산구,,20200811,780
20200281,광주광역시,광산구,,20200828,781
20200282,광주광역시,광산구,,20201129,782
20200283,광주광역시,서구,다짐(되메우기)불량,20200807,783
20200284,광주광역시,동구,,20200808,784
20200285,광주광역시,동구,,20200811,785
20200286,광주광역시,동구,,20200812,786
20200287,세종특별자치시,세종특별자치시,"지반 다짐 부실로 토사유실에 따른 보도침하
",20200907,787
20200289,광주광역시,북구,,20200819,788
20200290,광주광역시,동구,,20200903,789
20200291,광주광역시,서구,,20200808,790
20200292,광주광역시,서구,,20200807,791
20200293,광주광역시,서구,,20200807,792
20200295,광주광역시,서구,우수받이 연결관의 연결 미흡으로 침하,20200810,793
20200298,광주광역시,서구,,20200807,794
20200299,광주광역시,서구,,20200810,795
20200300,광주광역시,서구,,20201026,796
20200301,광주광역시,서구,,20201128,797
20200302,경상남도,창원시 마산합포구,집중호우로 인한 지반침하,20200803,798
20200303,경상남도,창원시 마산합포구,집중호우로 인한 침하(도로 틈새로 빗물 유입되어 토사유출),20200803,799
20200304,서울특별시,마포구," ○ 지하시설물관계자(하수도, 가스, 전력) 점검결과 이상없음
 ○ 굴착조사결과 뚜렷한 원인을 찾을 수 없었음",20200818,800
20200305,서울특별시,마포구,엘리베이터 설치 후 부실로 추정,20200724,801
20200306,광주광역시,광산구,하수관 노후화에 따른 토사 유실,20200811,802
20200307,광주광역시,광산구,도로내 다짐 불량 등에 의한 침하,20200826,803
20200308,광주광역시,광산구,하수관 접합 부위 불량에 따른 토사 유실,20200811,804
20200309,전북특별자치도,순창군,,20200809,805
20200310,광주광역시,광산구,,20200821,806
20200311,부산광역시,동래구,한전 전력구 인근 토사유실,20200812,807
20200312,부산광역시,남구,하수관 파손으로 인한 도로 침하 발생,20200728,808
20200313,부산광역시,동구,측구파손에 따른 침하 ,20200723,809
20200314,부산광역시,동구,측구 파손에 따른 침하,20200723,810
20200315,부산광역시,동구,오수관로 파손에 따른 침하,20200723,811
20200316,부산광역시,남구,하수관 파손으로 인한 도로 침하 발생,20200715,812
20200317,부산광역시,남구,누후화된 측구로 인한 도로 침하 발생,20200711,813
20200318,부산광역시,동래구,자연침하로 인한 토사 유실,20200707,814
20200319,광주광역시,광산구,,20200816,815
20210001,경기도,포천시,침하발생 위치에 접하여 D1000규모 우수관이 지나가는 것으로 보아 관로 손상에 의한 침하인 것으로 추정 됨,20210222,816
20210002,부산광역시,사하구,폐하수관의 마감처리 미흡,20210315,817
20210003,서울특별시,강남구,통신관 아래 공동발생 부분  큰돌 사이 빈 공간이 있어 동공 발생,20210330,818
20210004,서울특별시,송파구,맨홀 하부구체 파손,20210331,819
20210005,서울특별시,강남구,"○ 하수관(D=1200mm) 이음부 이격 및 노후 파손 
   ① 맨홀→우수토실로 연결된 하수관 이음부 이격 및 노후 파손으로 공동발생
   ② 기존 보수보강을 시행한 하수관로(올림픽대로 횡단)에 시공된 라이닝의 변형이 있어 기존 하수관과 라이닝 사이로 하수가 흘러 기존관의 이음부 사이로 하수 유출
○ 2021. 3월중 : 굴착공사가 불가하여 비굴착 공법으로 보수방안 강구
                 (올림픽대로, 수문구조물, 광역상수도관(D2500mm) 저촉 등)
○ 2021. 4월중 : 정비완료 예정
○ 소요예산 : 100백만원(서울시 물재생계획과 긴급복구비 요청)
                       D=1200mm, L=100m(2열). 맨홀4개소 보수보강",20210309,820
20210006,서울특별시,송파구,하수맨홀 노후로 인한 하부 구체파손,20210407,821
20210007,경기도,용인시 수지구,PVC관(D80mm)을 토류판 가로 버팀보 받침대(브라켓)에 올려 되메우기한 후 토사가 침하되어 급수관 탈락,20210419,822
20210008,경기도,구리시,,20210419,823
20210009,부산광역시,사하구,하수BOX(2.0mX2.0m) 파손에 의한 동공 발생,20210422,824
20210010,서울특별시,강남구,하수관 노후화로 인한 동공발생 추정,20210608,825
20210011,인천광역시,부평구,상수도관 누수에 따른 땅꺼짐 사고 발생,20210609,826
20210012,부산광역시,사하구,원인불명 ,20210617,827
20210014,경상남도,양산시,"2021년 7월 6일 오전9시경 하북면 삼감리 삼감마을 이장의 신고로 수도관이 파열된 것을 확인하였고, 다량의 물이 유출되어 도로 지반 내 토사와 함께 지면으로 흘러나옴. 이후 토사가 빠진 상황에서 지반이 침하됨.",20210706,828
20210015,경기도,과천시,,20210629,829
20210016,충청북도,청주시 서원구,하수관 손상에 따른 토사 유실,20210628,830
20210017,충청북도,청주시 서원구,하수관 손상에 따른 토사 유실,20210617,831
20210018,충청남도,보령시,,20210330,832
20210019,부산광역시,서구,하수도관 이음부불량(우수관D1200mm 이음부 불량으로 인한 유출),20210614,833
20210020,경기도,화성시,하자보수 기간 후 자연침하,20210301,834
20210021,경기도,화성시,하자보수 기간 후 자연침하,20210330,835
20210022,경기도,화성시,하자보수 기간 후 자연 침하,20210407,836
20210023,경기도,화성시,하자보수 기간 후 자연침하,20210522,837
20210024,경기도,화성시,하자보수 기간 후 자연침하,20210524,838
20210025,전북특별자치도,익산시,하수관 파손으로 인한 지반침하 사고,20210219,839
20210026,전북특별자치도,익산시,하수관 연결부 누수로 인한 토사유실,20210326,840
20210029,전북특별자치도,익산시,하수관 파손(손상),20210520,841
20210030,전북특별자치도,익산시,하수관 파손(손상),20210520,842
20210031,전북특별자치도,익산시,하수관 파손(손상),20210525,843
20210032,경기도,시흥시,상수관로 제수변 인근 아스콘 포장불량,20210408,844
20210033,대전광역시,중구,하수관로 노후로 인한 파손,20210613,845
20210035,강원특별자치도,강릉시,원인불명,20210505,846
20210036,강원특별자치도,강릉시,하수관로 교체작업 다짐불량으로 인한 침하,20210608,847
20210037,경상남도,양산시,장마로 인해 연약해진 보강토 옹벽 붕괴로 인해 배면토사 유출되어 상하수관로 파손 및 상부 도로지반 침하 발생,20210708,848
20210038,부산광역시,남구,상수도관으로 인한 흄관 손상,20210513,849
20210041,대전광역시,동구,하수박스(2.0*2.0) 바닥 파손부위로 토사가 유실 ,20210430,850
20210042,강원특별자치도,강릉시,폐관으로 지반유실 추정,20210708,851
20210043,대전광역시,서구,하수BOX와 하수관 접속부 이음 불량으로 인한 도로침하,20210331,852
20210044,대전광역시,서구,도로 공사 후 굴착복구 다짐 미흡으로 인한 장기침하,20210513,853
20210045,대전광역시,서구,하수관로 이탈로 인한 토사 유실,20210611,854
20210048,경기도,용인시 수지구,"수지구청역 모든 출입구 도로가 침하중이며, 상세 발생 원인은 지하철 공사시 다짐 불충분으로 판된되나 정확한 것은 알 수없음",20210724,855
20210050,부산광역시,사상구,토사유실로 인한 침하,20210610,856
20210051,부산광역시,북구,상수관 파열로 인하여 도로 내 지반이 유실되고 표층부가 파손되어 지반침하 발생,20210518,857
20210052,서울특별시,중구,폐하수관 존치 및 폐기물 매립으로 인한 지반침하,20210805,858
20210055,서울특별시,강동구,"호우 등으로 인해 지하철 복공판 밑 토류벽으로 토사가 유실, 지반 침하로 인한 하수흉관(900mm)과 맨홀간의 접합부가 파손(탈락)되어 동공이 발생된 것으로 사료",20210704,859
20210056,대구광역시,동구,"-하양에서 안심방향 지하철 연장공사 구간 지반침하 발생
-발생시각 8.11.(수) 22:00경 ",20210811,860
20210057,충청남도,공주시,상하수관 손상 또는 저수지 사면 유실,20210715,861
20210059,서울특별시,성북구,차량진동에 의한 상수도관(D 150m) 누수,20210727,862
20210063,부산광역시,금정구,산 계곡부에서 도로를 횡단하는 흄관(D500) 파손,20210818,863
20210066,부산광역시,사상구,"우수관로(파형강관, D1,000mm) 하부 파손에 따른 누수로 도로함몰 발생",20210824,864
20210067,서울특별시,성북구,통신박스 하부 장기간 침하로 인한 동공 발생,20210825,865
20210068,경상북도,포항시 남구,"포항철강산업단지 완충저류시설 설치공사로 인한 침하
",20210401,866
20210069,경상북도,포항시 남구,"포항철강산업단지 완충저류시설 설치공사로 인한 침하
",20210401,867
20210072,경상북도,포항시 남구,"국도 31호선으로 중량 차량의 잦은 통행 등 자연 침하 발생
",20210402,868
20210073,경상북도,포항시 남구,"국도 31호선으로 중량 차량의 잦은 통행 등 자연 침하 발생
",20210402,869
20210075,경상북도,포항시 남구,"국도 31호선으로 중량 차량의 잦은 통행 등 자연 침하 발생
",20210402,870
20210076,경상북도,포항시 남구,"국도 31호선으로 중량 차량의 잦은 통행 등 자연 침하 발생
",20210402,871
20210077,경상북도,포항시 남구,"국도 31호선으로 중량 차량의 잦은 통행 등 자연 침하 발생
",20210402,872
20210078,경상북도,포항시 남구,"국도 31호선으로 중량 차량의 잦은 통행 등 자연 침하 발생
",20210402,873
20210079,경상북도,포항시 남구,"국도 31호선으로 중량 차량의 잦은 통행 등 자연 침하 발생
",20210402,874
20210081,서울특별시,성북구,건축공사장 차수 불량으로 인한 지하수위 침하,20210821,875
20210082,강원특별자치도,춘천시,흙막이 공사로 인한 일부 침하,20210630,876
20210084,강원특별자치도,삼척시,관손상으로 인한 누수 및 도로침하,20210428,877
20210085,경기도,의왕시,상수관 공사 후 다짐 불량,20210303,878
20210086,경기도,의왕시,자연침하,20210318,879
20210087,경기도,의왕시,,20210318,880
20210091,광주광역시,동구,지하 매설시설물 손상 추정,20210319,881
20210092,광주광역시,동구,하수관로(D900mm) 파손으로 토사 유실,20210521,882
20210093,광주광역시,동구,다짐불량으로 인한 자연침하,20210612,883
20210094,광주광역시,서구,하수관(D600mm)파손으로 토사유실,20210521,884
20210095,광주광역시,서구,토사 자체에 문제(굴착을하여도 토사가 비어있지 않음),20210522,885
20210096,광주광역시,서구,다짐불량으로 인해 자연침하,20210621,886
20210097,광주광역시,북구,다짐불량으로 인한 자연침하,20210629,887
20210098,광주광역시,광산구,관로 노후로 인한 세굴 발생,20210429,888
20210099,광주광역시,광산구,관로 노후로 인한 세굴 발생,20210511,889
20210100,광주광역시,동구,다짐불량으로 인한 자연침하,20210607,890
20210101,부산광역시,연제구,,20210506,891
20210102,부산광역시,연제구,,20210308,892
20210103,부산광역시,연제구,,20210614,893
20210104,경기도,안산시 상록구,"시공시 과굴착, 엄지말뚝 근입깊이 부족, 설계시 검토되지 않은 중장비 사용
설계 변경시 지반정수 과다 적용, 지반수위 상이적용",20210113,894
20210105,경기도,이천시,개인 배수설비 불량,20210303,895
20210106,경기도,이천시,하수관 손상에 따른 토사 유실,20210525,896
20210107,경기도,이천시,하수관 손상에 따른 토사 유실,20210630,897
20210108,경기도,이천시,중차량(크레인) 무게로 싱크홀 발생,20210503,898
20210109,경기도,이천시,우수관 손상에 따른 싱크홀 발생,20210606,899
20210110,경상북도,포항시 북구,득량주공재건축정비사업으로 인한 침하,20210302,900
20210111,경상북도,포항시 북구,득량주공재건축사업으로 인한 지반침하,20210326,901
20210112,경상북도,영주시,,20210101,902
20210113,전라남도,함평군,,20210111,903
20210114,전라남도,함평군,,20210112,904
20210115,전라남도,여수시,굴착공사 부실,20210201,905
20210116,전라남도,여수시,굴착공사 부실,20210201,906
20210117,전라남도,여수시,다짐불량,20210401,907
20210118,전라남도,목포시,다짐불량,20210616,908
20210122,서울특별시,강서구,빗물받이 연결관 접합불량으로 인한 토사유출(건축공사장 신설 하수관로와 접합부 하자),20210904,909
20210123,울산광역시,동구,우수관 균열,20210209,910
20210124,울산광역시,중구,다짐 불량으로 인한 지반 침하,20210601,911
20210125,울산광역시,동구,지표수 유입으로 일부 지반 침하,20210326,912
20210126,충청남도,당진시,건축주가 공공부지 불법 점용에 의한 부실시공,20210901,913
20210129,경기도,평택시,우수관(흄관600mm)과 접속관(흄관250mm)이음부 불량으로 인한 누수,20210723,914
20210132,경기도,평택시,배수관 600mm 볼트 부식 조인트 이탈,20210902,915
20210137,경기도,시흥시,"인접대지 상호 굴착공사 동시 시행으로 도로침하 발생

- 도로 양측에서 진행하고 있는 굴착공사의 영향범위가 중첩되어 도로에 지반침하 발생",20211004,916
20210138,울산광역시,울주군,"중앙분리대 비다짐 구간(No.14+17.8) 굴진공정 진행 중 토사 붕락발생

10. 9. ~ 10. 13. 우천으로 약화된 지반 내 하부 굴진 진행 및 숏크리트 타설 도중 붕락 발생(붕락 시 우수 쏟아짐)",20211014,917
20210142,경기도,김포시,신곡9지구 아파트 신축 굴착에 따른 흙막이공 시공과 관리 부주의로 인한 지반 침하로 발생한 것으로 추정,20211018,918
20210143,경기도,고양시 일산동구,발생 원인 파악 중,20211230,919
20210144,경기도,하남시,"도로 다짐층 토사 유실
",20210712,920
20210146,부산광역시,사하구,집중호우로 인한 부지 내 토사유실과 하부 매립쓰레기틍으로 인한 지반침하로 추측,20210824,921
20210147,경기도,부천시,하수관로 파손,20210711,922
20210148,충청남도,보령시,조위차의 영향으로 수위 변동시 매립토(실트질모래)가 일부 유실되어 공동이 발생된 것으로 판단됨.,20210715,923
20210152,부산광역시,북구,"우수관 노후, 파손 및 누수로 인한 토사 유실",20211006,924
20210153,부산광역시,북구,"우수박스 파손, 우수 유입에 따른 토사유실",20210824,925
20210154,광주광역시,동구,인접 콘크리트암거 구조물 하부 파손에 따른 토사세굴,20210706,926
20210155,경기도,의정부시,,20210714,927
20210157,경기도,의정부시,유수 흐름 및 강우로 인한 지반 연약,20210813,928
20210160,경상남도,하동군,배수로 파열로 인한 발생,20210908,929
20210161,대전광역시,유성구,맨홀과 흄관(D800mm) 접합부 노후 손상으로 함몰 발생,20210817,930
20210162,전북특별자치도,익산시,하수관로 노후화로 인한 파손으로 토사 유실로 발생,20210701,931
20210163,전북특별자치도,익산시,하수관로 노후화로 인한 파손으로 토사유실,20210709,932
20210164,전북특별자치도,익산시,하수관로 노후화로 인한 파손으로 토사유실,20210723,933
20210165,전북특별자치도,익산시,"하수관로 노후화, 파손으로 토사유실",20210811,934
20210166,전북특별자치도,익산시,하수관로 노후 및 파손으로 토사유실,20210917,935
20210167,경상남도,창원시 의창구,"우, 오수 연결관 노후로 인한 누수",20211201,936
20210168,대전광역시,서구,노후 하수관(450mm) 손상에 따른 지반침하 발생,20210718,937
20210169,대전광역시,서구,하수관과(600mm) 하수박스(W2200×H1500) 접속부 이음 불량으로 인한 도로침하,20210724,938
20210170,부산광역시,동래구,"자연침하 발생추이
",20210806,939
20210171,부산광역시,서구,"파형강관(D800mm, 1993년) 누수로 인한 동공발생 추정",20211115,940
20210172,경기도,김포시,2019년 2월부터 2020년 8월까지 진행되었던 공사과정 중 본관건물 하부 토사가 증축공사 구간으로 슬라이딩 유출되면서 공동이 형성되어 있었던 것으로 추정됨,20210904,941
20210173,경기도,김포시,2019년 2월부터 2020년 8월 까지의 시공과정(웰크론한텍)에서 발생되어진 공동으로 중단되어진 공사가 개시되면서 토사가 가라앉으며 발생됨,20210922,942
20210174,경기도,김포시,2019년 2월부터 2020년 8월 까지의 시공과정(웰크론한텍)에서 발생되어진 공동으로 중단되어진 공사가 개시되면서 토사가 가라앉으며 발생됨,20211104,943
20210175,충청남도,홍성군,하수관 손상으로 인한 세굴 발생으로 추정하고 있음.,20211101,944
20210176,경상남도,진주시,폐수관로 노후화,20211116,945
20210177,광주광역시,서구,지하철 2호선 공사 추진중 다짐불량으로 인한 침하 추정,20210830,946
20210178,전라남도,여수시,하수관로 누수,20210811,947
20210179,전북특별자치도,군산시,"우수관로 파손으로  인한 토사 유출로 지반침하 발생
",20210715,948
20210180,전북특별자치도,순창군,회전교차로 공사와 관련,20210706,949
20210181,경기도,고양시,,20210724,950
20210182,경기도,남양주시,,20210730,951
20210183,울산광역시,울주군,,20210811,952
20210184,광주광역시,서구,,20210830,953
20210185,경기도,고양시,,20210906,954
20210186,경기도,남양주시,노후 수로관(파형강관 2열)매설지점으로 도로 지반침하 발생,20240419,955
20220002,전북특별자치도,군산시,하수관 노후화로 인한 토사 유출로 지반침하 발생,20210825,956
20220003,전북특별자치도,군산시,KT관 손상으로 인한 지반침하 발생,20210827,957
20220005,서울특별시,은평구,"○ 사고장소 하단에 위치한 사각형거는 벽체 및 슬라브 노후로 인해 콘크리트 열화 및 철근 부식이 상당히 진행된 상태로, 중차량이 진입하여 무게를 견디지 못하고 도로함몰 발생
○ 사고 위치는 수색6재개발구역과 수색2재개발구역(시장정비사업)의 사이 골목으로 수색2구역에 포함",20220110,958
20220006,인천광역시,미추홀구,"인천 2호선 지하철 공사 진행시 h-beam 근처로 다짐이 부족하여 싱크홀 발생
",20161201,959
20220007,인천광역시,미추홀구,"하수관 손상으로 인해 토사가 쓸려내려가 싱크홀 발생
",20210910,960
20220008,서울특별시,강서구,이랜드글로벌R&amp;D센터 (마곡동 780 일대) 건축현장 지하가시설공사로 인한 지반침하,20220123,961
20220009,서울특별시,종로구,"    - 관    종 : 강관 구경 900mm(1970년 부설) 추정

    - 누수원인 : 강관 용접부 파손 추정
",20220123,962
20220010,전라남도,영광군,해안도로 파랑으로 인한 토사 세굴 구간에 중차량인 토사운반용 작업차량의 통행으로 지반 침하,20220130,963
20220011,광주광역시,서구,하수관 노후 및 파손으로 인한 토사유실,20220303,964
20220014,울산광역시,중구,,20220311,965
20220015,강원특별자치도,양양군,공사중  지반침하발생,20220506,966
20220017,경기도,고양시 일산동구,굴착공사 중 지반침하,20220531,967
20220018,세종특별자치시,세종특별자치시,"우수맨홀 최하단부 벽체 손상에 의한 시간 경과에 따라
토사 유출량 증가로 지반변형에 의한 침하",20220531,968
20220019,경기도,고양시 일산동구,1차 사고로 인한 지반 약화 추정 *1차사고(2022.5.31.),20220606,969
20220020,경기도,고양시 일산동구,"신축공사현장 3차 침하
1차(2022.5.31.), 2차(2022.6.6.)",20220609,970
20220021,대구광역시,북구,"- 위    치 : 북구 팔달로 233 앞(원대오거리)
- 누수일시 : 2022. 6. 15.(수) 04:25경
- 누수관로 : 관경 500㎜ DT관 1971년 매설(관령 만50년)
- 누수원인 : 노후로 인한 누수",20220615,971
20220022,서울특별시,동대문구,"민간아파트 굴착현장 공사 중 토사유실 등으로 사고 발생 추정되나, 관계부서 합동조사를 통해 정확한 원인 조사 필요",20220623,972
20220023,대구광역시,남구,노반 장기침하(추정),20220624,973
20220024,서울특별시,성북구,노후 하수관로 이음부 이격으로 토사유출로 인한 도로함몰 발생,20220623,974
20220025,서울특별시,동대문구,원인조사 필요,20220624,975
20220026,서울특별시,관악구,지반하부 지하수로 인한 토사 유출로 도로 침하 발생 추정 ,20220629,976
20220027,서울특별시,송파구,집중호우에 따른 하수박스 파손 부위의 토사 유실에 의한 자전거도로 함몰,20220701,977
20220028,서울특별시,종로구,,20220629,978
20220029,경기도,성남시 중원구,호우,20220701,979
20220030,경기도,양주시,호우로 인한 지반침하로 수로관 파열,20220704,980
20220031,서울특별시,영등포구,지반침하 주변 지하매설물 이상으로 추정,20220706,981
20220032,경기도,부천시,맨홀 접합부 하수관 파손에 의한 침하,20220702,982
20220033,전라남도,목포시,신축공사 지하 터파기 작업으로 인한 토사 유출로 지반침하 발생,20220413,983
20220034,경기도,안산시 단원구,"흙막이벽 SCW 하단(GL-34.6,M) 지층(풍화토)으로 도로의 지하수 유입으로 인한 침하발생",20220605,984
20220036,서울특별시,강동구,"공공하수관[D=600mm, 흉관, 매설일자(2021년도)]에 접합된 개인 배수시설(D=300mm)의 연결관이 접합불량으로 도로함몰이 발생된 것으로 확인.",20220710,985
20220037,경상남도,창원시 진해구,흄관 이음부 탈락으로 인한 지반침하 발생,20220612,986
20220038,대전광역시,서구,하수관로(D300mm) 노후 손상으로 함몰발생,20220310,987
20220039,대전광역시,서구,하수관로(D450mm) 관접합부 연결불량으로 인한 토사 유실,20220428,988
20220040,대전광역시,서구,하수관로(D300mm) 노후 손상으로 함몰발생,20220505,989
20220041,경상북도,예천군,"하수관로(D300mm) 노후, 파손으로 인한 토사유실",20220401,990
20220042,부산광역시,북구,,20220120,991
20220044,강원특별자치도,원주시,건수로 인한 지반침하,20220622,992
20220046,대전광역시,서구,굴착복구 다짐 미흡으로 인한 장기침하,20220628,993
20220047,충청남도,홍성군,우수관(파형강관)의 손상으로 아래 흙의 세굴,20220716,994
20220053,울산광역시,중구,,20220413,995
20220054,울산광역시,중구,다짐불량으로 인한 모래유실,20220603,996
20220055,부산광역시,서구,흄관(D900) 누수(함몰)로 인한 동공발생,20220104,997
20220056,제주특별자치도,제주시,"노후 하수관[D300mm, 매설일자(1993년 10월)] 파손으로 인도부 침하",20220719,998
20220057,경기도,안양시 만안구,지하보도 상부의 도로부 침하,20220701,999
20220058,경기도,화성시,하자보수 기간 후 자연침하,20220413,1000
20220059,경기도,화성시,하자보수 기간 후 자연 침하,20220427,1001
20220060,경기도,화성시,하자보수 기간 후 자연 침하,20220526,1002
20220061,경기도,화성시,하자보수 기간 후 자연침하,20220606,1003
20220062,경상남도,사천시,아파트 화단에서 원인불명의 지반침하로 싱크홀 비슷한 구멍이 생김.,20220719,1004
20220063,전북특별자치도,군산시,PE관(D600) 파손으로 인한 지반 침하,20220630,1005
20220064,강원특별자치도,양양군,주청리 2-15 생활형숙박시설 신축공사장 인근,20220803,1006
20220067,강원특별자치도,춘천시,노후 우수관 누수,20220624,1007
20220068,경기도,양주시,하수관 누수로 인해 인도(보도블럭 3칸) 일부 침하,20220806,1008
20220069,전북특별자치도,익산시,우수관 노후화로 인한 지반침하,20220120,1009
20220071,전북특별자치도,익산시,오수맨홀 노후화로 인한 지반침하,20220329,1010
20220072,전북특별자치도,익산시,우수관 노후화로 인한 지반침하,20220408,1011
20220073,전북특별자치도,익산시,우수맨홀 하부 부식으로 인한 침하,20220423,1012
20220074,전북특별자치도,익산시,우수관 노후화로 인한 지반침하,20220531,1013
20220075,전북특별자치도,익산시,우수관 노후화로 인한 지반 침하,20220323,1014
20220076,전북특별자치도,전주시 완산구,,20220309,1015
20220077,경기도,고양시 덕양구,,20220803,1016
20220078,전북특별자치도,전주시 완산구,,20220420,1017
20220079,전북특별자치도,전주시 완산구,,20220510,1018
20220080,전북특별자치도,전주시 완산구,,20220610,1019
20220081,전북특별자치도,전주시 완산구,,20220624,1020
20220082,전북특별자치도,전주시 완산구,하수관로 파손으로 인한 지반 침하,20220510,1021
20220083,전북특별자치도,전주시 덕진구,우수관로 옆 지반침하,20220621,1022
20220084,강원특별자치도,춘천시,지하안전관리협회 탐사요청,20220808,1023
20220085,서울특별시,영등포구,원인미상으로 파악 중,20220809,1024
20220086,부산광역시,금정구,금사역 일원 다짐불량 추정,20220625,1025
20220087,서울특별시,동작구,승강 편의시설(E/L) 공사 되메우기 다짐불량 추정(집중호우 발생),20220809,1026
20220088,서울특별시,강남구,"집중호우로 공사장으로 하수관 월류 및 가시설 누수(2개소 침하)
※ 강남구 강수량 24:00 ~ 01:00  기준 시간누적 26.5mm",20220809,1027
20220089,충청북도,음성군,"&apos;2021년도 하반기 및 2022년 3월경 총 2차례
지름 1m이상의 지반함몰 발생 이력 확인.
정확한 원인 파악은 지반 탐사 필요.",20220310,1028
20220090,충청북도,음성군,"도로 내 지름 0.1m, 깊이 2m이상 지반 침하 발생
음성군 수도사업소 하수도팀 관로 CCTV 확인결과, 관로 이상 확인",20220523,1029
20220091,충청북도,음성군,"작년 하반기경 관로공사를 시행했던 이력이 있어, 2022. 6. 16. 
음성군 수도사업소 하수도팀에서 관로 CCTV 점검을 시행했지만, 
관로 이상 없음으로 판단하여 지반침하 취약지역 탐사대상으로 제출",20220603,1030
20220092,광주광역시,광산구,,20220518,1031
20220093,경기도,부천시,노후 하수관 유실 및 맨홀 구체 파손으로 인한 침하,20220809,1032
20220094,대전광역시,중구,하수관 손상 및 다짐 불량,20220520,1033
20220096,대전광역시,중구,하수관 손상 및 다짐 불량,20220512,1034
20220097,강원특별자치도,양양군,공사장내 토사및 지하수 유입으로 인한 지반침하,20220809,1035
20220098,충청남도,당진시,신평면 신당리 264버지 비닐하우스 지하 // 전력구공사(북당진-신탕정)건설현장 인근 에서 발생,20220811,1036
20220099,경상남도,합천군,마을진입로 하부 유실,20220809,1037
20220100,경기도,과천시,하수관로 교체작업 다짐불량으로 인하여 침하,20220808,1038
20220101,경기도,성남시 분당구,하수관 파손으로 인한 토사 유출로 지반침하 발생,20220809,1039
20220102,경기도,안산시 단원구,가스관 시공 부실로 인한 지반침하 발생,20220811,1040
20220104,경기도,고양시 일산동구,다짐(되메우기) 불량,20220816,1041
20220105,강원특별자치도,속초시,원인파악중,20220813,1042
20220106,강원특별자치도,삼척시,"자연발생적인 동공발생현황으로 추정됨
(사고위치 경도 위도는 가장 가까운 번지로 입력함)",20220812,1043
20220107,경상북도,봉화군,원인을 알 수 없어 지하안전정보시스템을 통해 지반침하 안전검점 지반탐사를 신청하였으나 그 결과 특이사항 없었음.,20220211,1044
20220108,광주광역시,남구,지하철 1호선 공사 구간 토사 유실 추정,20220427,1045
20220109,충청북도,제천시,상하수관 파손으로 인한 토사 유출로 지반침하 발생,20220625,1046
20220110,충청북도,제천시,"상수도관(D200) 누수로 인한 지반침하 발생
",20220524,1047
20220111,충청북도,제천시,"상하수관 파손으로 인한 토사 유출로 지반침하 발생
",20220623,1048
20220112,대전광역시,서구,우수박스 파손에 따른 토사유실로 인한 침하,20220812,1049
20220113,경기도,고양시 덕양구,하수관로 관 파손 및 균열에 따른 토사 유실,20220821,1050
20220114,서울특별시,관악구,개인 사유지 내 노후 하수관로(D450mm) 파손,20220813,1051
20220117,경기도,오산시,"중호우로 인한 하수관로(D1,100㎜) 접속부 유격 발생 및 토사 유실로 인한 지반침하 발생",20220809,1052
20220118,충청북도,청주시 상당구,집중호우로 인한 지반 침하 발생,20220811,1053
20220119,제주특별자치도,제주시,우수관(주름관 600mm)이 노후되어 파손된 틈으로 우수가 유출되어 토사가 유실된 것으로 추정,20220820,1054
20220120,서울특별시,양천구,집중호우 발생에 따른 개인 배수설비 파손,20220808,1055
20220121,강원특별자치도,양양군,지중변위계 설치지역 인근에서 암반 천공 진동 및 물 주입으로 흙막이 약한부분  손상 예측,20220824,1056
20220122,경상북도,포항시 남구,"2022.08.25. 09:50분경 신고에 의해 발견한 현장임
현장 확인 결과 하수관로 이탈에 따른 흙유실로  기존 아스팔트 하부가 많이 유실된 상태임
",20220825,1057
20220124,경기도,의정부시,집중호우로 인한 토사 유출,20220831,1058
20220125,경기도,오산시,폭우로 인한 지하수위상승,20220815,1059
20220126,경상북도,포항시 남구,"태풍영향으로 보이며
하수관로 탈락으로 인하여 지반이 유실되어  발생된 싱크홀로 보임 ",20220906,1060
20220127,경상북도,포항시 남구,"태풍에 따른 집중호우
인도 아래쪽 우수관로 흙 유실로 인하여 싱크홀 발생",20220906,1061
20220128,경기도,안성시,다짐불량으로 인해 집중호우 시 우수관 접합부 탈락,20220907,1062
20220129,전라남도,영광군,원인불명 씽크홀 발생,20220908,1063
20220130,제주특별자치도,제주시,우수박스에 연결된 우수관 이음부몰탈이 파손되어 누수에 따른 싱크홀 발생으로 추정,20220926,1064
20220131,서울특별시,마포구,통신관로(LG유플러스) 주변 침하,20221003,1065
20220132,경기도,고양시 일산동구,굴착공사 부실,20221005,1066
20220133,충청북도,청주시 서원구,"농로 옆 소하천 노후 옹벽 균열 틈으로  유수에 의한 (콘크리트)도로 하부 토사 유실발생 및 가장자리 옹벽 파손, 상판붕괴( 꺼짐)으로 차량 이 전도됨. ",20221015,1067
20220135,전라남도,여수시,"○ 지표부터 매립층(사석, 자갈, 모래, 점토 혼재), 충적층(매우 느슨한 점토질 모래, N값 1∼3), 풍화토, 풍화암으로 지층이 구성되어 있으며, 해안 인접으로 조위차에 의한 지하수 유동이 큼. 따라서 매립층 및 충적층에서 SCW(전열) 및 CIP(후열) 시공 시 흙막이 벽체 품질 불량이 우려되며, 이로 인한 벽체 강성 저하로 토압 및 수압에 대한 저항력이 약화되어 벽체가 급격히 붕괴되었을 것으로 추정

○ SCW 전열 벽체와 CIP 후열 벽체 사이(약 2m)에 2.7m 간격으로 JSP* 지반보강 공사가 진행되었으며, JSP 공법 특성상 교반 시 강한 압력으로 기시공된 SCW 등 벽체에 영향을 미쳐, 기존 흙막이 벽체의 강성 저하를 야기하여 벽체가 수압 및 토압을 견디지 못하였을 것으로 추정 
？   * JSP(Jumbo Special Pile) 공법 : 시멘트 밀크 경화제를 초고압으로 분사시켜 원지반을 교란·혼합하는 주입공법이며, 전열과 후열을 강성화하기 위해 현장에 적용됨 
○ 또한, 후열 CIP에 차수공법이 반영되지 않아 전열 SCW까지 해수가 유입되면서 벽체 전반적으로 간조와 만조에 의한 지속적인 수위변화와 수압 작용이 흙막이 벽체에 악영향을 미친 것으로 추정  ",20221102,1068
20220136,서울특별시,서초구,노후 하수관로(D450mm) 파손으로 인한 지반침하 발생,20221119,1069
20220137,충청남도,보령시,원인불명,20221130,1070
20220138,서울특별시,구로구,"？ 장       소 : 구로구 오리로 1149 (천왕역 2번출구 인근) 
？ 사고원인 : 다짐불량으로 추정
？ 피해상황 : 부상자 1명 발생(유지선(여,50세)/오른쪽발목통증/부천성모병원 응급실 치료후 자가 퇴원)
？ 발생규모 : 0.2m×0.8m×0.5m(가로×세로×깊이)",20221208,1071
20220139,서울특별시,강동구,가정하수관 연결부 파손으로 인한 토사유실 추정,20221231,1072
20220140,경기도,안양시 만안구,토사 유실,20220810,1073
20220141,대전광역시,서구,우수BOX 벽체파손으로 인한 지반침하,20221114,1074
20220142,대전광역시,서구,하수관로 흄관 접합부 이격으로 인한 지반침하,20220913,1075
20220143,전북특별자치도,군산시,우수맨홀 노후화로 인한 지반침하 발생,20220815,1076
20220144,경기도,성남시 분당구,"광역상수도관로(D2,600) 관체 균열로 인한 누수 발생",20221224,1077
20220146,인천광역시,부평구,"발생원인을 파악하기 위해 확인터파기를 실시하였으나,
특별한 원인을 발견하지 못하였으며, 공공하수관과 개인하수관 접합부에서 수년간 토사유실로인해 도로침하가 발생했다고 추정.",20220720,1078
20220147,부산광역시,동래구,"자연침하로 인한 공동 발생
",20220711,1079
20220148,경기도,부천시,맨홀 하부 다짐불량으로 인한 지반 함몰 발생,20220831,1080
20220149,경기도,화성시,우수맨홀 및 관로라인 주변부 포장 파손,20221201,1081
20220150,경기도,화성시,우수관로 파손에 따른 포장 파손,20221201,1082
20220151,경기도,화성시,우수맨홀 주변부 도로 포장 파손,20221115,1083
20220152,경기도,화성시,우수관로 라인 주변부 도로 포장 파손,20221118,1084
20220153,경기도,화성시,우수맨홀 주변부 도로 포장 파손,20221012,1085
20220154,경기도,화성시,하수맨홀 파손에 따른 토사 유실로 인한 지반함몰,20220914,1086
20220155,경기도,이천시,여름철 집중호우에 따른 하수관 손상으로 우수 유출에 의한 침하,20220816,1087
20220156,경기도,이천시,여름철 집중호우에 따른 하수관 손상으로 우수 유출에 의한 침하,20220826,1088
20220157,강원특별자치도,철원군,도로횡단 수로 다짐 불량으로 인한 침하발생,20220918,1089
20220158,광주광역시,광산구,,20220804,1090
20220159,광주광역시,광산구,,20220804,1091
20220160,부산광역시,부산진구,"상수도관 파열에 따른 유출 발생, 유수에 의한 지반침하",20220902,1092
20220161,부산광역시,연제구,하수관로 집수정 벽체 노후로 인하여 토사 유실로 인한 지반침하 발생,20221126,1093
20220162,부산광역시,사하구,폐 상수관로 쪽으로 토사유실로 함몰발생,20220704,1094
20220163,부산광역시,사하구,지하철공사 가시설물(I빔 및 Con&apos;c구조물) 및 상수도관(600mm)  공사 시 다짐불량으로 추정,20220928,1095
20220164,경상남도,창원시 마산회원구,하수관로 파손으로 인한 도로 침하 ,20220907,1096
20220165,전북특별자치도,전주시 완산구,"콘크리트 박스 손상에 따른 토사 유실
",20220701,1097
20220166,전북특별자치도,전주시 완산구,"다짐 불량
",20220712,1098
20220167,충청북도,제천시,,20220702,1099
20220168,경상북도,구미시,,20220901,1100
20220169,경상북도,구미시,,20220906,1101
20220170,경상북도,구미시,,20220912,1102
20220171,경상북도,구미시,,20220921,1103
20220172,경상북도,구미시,,20220928,1104
20220173,경상북도,구미시,,20221012,1105
20220174,경상북도,구미시,,20221103,1106
20220175,경상북도,구미시,,20221128,1107
20220176,경상북도,구미시,,20221226,1108
20220177,경상북도,구미시,,20221229,1109
20220178,광주광역시,남구,하수 box 벽체 손상으로 인하여 토사가 유실되어 지반침하 발생,20221207,1110
20220179,전북특별자치도,전주시 완산구,"하수관 손상에 따른 토사 유실
",20220713,1111
20220180,전북특별자치도,전주시 완산구,"콘크리트 박스 손상에 따른 토사 유실
",20220725,1112
20220181,전북특별자치도,전주시 완산구,"콘크리트 박스 손상에 따른 토사 유실
",20220726,1113
20220182,전북특별자치도,전주시 완산구,"하수관 손상에 따른 토사 유실
",20220729,1114
20220183,전북특별자치도,전주시 덕진구,"하수관(우수) 노후로 인한 도로 침하
",20220802,1115
20220184,전북특별자치도,전주시 덕진구,"하수관(오수) 노후로 인한 토사 유실
",20220803,1116
20220185,전북특별자치도,전주시 완산구,"하수관 손상에 따른 토사 유실
",20220813,1117
20220186,전북특별자치도,전주시 완산구,"다짐 불량
",20220815,1118
20220187,전북특별자치도,전주시 완산구,"다짐 불량
",20220815,1119
20220188,전북특별자치도,전주시 완산구,"하수관 파손으로 인한 토사 유출로 지반침하 발생
",20220815,1120
20220189,전북특별자치도,전주시 완산구,"하수관 손상에 따른 토사 유실
",20220816,1121
20220190,전북특별자치도,전주시 완산구,"콘크리트 박스 손상에 따른 토사 유실
",20220818,1122
20220191,전북특별자치도,전주시 덕진구,"하수관(우수) 노후로 인한 토사 유실
",20220818,1123
20220192,전북특별자치도,전주시 완산구,"하수관 파손으로 인한 토사 유출로 지반침하 발생
",20220819,1124
20220193,전북특별자치도,전주시 덕진구,"하수관(우수) 노후로 인한 토사 유실
",20220826,1125
20220194,전북특별자치도,전주시 완산구,"콘크리트 박스 손상에 따른 토사 유실
",20220827,1126
20220195,전북특별자치도,전주시 완산구,"하수관 파손으로 인한 토사 유출로 지반침하 발생
",20220827,1127
20220196,전북특별자치도,전주시 덕진구,"하수관(우수) 노후로 인한 토사 유실
",20220830,1128
20220197,전북특별자치도,전주시 완산구,"맨홀 접합부 보수 불량으로 인한 지반침하 발생
",20220831,1129
20220198,전북특별자치도,전주시 덕진구,"하수관(우수) 노후로 인한 토사 유실
",20220908,1130
20220199,전북특별자치도,전주시 완산구,"포장 다짐 불량
",20221105,1131
20220200,전북특별자치도,전주시 덕진구,"하수관(오수) 노후로 인한 도로 침하
",20221211,1132
20220201,전라남도,무안군,토사유실로 인한 도로 침하,20221128,1133
20220202,전북특별자치도,전주시 완산구,,20220816,1134
20220203,충청남도,천안시 서북구,우수관로 손상,20220817,1135
20220204,경기도,남양주시,노후 수로관(파형강관 2열) 매설지점으로 도로 지반침하 발생,20240419,1136
20230001,부산광역시,사상구,노후 하수시설(U형측구) 파손 등으로 인한 누수 발생에 따른 토사 유실로 지반침하 발생,20230105,1137
20230002,전북특별자치도,김제시,자연침하,20230102,1138
20230003,서울특별시,도봉구,건축물 신축 공사장 굴토(철거) 작업장 인근으로 원인 확인중,20230113,1139
20230004,경상남도,창원시 진해구,다짐불량,20230113,1140
20230005,경기도,시흥시,흙막이벽체(지하연속벽) 시공이음부 콘크리트 재로분리로 인한 공극부 누수 발생,20230126,1141
20230006,경상북도,구미시,,20220902,1142
20230007,강원특별자치도,속초시,차수공법 시공 미흡으로 흙막이 벽체 틈 사이로 토사와 지하수가 유출,20230211,1143
20230008,전라남도,무안군,조사 중,20230203,1144
20230009,서울특별시,서초구,통신케이블 처짐 및 가시설 미제거에 의한 장기 침하(추정),20230217,1145
20230010,강원특별자치도,강릉시,,20230227,1146
20230011,경상북도,경산시,D300mm 주철관 이음부 볼트 체결 약화에 따른 수도 누수로 인하여 경미한 지반 침하 발생,20230305,1147
20230012,서울특별시,용산구,"노후 하수관로(흄관, D300 mm)파손",20230307,1148
20230013,서울특별시,중구,"하수관로(매설년도 미상, D600mm) 이음부 이격으로 인한 토사 유출",20230311,1149
20230014,경기도,시흥시,"지반침하 발생부근 인근의 임시포장도로에서 되메우기불량으로 지반침하 발생부근의 토사가 유실된 것으로 추정되며,
침하도로 이용차량 약 7대에 경미한 피해 발생",20230315,1150
20230015,부산광역시,사상구,"지장물(상수도관, 통신관 등)로 인해 다짐 불량에 따른 지반 침하 발생",20230324,1151
20230016,서울특별시,은평구,6호선 대합실구조물 되메우기시 다짐불량으로 인한 공동발생,20230331,1152
20230017,경기도,고양시 일산서구,하수관 손상,20230404,1153
20230018,강원특별자치도,속초시,"골조공사 진행에 의한 잔류수압 상승, 자재이동 차량에 의한 추가하중 및 시간경과에 따른 차수효과 저하",20230331,1154
20230019,강원특별자치도,춘천시,토사자연유실,20230404,1155
20230021,부산광역시,사하구,오수맨홀 주변 옹벽구간 다짐(되메우기)불량,20230411,1156
20230022,서울특별시,서대문구,다짐 불량 추정(흙마대 다수 매립),20230406,1157
20230023,서울특별시,송파구,"공사 인접 구간으로 지반 불안정 상태에서 우천으로 인한 토사 유실
",20230412,1158
20230025,강원특별자치도,속초시,,20230504,1159
20230026,서울특별시,중랑구,"신내4 신내역로 우회전차로 신설공사구간 내

우천으로 인한 우수배수로 미확보로 물길이 보도쪽으로 형성  보도 침하 발생",20230506,1160
20230028,경기도,포천시,조사 필요,20230509,1161
20230029,대구광역시,북구,"위치:북구 팔달동 524-32
누수일시:2023년5월10일
누수관로:하수박스(1.2m x 1.2m)
누수원인:노후로 인한 누수",20230510,1162
20230030,경기도,부천시,우천으로 인한 보도 침하 발생 추정,20230508,1163
20230031,경기도,군포시,하수관로 손상,20230520,1164
20230032,경기도,고양시 일산서구,GTX 공사 현장으로 원인 파악 중,20230531,1165
20230033,경기도,수원시 권선구,비개착공법으로 도로하부 추진 중 공극발생 등에 의한 원인 추정,20230526,1166
20230034,경기도,고양시 덕양구,소화전 누수,20230531,1167
20230035,충청북도,청주시 흥덕구,측구에 매설된 하수관 파손으로 지반침하 발생,20230606,1168
20230036,경기도,부천시,하수관로 파손으로 인한 침하 발생,20230520,1169
20230037,서울특별시,중랑구,건축공사중 주변 하수관로(D600mm) 이음부 이격 및 누수로 인한 토사유실 발생,20230611,1170
20230038,경기도,시흥시,흙막이 벽체 누수 발생,20230613,1171
20230039,경기도,시흥시,6.13.에 발생한 누수가 지속되어 추가침하 발생,20230618,1172
20230040,경상남도,합천군,하수맨홀 설치 후 장기간에 걸친 침하,20230623,1173
20230041,서울특별시,구로구,하수박스 파손으로 인한 지반침하로 다리가 빠져 부상자(다리 타박상) 1명 발생함,20230626,1174
20230043,경기도,화성시,"시공 부실로 인한 1차 침하 발생, 이후 추가 유실되면서 기존 상수관 손상시켜 유실 깊이 증가",20230626,1175
20230044,강원특별자치도,속초시,,20230628,1176
20230045,광주광역시,북구,하수도 파형관 바닥 세굴로 인한 하수도 누수 발생 후 토사유출로 상수도(D350mm)관 접합부 누수 발생 ,20230628,1177
20230046,광주광역시,동구,집중호우 및 하수박스 누수,20230627,1178
20230047,광주광역시,동구,집중호우 및 하수박스 누수,20230627,1179
20230049,경상북도,칠곡군,우수관 손상으로 인한 토사 유실,20230619,1180
20230050,경상북도,경주시,개인배수설비불량,20230519,1181
20230051,경상북도,경주시,다짐 불량,20230626,1182
20230052,경상북도,구미시,,20230309,1183
20230053,경상북도,구미시,,20230414,1184
20230054,경상북도,구미시,,20230314,1185
20230055,강원특별자치도,춘천시,,20230629,1186
20230056,전북특별자치도,군산시,수로복개구간 상판 파손으로 인한 싱크홀발생,20230601,1187
20230057,전북특별자치도,군산시,노후흄관 파손으로 인한 싱크홀발생,20230619,1188
20230059,대전광역시,서구,흄관 파손으로 인한 도로함몰,20230217,1189
20230060,대전광역시,서구,흄관 접합불량으로 인한 침하,20230502,1190
20230061,대전광역시,서구,흄관 접합불량 및 맨홀 접합불량으로 인한 침하,20230504,1191
20230062,대전광역시,서구,흄관 접합불량으로 인한 침하,20230512,1192
20230063,대전광역시,서구,흄관 접합불량으로 인한 침하,20230619,1193
20230064,서울특별시,도봉구,노후 하수관로 파손으로 인한 지반침하로 추정,20230612,1194
20230065,경상남도,진주시,폐수관 파손으로 인한 토사 유실로 지반침하 발생,20230427,1195
20230066,충청북도,충주시,지하에 매설된 우수관(1000mm)이 방청 처리가 되어있지 않아 부식으로 인해 손상되어 지반 침하 발생,20230610,1196
20230067,강원특별자치도,강릉시,하수관 손상에 따른 세굴,20230709,1197
20230068,경상남도,사천시,다짐(되메우기) 불량,20230412,1198
20230069,서울특별시,노원구,1련 하수박스 외벽 파손에 따른 토사유출로 인한 보도 침하,20230712,1199
20230070,경기도,안산시 단원구,원인 파악 중,20230609,1200
20230071,광주광역시,동구,"노후 하수관로(1,000mm) 파손으로 인한 침하 발생",20230627,1201
20230072,강원특별자치도,원주시,하수관로 교체작업 다짐불량으로 인하여 침하,20230711,1202
20230073,경기도,이천시,도로 공사 당시 빗물받이 부실 시공으로 인한 지반침하,20230626,1203
20230076,경기도,이천시,우수관로 연결부위 부실 시공으로 인한 관파손에 따른 지반 침하,20230628,1204
20230077,경기도,이천시,하수관로 주변 토사 유출로 인한 지반 침하,20230630,1205
20230078,경기도,이천시,관로 침하로 인한 도로침하,20230510,1206
20230079,경기도,이천시,관로 침하로 인한 도로침하,20230630,1207
20230080,경기도,화성시,"물다짐 불량(한국지역난방공사 동탄지사 측 제출 위도: 37.167844, 경도: 127.118517)",20230117,1208
20230081,대구광역시,달성군,빗물유입에 따른 토사유출,20230516,1209
20230082,대구광역시,달성군,원인미상,20230531,1210
20230083,강원특별자치도,고성군,하수관로 시공 후 다짐 불량,20230322,1211
20230084,강원특별자치도,고성군,상수관로 시공 후 다짐 불량,20230419,1212
20230085,강원특별자치도,영월군,"지속적인 하중으로 자연 침하
",20230109,1213
20230086,강원특별자치도,영월군,"대형차량 통행 등 지속적인 침하
",20230125,1214
20230087,강원특별자치도,영월군,"대형차량 통행 등 지속적인 침하
",20230317,1215
20230088,광주광역시,광산구,하수관 연결부 이격으로 인한 토사유입,20230424,1216
20230089,광주광역시,광산구,하수관 연결부 이격으로 인한 토사유입,20230518,1217
20230090,광주광역시,광산구,하수관 연결부 이격으로 인한 토사유입,20230630,1218
20230092,대구광역시,북구,지하수로 인한 동공,20230716,1219
20230093,부산광역시,남구,"확인 굴착 결과 : 엘리베이터 설치(2011년) 시 다짐불량에 따른 침하로 추정 (공동X, 하수시설 파손X)
도로침하에 따른 인명, 차량 등의 피해는 없으며, 금회 집중호우로 인해 단기간에 침하발생
",20230717,1220
20230094,광주광역시,북구,,20230118,1221
20230096,광주광역시,동구,,20230505,1222
20230097,광주광역시,서구,,20230513,1223
20230098,광주광역시,광산구,,20230520,1224
20230099,광주광역시,동구,,20230613,1225
20230100,광주광역시,광산구,,20230617,1226
20230101,광주광역시,북구,,20230630,1227
20230102,서울특별시,송파구,"송파구 송파동 58-1번지 개인하수관 연결부 파손(접속부 불량, 이음부 이격 등)으로 토사 유실에 의한 자전거도로 함몰",20230719,1228
20230103,부산광역시,부산진구,연약지반 및 다짐불량으로 인한 지반침하,20230519,1229
20230104,부산광역시,부산진구,지하철 가시설 미인발로 인한 지반침하,20230611,1230
20230105,부산광역시,북구,하수박스(2.0x1.4) 파손(약 10m구간)으로 인한 도로침하 발생,20230719,1231
20230106,전라남도,완도군,,20230615,1232
20230107,경상남도,창원시 의창구,오수관 노후로 인한 싱크홀 발생,20230720,1233
20230108,경기도,포천시,우수관 노후화로 인한 누수,20230723,1234
20230109,광주광역시,북구,하수관로 접합부 불량으로 인한 토사 유출로 지반침하 발생,20230628,1235
20230110,광주광역시,서구,,20230420,1236
20230111,서울특별시,송파구,지하차도 하부 공동으로 상부지반(부채도로)의 토사 유출이 지속되어 약 5m 깊이의 지반침하 발생,20230726,1237
20230112,인천광역시,연수구,발생 원인 조사 중,20230713,1238
20230113,경상남도,양산시,한국전력공사 남부건설본부에서 TBM 터널식 전력구공사 중 장비 도달을 위하여 관통작업 중 지하수 유출 발생으로 도로 침하,20230725,1239
20230114,강원특별자치도,속초시,"- 1, 2차 인접지반 침하발생 조치방안으로 차수보강 그라우팅 중 지하유출수 발생
- 외부그라우팅 라인에 전주 주변 경사로 천공 후 그라우팅 실시하였으나, 해당부위 주변으로 외부 벽체 전도됨",20230731,1240
20230115,제주특별자치도,제주시,우수맨홀과 우수측구 사이 연결관 이탈로 인해 수일간 우수가 지하로 유출되어 토사가 유실되어 발생된 것으로 추정,20230726,1241
20230116,광주광역시,광산구,하수관로 손상으로 인한 지반침하,20230725,1242
20230117,부산광역시,강서구,,20230801,1243
20230118,서울특별시,성북구,"하수관로(D600mm)에 타관통과(상수도 D250mm) 유수장애로 인한 수압상승(집중호우)
2개소",20230806,1244
20230119,서울특별시,강남구,"폐쇄 상수관로(1982년 매설, 강관, D700mm) 접합부 손상",20230811,1245
20230121,경기도,안산시 단원구,하수관거(오수관)과 맨홀 접합부 파손에 의한 보도구간 땅꺼짐 및 싱크홀발생,20230813,1246
20230122,충청북도,보은군,지하수관로 매설 다짐불량으로 인하여 침하,20230717,1247
20230123,경기도,파주시,,20230824,1248
20230124,경기도,의정부시,함몰위치에 인접한 우수관의 파손에 따른 우수 유출로 인해 인근 지하철 공사 개착구간으로 토사가 유실되어 함몰된 것으로 판단됨,20230824,1249
20230126,제주특별자치도,제주시,고압 농업용수관로 누수에 따른 관로 주변 토사 쇄굴 및 공동 발생,20230819,1250
20230127,경상북도,경주시,노후화된 횡단 용수관(D750) 파손으로 인한 도로 함몰,20230831,1251
20230128,경상남도,진주시,폐수관로 노후화로 인한 파손 추정,20230904,1252
20230129,서울특별시,서초구,상수도 누수(4개소),20230911,1253
20230131,경상남도,진주시,저번 발생지점 CCTV 조사 중 폐수관로 노후화로 인한 파손으로 토사 유실로 추정,20230917,1254
20230132,경상남도,사천시,하수관로(차집관로) 노후 및 파손 등으로 인한 싱크홀 발생,20230918,1255
20230133,서울특별시,강남구,부등침하로 인한 상수관로 파손,20230912,1256
20230134,전라남도,광양시,"우수맨홀 구체 일부가 탈락,  탈락 부위로 우수 및 토사가 유출",20230919,1257
20230135,경기도,성남시 수정구,상수도 파손으로 인한 누수발생. 지반 쓸림현상에 따른 포트홀로 추정,20230921,1258
20230136,서울특별시,송파구,상수도 누수로 인한 토사 유실 및 지반침하로 인한 공공하수관 이격 발생,20231011,1259
20230137,광주광역시,남구,,20230302,1260
20230138,광주광역시,서구,,20230314,1261
20230139,광주광역시,남구,,20230504,1262
20230140,서울특별시,영등포구,"하수관 맨홀 이상
",20231025,1263
20230141,강원특별자치도,강릉시,건축 공사장 인근 굴착 공사로 인한 지반침하로 추정,20231030,1264
20230142,서울특별시,강서구,포장 하부 불명 조적구조물 파손으로 인한 토사 유실,20231103,1265
20230143,광주광역시,동구,지표면 아래 하수관(흄관) 파손,20230821,1266
20230144,부산광역시,북구,"하수관 노후, 파손, 누수로 인한 토사유실",20230810,1267
20230145,부산광역시,북구,우수유입으로 인한 지반융기 후 토사유실,20230810,1268
20230147,서울특별시,강남구,상수관(D300mm) 손상 누수,20231208,1269
20230148,광주광역시,북구,,20230721,1270
20230149,광주광역시,광산구,,20230725,1271
20230150,광주광역시,광산구,,20230725,1272
20230151,광주광역시,북구,,20230815,1273
20230152,광주광역시,동구,지표면 아래 하수관(흄관) 파손,20231012,1274
20230153,부산광역시,부산진구,상수도관(D800) 누수로 인한 지반침하,20230831,1275
20230154,부산광역시,북구,"하수도관 노후, 파손, 누수로 인한 토사유실",20230824,1276
20230155,전라남도,순천시,집중호우로 인한 우수관 들뜸,20230712,1277
20230156,대전광역시,서구,하수관로 파손으로 인한 도로함몰,20230722,1278
20230157,대전광역시,서구,하수관로 파손으로 인한 도로함몰,20230802,1279
20230158,강원특별자치도,횡성군,우수관로 연결부 불량에 따른 침하,20230820,1280
20230159,강원특별자치도,횡성군,우수관로 연결부 불량에 따른 침하,20230615,1281
20230161,대전광역시,중구,U형하수도 상부 슬래브 파손,20230703,1282
20230162,대전광역시,중구,하수관로와 맨홀 접합부 파손으로 인해 토사 유실,20230814,1283
20230163,경기도,화성시,"2006년 동탄지구 조성 시 공원 부지 조성 전 A,B블럭 지하 연결통로 조성 시 마감 처리 미흡에 따른 우수 및 토사 유입에 따른 침하 발생 추정",20230814,1284
20230164,충청북도,음성군,"기존 유출우수관로 노후화로 맨홀 연결부분 파손 및 이탈 발생
맨홀 유입관(D1200, D500 2개)에 비해 유출관(D1000)이 작아 수압이 크고 
우수관이 이중벽관으로 시공되어 내구성이 취약",20230824,1285
20230165,충청북도,제천시,기존 합류관 파손에 의한 토사 유실로 싱크홀 발생,20230703,1286
20230166,충청북도,제천시,관로 이음부 벌어짐 부분에 토사유실로 인한 싱크홀 발생,20230808,1287
20230167,충청북도,제천시,우수관 주변 도로 침하 발생,20230818,1288
20230168,충청북도,제천시,우수관로 주변 침하,20231019,1289
20230169,광주광역시,서구,"하수관로 노후화로 인한 도로침하 발생 
",20230718,1290
20230170,광주광역시,남구,우수 D800mm가 우수박수접합점에서 누수발생 씽크홀,20230821,1291
20230171,부산광역시,사상구,노후 하수관로(83년)파손으로 인한 누수 발생으로 토사 유실,20230812,1292
20230172,부산광역시,사상구,자연침하에 따른 토사 유실,20230830,1293
20230173,부산광역시,동래구,,20231227,1294
20230174,부산광역시,금정구,동공 아래 하수박스 슬라브 및 벽체 파손으로 인한 토사 유실로 추정,20230919,1295
20230175,인천광역시,서구,원인불명의 지반침하 발생,20231019,1296
20230176,제주특별자치도,제주시,우수관로 손상으로 인한 토사 유실 추정,20231122,1297
20240001,서울특별시,성북구,다짐불량,20240103,1298
20240002,강원특별자치도,고성군,"오피스텔 신축공사 현장
흙막이벽 내 균열로 인한 지하수 유입에 따른 싱크홀 추정 
오후 16:00 ",20240105,1299
20240003,강원특별자치도,고성군,"24.1.8 오후 4시경 흙막이벽 보수공사 중 크랙발생
ccip공사 중 수압으로 흙막이벽 내 사이 벌어짐 및 천공기 빠짐
4시 20분경 땅꺼짐 현상 발생 
",20240108,1300
20240004,충청북도,청주시 청원구,"붐탐관 손상으로 인한 함몰 발생 
",20230717,1301
20240005,충청북도,청주시 청원구,우수 박스 맨홀 이음매 파손으로 인해 함몰 발생,20231214,1302
20240006,경기도,용인시 기흥구,인근 광역상수3단계 설치공사 현장 지하수 펌핑에 따른 지반침하 가능성 있음,20240110,1303
20240007,서울특별시,강남구,하수박스 이설에 따른 빗물받이 연결관 미폐공으로 추정,20240116,1304
20240009,경기도,파주시,송전선로 매설공사(비개착 공법)에 따른 공동 발생 (추정),20240203,1305
20240010,경기도,남양주시,우수관(D1000㎜) 파손으로 인한 우수 유출되어 지반 침식으로 싱크홀 발생,20240206,1306
20240011,서울특별시,성북구,지하연결통로공사 해빙기 토사유실로 추정,20240223,1307
20240012,경기도,남양주시,우수관 파손으로 인한 지반 침식으로 싱크홀 발생,20240304,1308
20240013,부산광역시,남구,(확인굴착결과) 한전 고객 배전선로 여유공 파손으로 토사유실로 판단됨,20240314,1309
20240015,전라남도,광양시,노후관로로 인해 부분 누수 발생,20240417,1310
20240016,부산광역시,북구,가스배관 다짐불량 추정,20240419,1311
20240017,부산광역시,사상구,상수관로(D300mm) 탈락에 따른 누수로 토사 유실 추정,20240430,1312
20240018,서울특별시,강남구,빗물받이 연결관이 노후·파손에 따른 토사 유실로 동공 및 침하 발생,20240501,1313
20240019,부산광역시,연제구,원인불명,20240507,1314
20240020,부산광역시,사상구,"- (4. 30.) 1차침하발생 시 상수관 및 하수관 파손, 
- (5.5.) 2차 침하 발생시 파손된 오수관(D200mm)으로 우수가 역류하여 토사  유실",20240505,1315
20240021,경상남도,진주시,하수관 손상,20240514,1316
20240022,전라남도,화순군,상수관 파손으로 인한 토사 유출로 지반침하 발생,20240514,1317
20240023,부산광역시,서구,상수도 폐관 (D=200mm)누수 에 의한 지반 침하,20240529,1318
20240024,경기도,용인시 처인구,"용인반도체 클러스터 일반산업단지 전력구 공사 터널 공사 중 발생 직경 6m, 깊이 1.5m",20240616,1319
20240025,경기도,평택시,직경 600mm 상수도관 연결부(조인트) 누수로 인해 도로상 싱크홀 발생,20240624,1320
20240026,인천광역시,연수구,상수도관 파열,20240620,1321
20240027,인천광역시,연수구,흙막이 공사를 하면서 옆지반 물빠짐으로 인한 지반 일부 침하,20240630,1322
20240029,경기도,수원시 팔달구,집중호우 시 우수침투로 인한 공동 발생,20240711,1323
20240030,서울특별시,마포구,"하수맨홀과 하수관(D1,000mm) 이음부 파손에 따른 토사유실",20240713,1324
20240031,광주광역시,서구,"관접합부위 파손으로 인한 도로침하 발생
",20240208,1325
20240032,광주광역시,서구,"관로유실로 인한 도로침하 발생
",20240627,1326
20240033,경기도,평택시,노후 콘크리트 관 손상에 따른 침하,20240513,1327
20240034,경기도,평택시,"노후 우수관 파손에 따른 주변 지반 유실,침하",20240409,1328
20240035,대전광역시,중구,"공공하수관 노후 손상되어 토사 유실
",20240411,1329
20240036,대전광역시,중구,"공공하수관 노후 손상되어 토사 유실
",20240516,1330
20240037,대전광역시,중구,"하수 맨홀 벽체파손으로 인해 토사 유실
",20240527,1331
20240038,대전광역시,중구,집중호우로 인한 토사유실,20240306,1332
20240041,경기도,남양주시,오수 우수 암거 굴착공사,20240716,1333
20240042,세종특별자치시,세종특별자치시,상수도관 접합부 이탈에 따른 누수 발생으로 인한 지반침하,20240423,1334
20240043,세종특별자치시,세종특별자치시,우수맨홀 접합부 이상으로 우수 유출,20240529,1335
20240044,세종특별자치시,세종특별자치시,하수관,20240716,1336
20240045,경기도,용인시 수지구,우수관 파손,20240718,1337
20240046,광주광역시,북구,지중선로 굴착공사 미흡,20240412,1338
20240047,제주특별자치도,제주시,맨홀 하부 파손 등에 따른 토사 유실,20240528,1339
20240050,경기도,의정부시,다짐불량,20240402,1340
20240051,경기도,의정부시,배수설비 연결부 마감부분 노후로 인한 지반 침하,20240501,1341
20240052,서울특별시,송파구,상수관 100mm관 누수로 인한 도로동공발생,20240722,1342
20240053,대구광역시,군위군,집중호우로 인한 횡배수관 유실 ,20240711,1343
20240054,부산광역시,사하구,우수관로 주변 노후 및 다짐 불량으로 인한 발생,20240425,1344
20240055,대구광역시,북구,시설 노후화 및 다짐(되메우기) 불량으로 지반이 침하된 것으로 추정,20240723,1345
20240056,경상남도,진주시,지하수위 변화에 따른 토사유실 추정,20240723,1346
20240057,경기도,남양주시,하수관거(우수 및 오수) 파손(5~7m)으로 인한 싱크홀 발생,20240723,1347
20240058,경기도,고양시 일산서구,빗물받이 연결관 파손 ,20240723,1348
20240059,부산광역시,사상구,오수관로 파손 및 누수에 따른 토사유실,20240724,1349
20240061,부산광역시,북구,"하수관 노후, 파손, 누수로 인한 토사유실",20240128,1350
20240062,경상북도,경주시,"2차선 도로 하단의 2.5m 심도의 오수관로 흄관(D600mm) 상단의 일부 파손으로 토사 유실이 발생하여 폭 0.6m, 연장 0.6m, 깊이 2.5m의 싱크홀 발생",20240722,1351
20240063,경기도,평택시,상수관로 배수관(D150mm) 지관 파열로 인한 소규모 싱크홀 발생,20240725,1352
20240064,부산광역시,서구,하수박스(1.2x1.0) 하단 파손으로 인한 토사 유출로 지반침하 발생,20240725,1353
20240065,서울특별시,성북구,집중호우로 인한 공동 발생.,20240727,1354
20240066,부산광역시,영도구,하수 흄관(d700mm) 파손으로 인한 도로 침하,20240728,1355
20240067,경기도,군포시,도로 인접 아파트 옹벽 배면부 뒷채움재 침하로 인한 공동 발생,20240801,1356
20240068,부산광역시,동래구,원인불명,20240703,1357
20240069,부산광역시,동래구,미인발된 토류판 부식부를 통해 토사유실 ,20240509,1358
20240070,경기도,평택시,"- 맨홀과 우수관 연결부 틈새로 주변토사 및 우수 유.출입됨에 따라 인근 토사 유실.
- 유실된 토사와 동시에 주변층 침하로 이어져 싱크홀 발생.",20240731,1359
20240072,경기도,용인시 기흥구,우수관 파손으로 인한 토사 유실,20240725,1360
20240073,전라남도,완도군,우수관로 노후,20240426,1361
20240074,부산광역시,사상구,- 지하사고조위원회 원인 파악 중,20240820,1362
20240075,부산광역시,사상구,원인 파악 중,20240821,1363
20240076,경상남도,창원시 마산합포구,"하수관로(미상, HP, D900, 우수) 파손, 장마기간 호우 및 인근 지하수 영향으로 인한 토사유실 ",20240818,1364
20240077,서울특별시,서대문구,원인 미상,20240829,1365
20240078,서울특별시,송파구,도로하부 연약지반 장기압밀침하 추정,20240828,1366
20240079,서울특별시,서대문구,하수박스 연결부 채움재 불량,20240830,1367
20240080,대구광역시,동구,"-사고개요: 2024. 8. 31.(토) 12:28경 대구광역시 동구 방촌동 1020-41 삼거리 노상에 싱크홀이 발생하여 당직실 근무자 및 건설과 도로보수팀 담당자가 현장 출동하여 현장 통제
-발생원인 : 인근 하수관로 파열로 인해 물이 흘러들어 지반이 내려 앉은 것으로 추정",20240831,1368
20240081,서울특별시,강남구,장기 압밀침하,20240831,1369
20240082,서울특별시,구로구,하수박스 파손,20240901,1370
20240083,서울특별시,노원구,,20240222,1371
20240085,서울특별시,종로구,체신(통신)맨홀 파손,20240908,1372
20240086,부산광역시,영도구,하수관로 손상,20240910,1373
20240087,부산광역시,사상구,노후 하수관로(D600mm) 파손에 의한 보도 침하,20240731,1374
20240088,서울특별시,성동구,건축공사장 지하수 유출로 인한 토사유실,20240913,1375
20240094,전북특별자치도,군산시,흄관파손으로 인한 지반침하 발생,20240917,1376
20240095,부산광역시,사상구,지하사고조사위원회에서 원인 조사중,20240921,1377
20240096,부산광역시,사상구,지하사고조사위원회에서 원인 조사중,20240921,1378
20240097,경기도,파주시,임시가설수도관 파손,20240719,1379
20240098,경기도,파주시,집중호우로 인한 오수관로 우수 유입 및 토사유실 및 저면 펄 유입,20240720,1380
20240099,경기도,파주시,지하수 유입으로 인한 보일링현상,20240730,1381
20240100,경기도,파주시,시트 파일 시공장비로 인한 진동 및 하중에 의해 지반침하 발생 및 실트질의 액상화,20240820,1382
20240101,경기도,파주시,현장 인근 상수도관 파열로 인한 침하,20240909,1383
20240102,전북특별자치도,전주시 완산구,지하관로 CCTV 촬영 하였지만 문제점 확인 불가.,20240924,1384
20240103,인천광역시,부평구,인근 재개발공사측 굴착공사 관리 미흡,20241004,1385
20240104,광주광역시,광산구,노후하수관로 파손으로 인한 지반침하,20241015,1386
20240105,경기도,파주시,아동동 243-9번지 일원 주유소 용지 내 오일탱크 증설 공사 중 인근 도로의 균열 및 침하발생,20241111,1387
20240107,서울특별시,동대문구,수도 누수로 인한 하수관(폐관) 파손,20241107,1388
20240108,서울특별시,노원구,지하시설물 및 한전 맨홀 박스 주변 다짐 불량 추정 ,20241026,1389
20240109,경기도,의정부시,도로 하부 공동으로 인한 포장면 침하,20240718,1390
20240110,경상북도,구미시,가스배관 지하굴착공사(새미쉴드 공법) 중 상부 도로의 지반 침하,20241223,1391
20240111,광주광역시,북구,파형강관(Φ700mm) 부식으로 인한 토사유실,20241007,1392
20240112,광주광역시,남구,광주도시철도2호선 공사 인접구간 토사유실로 인한 도로 동공,20240720,1393
20240113,충청북도,옥천군,우수관로 손상,20240601,1394
20240114,전라남도,순천시,배수로 측면 파손으로 인한 건물 하부 토사 유출로 세굴 발생,20241020,1395
20240115,경기도,안양시 만안구,굴착공사 부실,20241129,1396
20240116,충청남도,홍성군,우수관 연결부 손상으로 지반침하,20240904,1397
20240118,충청남도,아산시,되메우기 불량 및 우수관 수용 용량 부족으로 추정,20240706,1398
20250001,충청북도,청주시 서원구,"하수관 (D1000) 파손으로 인한 토사 유실로 30cm 공동 발생
굴삭기로 굴착 결과 폭1.5m, 깊이 2m 공동 확인",20240816,1399
20250004,서울특별시,서대문구,"사천 빗물펌프장 유입관로(D=3m, L=32m, 토피 9.6m) 추진공사시(’25.1.2., 굴진 및 매설) 지반 토사 유실로 인한 동공 발생 추정(사고지점 지반 보강 그라우팅 미실시)",20250116,1400
20250005,경기도,남양주시,우수맨홀 연결부 틈 발생으로 인한 지반 유실,20250115,1401
20250007,강원특별자치도,강릉시,"인접한 주상복합 신축공사장 흙이 쓸려내려가, 지하에 매설된 상수도 본관이 지탱 힘을 잃어
떨어져 나가면서 급수관이 이탈됨.",20250211,1402
20250008,부산광역시,동구,시트파일 인발 후 토사 이완,20250207,1403
20250009,전북특별자치도,군산시,흙막이 벽체 및 차수공사 미흡에 의한 일부 구간 누수발생에 따라 지하수와 세립토 유실로 침하가 발생,20250110,1404
20250010,서울특별시,서대문구,신촌힐스테이트 주변 하수관로 접합부 이탈에 따른 토사 유실,20250305,1405
20250011,전북특별자치도,군산시,흙막이 벽체 및 차수공사 미흡에 의한 일부 구간 누수발생에 따라 지하수와 세립토 유실로 침하가 발생,20250227,1406
20250012,서울특별시,강북구,하수도 노후화에 의한 침하,20250116,1407
20250013,경기도,남양주시,토사유출에 의한 지반 침하,20250307,1408
20250014,서울특별시,송파구,원인 불명,20250317,1409
20250015,전북특별자치도,군산시,우수관 손상으로 인한 토사유출,20250122,1410
20250016,서울특별시,강동구,조사중,20250324,1411
20250018,서울특별시,강서구,"단순 도로침하
",20250117,1412
20250019,전북특별자치도,군산시,원인불명,20250401,1413
20250020,경기도,안산시 상록구,"상수도관 PE D250mm 접합부 이탈로 인한 누수 발생, 상수도 누수로 토사 유실되어 지반침하 발생",20250401,1414
20250023,충청남도,서천군,,20250331,1415
20250024,서울특별시,송파구,장기 침하 등 추정,20250328,1416
20250025,부산광역시,해운대구,보도하부 하수관(D1000)파손에 따른 토사유실,20250204,1417
20250026,경기도,양주시,도로 맨홀박스 토사유출에 따른 지반침하,20250410,1418
20250027,대전광역시,서구,,20250411,1419
20250028,경기도,광명시,터널 좌측 측압에 의한 변압 발생 추정,20250411,1420
20250029,부산광역시,사상구,"하수시설물 접합부 누수 등 복합적인 요인으로 인해 지반침하 추정
* 하수박스(2.0m×1.5m)와 통신다발관(폐관) 접합부 누수 및 도시철도 구간 흙막이·차수공법 시공 중으로 확인 필요 ",20250413,1421
20250030,강원특별자치도,강릉시,노후 수도관 파열[관종 및 관경: DCIP(D200mm)]로 인한 누수 발생으로 지반이 약화되어 소형 싱크홀 발생,20250413,1422
20250031,경기도,군포시,상수관로 파손으로 인한 누수 및 토사유실 추정,20250416,1423
20250032,인천광역시,부평구,지하보도 구조물 설치 후 되메우기 다짐 불량,20250415,1424
20250033,서울특별시,성북구,하수맨홀 하부슬라브 파손 부분으로 하수가 흐르면서 토사 유실되어 동공 발생,20250417,1425
20250034,광주광역시,동구,,20250415,1426
20250035,대전광역시,서구,,20250421,1427
20250036,경상북도,문경시,원인 미상,20250421,1428
20250037,경상북도,문경시,원인 미상,20250421,1429
20250038,경기도,수원시 장안구,,20250407,1430
20250039,서울특별시,중랑구,수도누수로 인한 도로함몰,20250423,1431
20250040,전북특별자치도,군산시,우수박스 상판부 파손에 따른 땅꺼짐 발생,20250427,1432
20250041,경기도,성남시 중원구,하수관 파손,20250428,1433
20250042,서울특별시,강북구,하수관로 파손에 의한 토사유실 추정,20250430,1434
20250043,서울특별시,동작구,하수맨홀 구체 파손,20250420,1435
20250044,경기도,이천시,,20250430,1436
20250045,서울특별시,강남구,토양의 압밀 침하로 인한 지반침하,20250427,1437
20250046,서울특별시,강남구,"토사 유실로 인한 단순 침하, 인근 지장물 없음",20250426,1438
20250047,경상남도,김해시,상수도관 누수로 인한 지반침하,20250512,1439
20250048,경상남도,김해시,우수관로 손상에 따른 누수 발생으로 싱크홀 발생,20250513,1440
20250049,서울특별시,강남구,치수과 공사 다짐 불량으로 치수과 연간단가 복구 예정,20250512,1441
20250050,충청남도,금산군,"1. 발생일자 : 2025. 5. 13. 19:55경
2. 위치  : 금산읍 중도리 208-2번지 앞 도시계획도로
3. 원인 : 도시계획도로상 매설되어 있는 하수관로가 파손되어 토사유출로 인한 침하",20250513,1442
20250051,경기도,남양주시,도로측구에 설치된 빗물받이 內 설치된 관(Φ200 PE관) 접합부의 파손으로 인한 누수로 공동현상 발생 ,20250513,1443
20250052,부산광역시,강서구,수직구 차수그라우팅 중 침하발생,20250513,1444
20250053,서울특별시,동대문구,기존관 및 신설관 이음부 이격으로 인한 토사 유실,20250516,1445
20250054,경상남도,진주시,하수관 파열로 인한 토사유출 추정,20250520,1446
20250055,경기도,하남시,,20250418,1447
20250056,서울특별시,서초구,지하철  가시설 주변 토류판 부식으로 인한 장기 지반침하,20250507,1448
20250057,서울특별시,서초구,지하철 가시설 주변 장기 지반침하,20250517,1449
20250058,충청남도,천안시 서북구,건축 공사 시(추정) 흄관으로 연결되는 우수관 접합 부 시공 하자로 인한 토사 유실,20250527,1450
20250059,서울특별시,동작구,하수관 파손으로 인한 토사 유출 추정,20250529,1451
