"관리코드","구","동","공사명","착공일 ~ 준공일","신청자","처리상태","도로","포장","허가번호"
"인터넷-230306-01","성동구","행당동","동북선도시철도1공구 101정거장 특별피난계단<BR>(성동구 행당동   192-8 ~ 행당동   192-40)","-- ~ --","인터넷 개인굴착 그룹","신청자접수완료","특별시도","차도/보도",""
"인터넷-220604-01","종로구","이화동","이화동149번지 하수관연결공사<BR>(종로구 이화동   149 ~ 이화동   149)","2022-06-15 ~ 2022-06-19","인터넷 개인굴착 그룹","착공계 접수","구도","차도/보도","종로구-2022-개인-00060"
"인터넷-220602-02","성북구","길음동","길음역세권 주택재개발사업중(지하연결통로공사)<BR>(성북구 길음동   875-1 ~ 길음동   875-1)","-- ~ --","인터넷 개인굴착 그룹","허가","구도","차도","성북구-2022-개인-00067"
"인터넷-220602-02","성북구","길음동","길음역세권 주택재개발사업중(지하연결통로공사)<BR>(성북구 길음동   541-6 ~ 길음동   541-154)","-- ~ --","인터넷 개인굴착 그룹","허가","특별시도","보도","성북구-2022-개인-00067"
"인터넷-211110-22","금천구","시흥동","신안산선 복선전철 3-1공구<BR>(금천구 시흥동   1001-11 ~ 시흥동   1001-11)","2021-11-15 ~ 2021-11-30","인터넷 개인굴착 그룹","착공계 접수","특별시도","보도","금천구-2021-개인-00163"
"인터넷-210825-22","노원구","중계동","동북선 도시철도 민간투자사업 4공구<BR>(노원구 중계동   591 ~ 중계동   591)","2021-09-03 ~ 2024-12-31","인터넷 개인굴착 그룹","착공계 접수","기타","보도","노원구-2021-개인-00070"
"인터넷-210825-22","노원구","중계동","동북선 도시철도 민간투자사업 4공구<BR>(노원구 중계동   370 ~ 중계동   370)","2021-09-03 ~ 2024-12-31","인터넷 개인굴착 그룹","착공계 접수","특별시도","보도","노원구-2021-개인-00070"
"인터넷-210825-22","노원구","중계동","동북선 도시철도 민간투자사업 4공구<BR>(노원구 중계동   430-36 ~ 중계동   430-36)","2021-09-03 ~ 2024-12-31","인터넷 개인굴착 그룹","착공계 접수","구도","보도","노원구-2021-개인-00070"
"인터넷-210825-21","노원구","중계동","동북선 도시철도 민간투자사업 4공구<BR>(노원구 중계동   369-1 ~ 중계동   369-1)","2021-09-03 ~ 2024-12-31","인터넷 개인굴착 그룹","착공계 접수","특별시도","보도","노원구-2021-개인-00067"
"인터넷-210825-21","노원구","중계동","동북선 도시철도 민간투자사업 4공구<BR>(노원구 중계동   364-16 ~ 중계동   364-16)","2021-09-03 ~ 2024-12-31","인터넷 개인굴착 그룹","착공계 접수","구도","차도","노원구-2021-개인-00067"
"인터넷-210825-21","노원구","중계동","동북선 도시철도 민간투자사업 4공구<BR>(노원구 중계동   360-4 ~ 중계동   360-4)","2021-09-03 ~ 2024-12-31","인터넷 개인굴착 그룹","착공계 접수","구도","보도","노원구-2021-개인-00067"
"인터넷-210728-05","금천구","시흥동","신안산선 복선전철 민간투자사업 제3-1공구<BR>(금천구 시흥동   1001-11 ~ 시흥동   1001-12)","2021-08-20 ~ 2025-04-09","인터넷 개인굴착 그룹","착공계 접수","특별시도","차도","금천구-2021-개인-00109"
"인터넷-210728-05","금천구","시흥동","신안산선 복선전철 민간투자사업 제3-1공구<BR>(금천구 시흥동   1001-9 ~ 시흥동   1001-12)","2021-08-20 ~ 2025-04-09","인터넷 개인굴착 그룹","착공계 접수","특별시도","차도","금천구-2021-개인-00109"
"인터넷-210728-05","금천구","시흥동","신안산선 복선전철 민간투자사업 제3-1공구<BR>(금천구 시흥동   1001-7 ~ 시흥동   1001-9)","2021-08-20 ~ 2025-04-09","인터넷 개인굴착 그룹","착공계 접수","특별시도","차도","금천구-2021-개인-00109"
"인터넷-210728-05","금천구","시흥동","신안산선 복선전철 민간투자사업 제3-1공구<BR>(금천구 시흥동   1001-11 ~ 시흥동   1001-11)","2021-08-20 ~ 2025-04-09","인터넷 개인굴착 그룹","착공계 접수","특별시도","차도","금천구-2021-개인-00109"
"인터넷-210511-16","금천구","시흥동","신안산선 복선전철 3-1공구<BR>(금천구 시흥동   1000-71 ~ 시흥동   1000-71)","2021-08-03 ~ 2025-04-09","인터넷 개인굴착 그룹","착공계 접수","특별시도","보도","금천구-2021-개인-00067"
"인터넷-210511-16","금천구","시흥동","신안산선 복선전철 3-1공구<BR>(금천구 시흥동   1000-71 ~ 시흥동   1000-71)","2021-08-03 ~ 2025-04-09","인터넷 개인굴착 그룹","착공계 접수","특별시도","차도","금천구-2021-개인-00067"
"인터넷-210511-16","금천구","시흥동","신안산선 복선전철 3-1공구<BR>(금천구 시흥동   1000-71 ~ 시흥동   1000-71)","2021-08-03 ~ 2025-04-09","인터넷 개인굴착 그룹","착공계 접수","특별시도","보도","금천구-2021-개인-00067"
"인터넷-210511-16","금천구","시흥동","신안산선 복선전철 3-1공구<BR>(금천구 시흥동   1000-71 ~ 시흥동   1000-71)","2021-08-03 ~ 2025-04-09","인터넷 개인굴착 그룹","착공계 접수","특별시도","보도","금천구-2021-개인-00067"
"인터넷-210511-16","금천구","시흥동","신안산선 복선전철 3-1공구<BR>(금천구 시흥동   1000-71 ~ 시흥동   1000-73)","2021-08-03 ~ 2025-04-09","인터넷 개인굴착 그룹","착공계 접수","특별시도","차도","금천구-2021-개인-00067"
"인터넷-210511-16","금천구","시흥동","신안산선 복선전철 3-1공구<BR>(금천구 시흥동   1000-71 ~ 시흥동   1000-71)","2021-08-03 ~ 2025-04-09","인터넷 개인굴착 그룹","착공계 접수","특별시도","차도","금천구-2021-개인-00067"
"인터넷-210511-16","금천구","시흥동","신안산선 복선전철 3-1공구<BR>(금천구 시흥동   1000-71 ~ 시흥동   1000-71)","2021-08-03 ~ 2025-04-09","인터넷 개인굴착 그룹","착공계 접수","특별시도","보도","금천구-2021-개인-00067"
"인터넷-210511-16","금천구","시흥동","신안산선 복선전철 3-1공구<BR>(금천구 시흥동   1000-70 ~ 시흥동   1000-70)","2021-08-03 ~ 2025-04-09","인터넷 개인굴착 그룹","착공계 접수","구도","차도","금천구-2021-개인-00067"
"인터넷-210511-16","금천구","시흥동","신안산선 복선전철 3-1공구<BR>(금천구 시흥동   1000-70 ~ 시흥동   1000-70)","2021-08-03 ~ 2025-04-09","인터넷 개인굴착 그룹","착공계 접수","구도","차도","금천구-2021-개인-00067"
"인터넷-210511-16","금천구","시흥동","신안산선 복선전철 3-1공구<BR>(금천구 시흥동   1000-70 ~ 시흥동   1000-70)","2021-08-03 ~ 2025-04-09","인터넷 개인굴착 그룹","착공계 접수","구도","차도","금천구-2021-개인-00067"
"인터넷-210511-16","금천구","시흥동","신안산선 복선전철 3-1공구<BR>(금천구 시흥동   1000-71 ~ 시흥동   1000-71)","2021-08-03 ~ 2025-04-09","인터넷 개인굴착 그룹","착공계 접수","특별시도","보도","금천구-2021-개인-00067"
"인터넷-201027-01","성북구","장위동","동북선도시철도건설공사(3공구)<BR>(성북구 장위동   316-7 ~ 장위동   316-7)","2020-12-21 ~ 2025-12-31","인터넷 개인굴착 그룹","착공계 접수","특별시도","보도","성북구-2020-개인-00124"
"인터넷-201027-01","성북구","장위동","동북선도시철도건설공사(3공구)<BR>(성북구 장위동   311-9 ~ 장위동   311-20)","2020-12-21 ~ 2025-12-31","인터넷 개인굴착 그룹","착공계 접수","특별시도","차도","성북구-2020-개인-00124"
"인터넷-201027-01","성북구","장위동","동북선도시철도건설공사(3공구)<BR>(성북구 장위동   310-18 ~ 장위동   310-22)","2020-12-21 ~ 2025-12-31","인터넷 개인굴착 그룹","착공계 접수","특별시도","보도","성북구-2020-개인-00124"
"인터넷-201027-01","성북구","장위동","동북선도시철도건설공사(3공구)<BR>(성북구 장위동   310-18 ~ 장위동   310-22)","2020-12-21 ~ 2025-12-31","인터넷 개인굴착 그룹","착공계 접수","특별시도","차도","성북구-2020-개인-00124"
"인터넷-201027-01","성북구","장위동","동북선도시철도건설공사(3공구)<BR>(성북구 장위동   319-3 ~ 장위동   319-3)","2020-12-21 ~ 2025-12-31","인터넷 개인굴착 그룹","착공계 접수","특별시도","보도","성북구-2020-개인-00124"
"인터넷-201007-27","노원구","중계동","동북선 도시철도 민간투자사업(4공구)<BR>(노원구 중계동   한글비석로262 ~ 상계동   173)","2020-12-15 ~ 2025-10-07","인터넷 개인굴착 그룹","착공계 접수","특별시도","차도","노원구-2020-개인-00096"
"인터넷-200908-17","강북구","번동","동북선도시철도건설공사(3공구)<BR>(강북구 번동   56-1 ~ 번동   612-9)","2020-12-21 ~ 2025-12-31","인터넷 개인굴착 그룹","착공계 접수","특별시도","차도","강북구-2020-개인-00091"
"인터넷-200908-17","강북구","번동","동북선도시철도건설공사(3공구)<BR>(강북구 번동   89-1 ~ 번동   97-1)","2020-12-21 ~ 2025-12-31","인터넷 개인굴착 그룹","착공계 접수","특별시도","차도","강북구-2020-개인-00091"
"인터넷-200831-15","강북구","번동","동북선 도시철도 민간투자사업 건설공사(2공구)<BR>(강북구 번동   월계로 173 ~ 번동   83-12, 번동 83-13)","2020-12-12 ~ 2025-12-31","인터넷 개인굴착 그룹","착공계 접수","특별시도","차도","강북구-2020-개인-00085"
"인터넷-200831-15","강북구","미아동","동북선 도시철도 민간투자사업 건설공사(2공구)<BR>(강북구 미아동   1318-1, 미아동 1317-10 ~ 미아동   8-361)","2020-12-12 ~ 2025-12-31","인터넷 개인굴착 그룹","착공계 접수","특별시도","차도","강북구-2020-개인-00085"
"인터넷-200831-15","강북구","미아동","동북선 도시철도 민간투자사업 건설공사(2공구)<BR>(강북구 미아동   14-2, 미아동 864-38 ~ 미아동   13-23)","2020-12-12 ~ 2025-12-31","인터넷 개인굴착 그룹","착공계 접수","특별시도","차도","강북구-2020-개인-00085"
"인터넷-200831-15","강북구","미아동","동북선 도시철도 민간투자사업 건설공사(2공구)<BR>(강북구 미아동   도봉로 36-1 ~ 미아동   도봉로 45-1)","2020-12-12 ~ 2025-12-31","인터넷 개인굴착 그룹","착공계 접수","특별시도","차도","강북구-2020-개인-00085"
"인터넷-200830-07","성북구","하월곡동","동북선 도시철도 민간투자사업 건설공사(2공구)<BR>(성북구 하월곡동   98-4, 산2-77, 98-7 ~ 하월곡동   225-10, 8-361)","2020-12-14 ~ 2025-12-31","인터넷 개인굴착 그룹","착공계 접수","특별시도","보도","성북구-2020-개인-00117"
"인터넷-200830-07","성북구","하월곡동","동북선 도시철도 민간투자사업 건설공사(2공구)<BR>(성북구 하월곡동   98-4,산2-77, 산2-76, 산2-129, 98-7, 225-10 ~ 하월곡동   산1-2, 산1-3, 98-6, 산1-1, 98-5, 98-10, 77-25, 8-361)","2020-12-14 ~ 2025-12-31","인터넷 개인굴착 그룹","착공계 접수","특별시도","차도","성북구-2020-개인-00117"
"인터넷-200830-07","성북구","길음동","동북선 도시철도 민간투자사업 건설공사(2공구)<BR>(성북구 길음동   33-1 ~ 길음동   33-1)","2020-12-14 ~ 2025-12-31","인터넷 개인굴착 그룹","착공계 접수","특별시도","보도","성북구-2020-개인-00117"
"인터넷-200830-07","성북구","길음동","동북선 도시철도 민간투자사업 건설공사(2공구)<BR>(성북구 길음동   864-1, 864-37 ~ 길음동   33-1, 35-31)","2020-12-14 ~ 2025-12-31","인터넷 개인굴착 그룹","착공계 접수","특별시도","차도","성북구-2020-개인-00117"
"인터넷-200830-07","성북구","하월곡동","동북선 도시철도 민간투자사업 건설공사(2공구)<BR>(성북구 하월곡동   88-5, 88-1, 103, 0-11, 200, 104-161, 104-143 ~ 길음동   15-3, 860-64)","2020-12-14 ~ 2025-12-31","인터넷 개인굴착 그룹","착공계 접수","특별시도","차도","성북구-2020-개인-00117"
"인터넷-200830-07","성북구","하월곡동","동북선 도시철도 민간투자사업 건설공사(2공구)<BR>(성북구 하월곡동   230-2 ~ 하월곡동   230-2)","2020-12-14 ~ 2025-12-31","인터넷 개인굴착 그룹","착공계 접수","특별시도","보도","성북구-2020-개인-00117"
"인터넷-200830-07","성북구","하월곡동","동북선 도시철도 민간투자사업 건설공사(2공구)<BR>(성북구 하월곡동   오패산로 1가길 17-1, 88-5 ~ 하월곡동   230-2, 230-1)","2020-12-14 ~ 2025-12-31","인터넷 개인굴착 그룹","착공계 접수","특별시도","차도","성북구-2020-개인-00117"
"인터넷-200830-07","성북구","종암동","동북선 도시철도 민간투자사업 건설공사(2공구)<BR>(성북구 종암동   종암로 127-1, 3-173, 3-700, 132-2 ~ 종암동   3-1037, 3-1038, 3-54)","2020-12-14 ~ 2025-12-31","인터넷 개인굴착 그룹","착공계 접수","특별시도","보도","성북구-2020-개인-00117"
"인터넷-200830-07","성북구","종암동","동북선 도시철도 민간투자사업 건설공사(2공구)<BR>(성북구 종암동   종암로127-1, 3-173 ~ 종암동   3-54, 3-1288)","2020-12-14 ~ 2025-12-31","인터넷 개인굴착 그룹","착공계 접수","특별시도","차도","성북구-2020-개인-00117"
"인터넷-200830-07","성북구","종암동","동북선 도시철도 민간투자사업 건설공사(2공구)<BR>(성북구 종암동   15-6 ~ 종암동   15-6)","2020-12-14 ~ 2025-12-31","인터넷 개인굴착 그룹","착공계 접수","특별시도","보도","성북구-2020-개인-00117"
"인터넷-200830-07","성북구","종암동","동북선 도시철도 민간투자사업 건설공사(2공구)<BR>(성북구 종암동   15-6 ~ 종암동   68-3)","2020-12-14 ~ 2025-12-31","인터넷 개인굴착 그룹","착공계 접수","특별시도","차도","성북구-2020-개인-00117"
"인터넷-200830-07","성북구","종암동","동북선 도시철도 민간투자사업 건설공사(2공구)<BR>(성북구 종암동   종암로 701, 13-3 ~ 종암동   45-215)","2020-12-14 ~ 2025-12-31","인터넷 개인굴착 그룹","착공계 접수","특별시도","보도","성북구-2020-개인-00117"
"인터넷-200830-07","성북구","종암동","동북선 도시철도 민간투자사업 건설공사(2공구)<BR>(성북구 종암동   종암로 70-1, 종암동 13-3 ~ 종암동   종암동 45-215, 종암동 15-2)","2020-12-14 ~ 2025-12-31","인터넷 개인굴착 그룹","착공계 접수","특별시도","차도","성북구-2020-개인-00117"
"인터넷-200821-27","성북구","종암동","동북선 도시철도 민간투자사업 건설공사(1공구)<BR>(성북구 종암동   23-10도 ~ 종암동   18-346구)","2022-04-01 ~ 2026-07-14","인터넷 개인굴착 그룹","착공계 접수","특별시도","보도","성북구-2020-개인-00126"
"인터넷-200821-27","성북구","종암동","동북선 도시철도 민간투자사업 건설공사(1공구)<BR>(성북구 종암동   12-33도 ~ 종암동   12-23도)","2022-04-01 ~ 2026-07-14","인터넷 개인굴착 그룹","착공계 접수","특별시도","차도","성북구-2020-개인-00126"
"인터넷-200821-27","성북구","종암동","동북선 도시철도 민간투자사업 건설공사(1공구)<BR>(성북구 종암동   29-18도 ~ 종암동   136-207도)","2022-04-01 ~ 2026-07-14","인터넷 개인굴착 그룹","착공계 접수","특별시도","차도","성북구-2020-개인-00126"
"인터넷-200821-26","동대문구","제기동","동북선 도시철도 민간투자사업 건설공사(1공구)<BR>(동대문구 제기동   136-207도 ~ 제기동   136-354도)","2022-04-01 ~ 2026-07-14","인터넷 개인굴착 그룹","착공계 접수","특별시도","차도/보도","동대문구-2020-개인-00105"
"인터넷-200821-26","동대문구","제기동","동북선 도시철도 민간투자사업 건설공사(1공구)<BR>(동대문구 제기동   856도 ~ 제기동   728-3대)","2022-04-01 ~ 2026-07-14","인터넷 개인굴착 그룹","착공계 접수","특별시도","차도/보도","동대문구-2020-개인-00105"
"인터넷-200821-26","동대문구","용두동","동북선 도시철도 민간투자사업 건설공사(1공구)<BR>(동대문구 용두동   17-1도 ~ 제기동   856도)","2022-04-01 ~ 2026-07-14","인터넷 개인굴착 그룹","착공계 접수","특별시도","차도/보도","동대문구-2020-개인-00105"
"인터넷-200821-26","동대문구","용두동","동북선 도시철도 민간투자사업 건설공사(1공구)<BR>(동대문구 용두동   47-1도 ~ 용두동   47-38도)","2022-04-01 ~ 2026-07-14","인터넷 개인굴착 그룹","착공계 접수","특별시도","차도/보도","동대문구-2020-개인-00105"
"인터넷-200821-26","동대문구","용두동","동북선 도시철도 민간투자사업 건설공사(1공구)<BR>(동대문구 용두동   47-1도 ~ 용두동   791-2공)","2022-04-01 ~ 2026-07-14","인터넷 개인굴착 그룹","착공계 접수","특별시도","차도/보도","동대문구-2020-개인-00105"
"인터넷-200719-01","강남구","청담동","수도권광역급행철도 A노선 본선환기구#24 공사<BR>(강남구 청담동   77도 ~ 청담동   77-4도)","2020-08-27 ~ 2025-06-30","인터넷 개인굴착 그룹","착공계 접수","특별시도","차도","강남구-2020-개인-00218"
"개인-201123-02","서대문구","연희동","사천 빗물펌프장 터파기<BR>(서대문구 연희동   446-92 ~ 연희동   446-92)","2021-01-07 ~ 2022-06-30","서대문구","착공계 접수","특별시도","차도","서대문구-2020-개인-00145"
"일반-230608-79","마포구","대흥동","6호선 대흥역 승강편의시설 설치공사(60공구)<BR>(마포구 대흥동   161-2 ~ 대흥동   216-5)","-- ~ --","서울교통공사","협의완료","특별시도","차도/보도",""
"일반-230329-22","송파구","잠실동","올림픽로35길 장기사용 송배수관 정비공사<BR>(송파구 잠실동   31(잠실대교남단삼거리 횡단) ~ 잠실동   31(잠실대교남단삼거리 횡단))","-- ~ --","서울시 상수도사업본부(시설건설과)","신청자접수완료","특별시도","차도",""
"일반-230329-21","송파구","신천동","올림픽로35길 장기사용 송배수관 정비공사<BR>(송파구 신천동   송파대로 570 (잠실대교남단사거리) ~ 신천동   올림픽로35길 93(잠실나루사거리))","-- ~ --","서울시 상수도사업본부(시설건설과)","신청자접수완료","특별시도","차도",""
"일반-230329-20","송파구","신천동","올림픽로35길 장기사용 송배수관 정비공사<BR>(송파구 신천동   올림픽로35길 93(잠실나루사거리) ~ 신천동   올림픽로 417(올림픽회관 사거리))","-- ~ --","서울시 상수도사업본부(시설건설과)","신청자접수완료","특별시도","차도",""
"일반-230329-17","송파구","잠실동","송파대로 장기사용 송배수관 정비공사<BR>(송파구 잠실동   31(잠실역 북측 횡단) ~ 잠실동   31(잠실역 북측 횡단))","-- ~ --","서울시 상수도사업본부(시설건설과)","신청자접수완료","특별시도","차도",""
"일반-230329-16","송파구","잠실동","송파대로 장기사용 송배수관 정비공사<BR>(송파구 잠실동   31(잠실대교 남단사거리) ~ 잠실동   31(잠실역사거리))","-- ~ --","서울시 상수도사업본부(시설건설과)","신청자접수완료","특별시도","차도",""
"일반-230329-14","송파구","잠실동","송파대로 장기사용 송배수관 정비공사<BR>(송파구 잠실동   31(횡단, 올림픽로 지하 196) ~ 잠실동   31)","-- ~ --","서울시 상수도사업본부(시설건설과)","신청자접수완료","특별시도","차도",""
"일반-230329-14","송파구","잠실동","송파대로 장기사용 송배수관 정비공사<BR>(송파구 잠실동   송파대로 551-2(주공5단지 코너) ~ 잠실동   올림픽로 지하196)","-- ~ --","서울시 상수도사업본부(시설건설과)","신청자접수완료","특별시도","보도",""
"일반-230313-90","용산구","갈월동","경부선 원효가도교 개량공사<BR>(용산구 갈월동   96-1번지 ~ 갈월동   96-1번지)","-- ~ --","국가철도공단 수도권본부","신청자접수완료","구도","차도",""
"일반-230313-90","용산구","갈월동","경부선 원효가도교 개량공사<BR>(용산구 갈월동   96-1번지 ~ 갈월동   96-1번지)","-- ~ --","국가철도공단 수도권본부","신청자접수완료","구도","차도",""
"일반-230221-60","금천구","가산동","7호선 가산디지털단지역 4번 출입구 승강편의시설 설치공사(53공구)<BR>(금천구 가산동   60-66 ~ 가산동   60-15)","-- ~ --","서울교통공사","협의요청","구도","차도/보도",""
"일반-221116-06","종로구","수송동","수송동 80-7 관로공사<BR>(종로구 수송동   80-7 ~ 수송동   80-7)","-- ~ --","㈜KT 서울북부마케팅단 광화문지사","허가","구도","차도/보도","종로구-2022-통신-00098"
"일반-221017-39","도봉구","창동","서울도봉 자운고등학교 통학로 지중화공사 관로<BR>(도봉구 창동   1-12 ~ 창동   1-12)","-- ~ --","SK브로드밴드","허가","구도","차도/보도","도봉구-2022-통신-00029"
"일반-221017-39","도봉구","창동","서울도봉 자운고등학교 통학로 지중화공사 관로<BR>(도봉구 창동   807-1 ~ 창동   1-12)","-- ~ --","SK브로드밴드","허가","구도","차도/보도","도봉구-2022-통신-00029"
"일반-221004-16","종로구","관철동","관철동 조선냉장 고압 신규고객<BR>(종로구 관철동   24 ~ 관철동   24)","-- ~ --","한국전력공사 서울지역본부(전력사업처)","신청자접수완료","구도","차도",""
"일반-220928-22","서대문구","냉천동","교남동 일대 저압선로 고장 복구공사(본)(윤태환)<BR>(서대문구 냉천동   204-1 ~ 냉천동   237)","-- ~ --","한국전력공사 서울지역본부(전력사업처)","협의요청","특별시도","차도",""
"일반-220927-39","동작구","대방동","@노량진SW 132 변압기라인 간선화공사<BR>(동작구 대방동   338-6@ ~ 대방동   338-6@)","-- ~ --","한국전력공사 관악동작지사","검토완료","특별시도","보도","동작구-2022-전기-00031"
"일반-220923-18","영등포구","양평동3가","목동교~도림천 간 장기사용 송배수관 정비공사<BR>(영등포구 양평동3가   29-3 ~ 양평동3가   29-3)","-- ~ --","서울시 상수도사업본부(시설건설과)","신청자접수완료","구도","보도",""
"일반-220919-81","서초구","반포동","반포동1-19 신반포3차 문화시설 일반용(을)고압A 600kW 신설(기대, 황건웅)<BR>(서초구 반포동   1-19 ~ 반포동   1-19)","-- ~ --","한국전력공사 서초지사","허가","구도","차도","서초구-2022-전기-00114"
"일반-220915-97","영등포구","양평동4가","목동교~도림천 간 장기사용 송배수관 정비공사<BR>(영등포구 양평동4가   20-4 ~ 양평동4가   20-4)","-- ~ --","서울시 상수도사업본부(시설건설과)","신청자접수완료","구도","차도",""
"일반-220908-33","도봉구","창동","도봉구 자운고등학교 통학로 지중화공사<BR>(도봉구 창동   1-12 ~ 창동   1-12)","-- ~ --","한국전력공사 서울지역본부(전력사업처)","협의요청","구도","보도",""
"일반-220908-33","도봉구","창동","도봉구 자운고등학교 통학로 지중화공사<BR>(도봉구 창동   1-12 ~ 창동   1-12)","-- ~ --","한국전력공사 서울지역본부(전력사업처)","협의요청","기타","보도",""
"일반-220908-33","도봉구","창동","도봉구 자운고등학교 통학로 지중화공사<BR>(도봉구 창동   1-12 ~ 창동   1-12)","-- ~ --","한국전력공사 서울지역본부(전력사업처)","협의요청","구도","차도",""
"일반-220908-33","도봉구","창동","도봉구 자운고등학교 통학로 지중화공사<BR>(도봉구 창동   1-12 ~ 창동   1-12)","-- ~ --","한국전력공사 서울지역본부(전력사업처)","협의요청","구도","차도",""
"일반-220908-33","도봉구","창동","도봉구 자운고등학교 통학로 지중화공사<BR>(도봉구 창동   1-12 ~ 창동   1-12)","-- ~ --","한국전력공사 서울지역본부(전력사업처)","협의요청","구도","차도",""
"일반-220908-33","도봉구","창동","도봉구 자운고등학교 통학로 지중화공사<BR>(도봉구 창동   1-12 ~ 창동   1-12)","-- ~ --","한국전력공사 서울지역본부(전력사업처)","협의요청","구도","보도",""
"일반-220908-33","도봉구","창동","도봉구 자운고등학교 통학로 지중화공사<BR>(도봉구 창동   1-12 ~ 창동   1-12)","-- ~ --","한국전력공사 서울지역본부(전력사업처)","협의요청","구도","차도",""
"일반-220908-33","도봉구","창동","도봉구 자운고등학교 통학로 지중화공사<BR>(도봉구 창동   1-12 ~ 창동   1-12)","-- ~ --","한국전력공사 서울지역본부(전력사업처)","협의요청","구도","보도",""
"일반-220908-33","도봉구","창동","도봉구 자운고등학교 통학로 지중화공사<BR>(도봉구 창동   1-24 ~ 창동   1-24)","-- ~ --","한국전력공사 서울지역본부(전력사업처)","협의요청","구도","보도",""
"일반-220908-33","도봉구","창동","도봉구 자운고등학교 통학로 지중화공사<BR>(도봉구 창동   808 ~ 창동   808)","-- ~ --","한국전력공사 서울지역본부(전력사업처)","협의요청","구도","보도",""
"일반-220908-33","도봉구","창동","도봉구 자운고등학교 통학로 지중화공사<BR>(도봉구 창동   808-3 ~ 창동   808-3)","-- ~ --","한국전력공사 서울지역본부(전력사업처)","협의요청","구도","차도",""
"일반-220908-33","도봉구","창동","도봉구 자운고등학교 통학로 지중화공사<BR>(도봉구 창동   808-1 ~ 창동   808)","-- ~ --","한국전력공사 서울지역본부(전력사업처)","협의요청","구도","보도",""
"일반-220908-33","도봉구","창동","도봉구 자운고등학교 통학로 지중화공사<BR>(도봉구 창동   1번지 ~ 창동   1번지)","-- ~ --","한국전력공사 서울지역본부(전력사업처)","협의요청","구도","보도",""
"일반-220908-33","도봉구","창동","도봉구 자운고등학교 통학로 지중화공사<BR>(도봉구 창동   808-2 ~ 창동   808-2)","-- ~ --","한국전력공사 서울지역본부(전력사업처)","협의요청","구도","차도",""
"일반-220908-33","도봉구","창동","도봉구 자운고등학교 통학로 지중화공사<BR>(도봉구 창동   808-3 ~ 창동   808-3)","-- ~ --","한국전력공사 서울지역본부(전력사업처)","협의요청","구도","차도",""
"일반-220908-33","도봉구","창동","도봉구 자운고등학교 통학로 지중화공사<BR>(도봉구 창동   807-1 ~ 창동   1-12)","-- ~ --","한국전력공사 서울지역본부(전력사업처)","협의요청","구도","차도",""
"일반-220902-05","구로구","구로동","남구로역 승강?의시설 설치공사(51공구)<BR>(구로구 구로동   772번지 일원 남구로역 1번 출입구 인근 ~ 구로동   772번지 일원 남구로역 1번 출입구 인근)","-- ~ --","서울교통공사","협의요청","구도","차도",""
"일반-220902-04","구로구","구로동","남구로역 승강?의시설 설치공사(51공구)<BR>(구로구 구로동   772번지 일원 남구로역 1번 출입구 인근 ~ 구로동   772번지 일원 남구로역 1번 출입구 인근)","-- ~ --","서울교통공사","협의요청","구도","차도/보도",""
"일반-220825-06","서초구","서초동","서초동1445-1 마스턴제65호서초 주택용 1500kW 신설(대선, 황건웅)<BR>(서초구 서초동   1445-1 ~ 서초동   1445-1)","-- ~ --","한국전력공사 서초지사","협의요청","구도","차도/보도",""
"일반-220822-22","영등포구","양평동2가","양평동2가29-6 대영채비(주) 저압430kw 신설공사 원흥 정서현<BR>(영등포구 양평동2가   29-6 ~ 양평동2가   29-6)","-- ~ --","한국전력공사 남서울사업본부(직할)","신청자접수완료","구도","보도",""
"일반-220809-39","종로구","원남동","원남동20 서울대학교병원 지장주 공사(더빛남-홍민기)13512<BR>(종로구 원남동   20 전주 ~ 원남동   20 전주)","-- ~ --","한국전력공사 서울사업본부(직할)","협의요청","구도","보도",""
"일반-220809-39","종로구","원남동","원남동20 서울대학교병원 지장주 공사(더빛남-홍민기)13512<BR>(종로구 원남동   20 관로 ~ 원남동   20 관로)","-- ~ --","한국전력공사 서울사업본부(직할)","협의요청","구도","보도",""
"일반-220729-83","서초구","서초동","장기사용 배급수관 정비공사(서초동 1492-13, 관로부설, A-2)-최경철<BR>(서초구 서초동   1492-13 ~ 서초동   1492-13)","-- ~ --","강남수도사업소(시설관리과)","협의요청","구도","차도",""
"일반-220729-79","서초구","서초동","장기사용 배급수관 정비공사(서초동 1492-13, 시험굴착, A-2)-최경철<BR>(서초구 서초동   1492-13 ~ 서초동   1492-13)","-- ~ --","강남수도사업소(시설관리과)","협의요청","구도","차도",""
"일반-220729-79","서초구","서초동","장기사용 배급수관 정비공사(서초동 1492-13, 시험굴착, A-2)-최경철<BR>(서초구 서초동   1492-13 ~ 서초동   1492-13)","-- ~ --","강남수도사업소(시설관리과)","협의요청","구도","차도",""
"일반-220627-10","동작구","노량진동","노들로 구조개선사업 전기공사<BR>(동작구 노량진동   13-4 ~ 노량진동   13-4)","-- ~ --","서울특별시 도시기반시설본부 설비부","협의요청","특별시도","차도",""
"일반-220627-10","동작구","노량진동","노들로 구조개선사업 전기공사<BR>(동작구 노량진동   13-4 ~ 노량진동   13-4)","-- ~ --","서울특별시 도시기반시설본부 설비부","협의요청","특별시도","차도",""
"일반-220627-10","동작구","노량진동","노들로 구조개선사업 전기공사<BR>(동작구 노량진동   13-4 ~ 노량진동   13-4)","-- ~ --","서울특별시 도시기반시설본부 설비부","협의요청","특별시도","차도",""
"일반-220627-10","동작구","노량진동","노들로 구조개선사업 전기공사<BR>(동작구 노량진동   13-4 ~ 노량진동   13-4)","-- ~ --","서울특별시 도시기반시설본부 설비부","협의요청","특별시도","차도",""
"일반-220627-10","동작구","노량진동","노들로 구조개선사업 전기공사<BR>(동작구 노량진동   13-4 ~ 노량진동   13-4)","-- ~ --","서울특별시 도시기반시설본부 설비부","협의요청","특별시도","차도",""
"일반-220627-10","동작구","노량진동","노들로 구조개선사업 전기공사<BR>(동작구 노량진동   19-23 ~ 노량진동   19-23)","-- ~ --","서울특별시 도시기반시설본부 설비부","협의요청","특별시도","차도",""
"일반-220627-10","동작구","노량진동","노들로 구조개선사업 전기공사<BR>(동작구 노량진동   19-23 ~ 노량진동   19-23)","-- ~ --","서울특별시 도시기반시설본부 설비부","협의요청","특별시도","차도",""
"일반-220627-10","동작구","노량진동","노들로 구조개선사업 전기공사<BR>(동작구 노량진동   320-1 ~ 노량진동   320-1)","-- ~ --","서울특별시 도시기반시설본부 설비부","협의요청","특별시도","차도",""
"일반-220627-10","동작구","노량진동","노들로 구조개선사업 전기공사<BR>(동작구 노량진동   320-1 ~ 노량진동   320-1)","-- ~ --","서울특별시 도시기반시설본부 설비부","협의요청","특별시도","차도",""
"일반-220616-30","강남구","도곡동","강남구 도곡동 946-11번지 앞 도시가스 인입관 공사<BR>(강남구 도곡동   946-11 ~ 도곡동   946-11)","-- ~ --","코원에너지서비스(주)","허가증 교부","구도","차도","강남구-2022-가스-00123"
"일반-220608-53","노원구","공릉동","5호선 거여 외 2역 승강편의시설 설치공사(47공구)<BR>(노원구 공릉동   89-2 ~ 공릉동   89-2)","-- ~ --","서울교통공사","신청자접수완료","특별시도","보도",""
"일반-220527-35","종로구","홍지동","홍지동127-36번지 통신전주인입공사<BR>(종로구 홍지동   127-36 ~ 홍지동   127-36)","2022-06-13 ~ 2022-07-30","㈜KT 서울북부마케팅단 홍제지사","착공계 접수","구도","차도","종로구-2022-통신-00033"
"일반-220526-27","은평구","대조동","대조동 일대 침수지역 하수관로 성능향상사업(2차)<BR>(은평구 대조동   연서로18길 150 ~ 대조동   연서로18길 28)","-- ~ --","은평구 치수과","허가","구도","차도","은평구-2022-하수-00011"
"일반-220513-21","강남구","논현동","서울 강남 논현동 40번지 일대 전주철거 지중화 원인자공사<BR>(강남구 논현동   학동로19길 8 ~ 논현동   학동로19길 6)","-- ~ --","SK브로드밴드","허가","구도","차도","강남구-2022-통신-00085"
"일반-220513-21","강남구","논현동","서울 강남 논현동 40번지 일대 전주철거 지중화 원인자공사<BR>(강남구 논현동   논현로131길 43 ~ 논현동   논현로131길 41-6)","-- ~ --","SK브로드밴드","허가","구도","차도","강남구-2022-통신-00085"
"일반-220513-21","강남구","논현동","서울 강남 논현동 40번지 일대 전주철거 지중화 원인자공사<BR>(강남구 논현동   학동로17길 10 ~ 논현동   학동로19길 8)","-- ~ --","SK브로드밴드","허가","구도","차도","강남구-2022-통신-00085"
"일반-220425-51","관악구","신림동","2021년 대학동외 10개동 상수도공사(신림동 1442-4)-소화전<BR>(관악구 신림동   신림동 1442-4 ~ 신림동   신림동 1442-4)","-- ~ --","남부수도사업소(급수운영과)","허가","구도","차도","관악구-2022-상수-00224"
"일반-220425-49","관악구","신림동","2021년 대학동 외 10개동 상수도공사(신림동 1409-8)-소화전<BR>(관악구 신림동   신림동 1409-8 ~ 신림동   신림동 1409-8)","-- ~ --","남부수도사업소(급수운영과)","허가","구도","차도","관악구-2022-상수-00220"
"일반-220425-48","관악구","신림동","2021년 대학동 외 10개동 상수도공사(신림동 1431-22)-소화전<BR>(관악구 신림동   신림동 1431-22 ~ 신림동   신림동 1431-22)","-- ~ --","남부수도사업소(급수운영과)","허가","구도","차도","관악구-2022-상수-00219"
"일반-220425-44","관악구","신림동","2021년 대학동 외 10개동 상수도공사(신림동 10-457)-소화전<BR>(관악구 신림동   신림동 10-457 ~ 신림동   신림동 10-457)","-- ~ --","남부수도사업소(급수운영과)","허가","구도","차도","관악구-2022-상수-00221"
"일반-220425-42","관악구","신림동","2021년 대학동외 10개동 상수도공사(신림동 92-175)-소화전<BR>(관악구 신림동   신림동 92-175 ~ 신림동   신림동 92-175)","-- ~ --","남부수도사업소(급수운영과)","허가","구도","차도","관악구-2022-상수-00232"
"일반-220425-41","관악구","신림동","2021년 대학동외 10개동 상수도공사(신림동 1641-2)-소화전<BR>(관악구 신림동   신림동 1641-2 ~ 신림동   신림동 1641-2)","-- ~ --","남부수도사업소(급수운영과)","허가","기타","보도","관악구-2022-상수-00222"
"일반-220425-26","관악구","신림동","2021년 대학동 외10개동 상수도공사(신림동 108-15)-소화전<BR>(관악구 신림동   신림동 108-15 ~ 신림동   신림동 108-15)","-- ~ --","남부수도사업소(급수운영과)","허가","구도","차도","관악구-2022-상수-00231"
"일반-220425-25","관악구","신림동","2021년 대학동 외 10개동 상수도공사(신림동 408-22)-소화전<BR>(관악구 신림동   신림동 408-22 ~ 신림동   신림동 408-22)","-- ~ --","남부수도사업소(급수운영과)","허가","구도","차도","관악구-2022-상수-00230"
"일반-220425-21","관악구","신림동","2021년 대학동 외 10개동 상수도공사(신림동 103-172)-소화전<BR>(관악구 신림동   신림동 103-172 ~ 신림동   신림동 103-172)","-- ~ --","남부수도사업소(급수운영과)","허가","구도","차도","관악구-2022-상수-00229"
"일반-220425-17","관악구","신림동","2021년 대학동 외 10개동 상수도공사(신림동 103-43)-소화전<BR>(관악구 신림동   신림동 103-43 ~ 신림동   신림동 103-43)","-- ~ --","남부수도사업소(급수운영과)","허가","구도","차도","관악구-2022-상수-00223"
"일반-220425-11","관악구","신림동","2021년 대학동 외 10개동 상수도공사(신림동 1514-11)-소화전<BR>(관악구 신림동   신림동 1514-11 ~ 신림동   신림동 1514-11)","-- ~ --","남부수도사업소(급수운영과)","허가","구도","차도","관악구-2022-상수-00228"
"일반-220425-09","관악구","신림동","2021년 대학동외 10개동 상수도공사(신림동 1525-1)-소화전<BR>(관악구 신림동   신림동 1525-1 ~ 신림동   신림동 1525-1)","-- ~ --","남부수도사업소(급수운영과)","허가","구도","차도","관악구-2022-상수-00227"
"일반-220425-08","관악구","신림동","2021년 대학동 외 10개동 상수도공사(신림동 241-34)-소화전<BR>(관악구 신림동   신림동 241-34 ~ 신림동   신림동 241-34)","-- ~ --","남부수도사업소(급수운영과)","허가","구도","차도","관악구-2022-상수-00225"
"일반-220414-83","서초구","방배동","방배동474-20 일대 하수암거 이설 및 단면확장공사<BR>(서초구 방배동   474-1 ~ 방배동   474-22)","-- ~ --","서초구 물관리과","허가증 교부","구도","차도","서초구-2022-하수-00029"
"일반-220412-67","관악구","신림동","2021년 대학동 외 10개동 상수도공사(신림동 306-18) - 소화전 보수<BR>(관악구 신림동   306-18 ~ 신림동   306-18)","-- ~ --","남부수도사업소(급수운영과)","허가","구도","차도","관악구-2022-상수-00200"
"일반-220412-59","관악구","신림동","2021년 대학동 외 10개동 상수도공사(신림동 376-18) - 소화전 보수<BR>(관악구 신림동   376-18 ~ 신림동   376-18)","-- ~ --","남부수도사업소(급수운영과)","허가","구도","차도","관악구-2022-상수-00204"
"일반-220412-26","관악구","신림동","2021년 대학동 외 10개동 상수도공사(신림동 484-33) - 소화전보수<BR>(관악구 신림동   484-33 ~ 신림동   484-33)","-- ~ --","남부수도사업소(급수운영과)","허가","구도","차도","관악구-2022-상수-00209"
"일반-220412-23","관악구","신림동","2021년 대학동 외 10개동 상수도공사(신림동 463-49) - 소화전 보수<BR>(관악구 신림동   463-49 ~ 신림동   463-49)","-- ~ --","남부수도사업소(급수운영과)","허가","구도","차도","관악구-2022-상수-00208"
"일반-220412-19","관악구","신림동","2021년 대학동 외 10개동 상수도공사(신림동 1586-1) - 소화전보수<BR>(관악구 신림동   1586-1 ~ 신림동   1586-1)","-- ~ --","남부수도사업소(급수운영과)","허가","특별시도","차도","관악구-2022-상수-00206"
"일반-220412-16","관악구","신림동","2021년 대학동 외 10개동 상수도공사(신림동 1629-44) - 소화전보수<BR>(관악구 신림동   1629-44 ~ 신림동   1629-44)","-- ~ --","남부수도사업소(급수운영과)","허가","구도","차도","관악구-2022-상수-00195"
"일반-220406-66","서초구","서초동","서초구 서초동 1365-8번지 앞 도시가스 인입관 공사<BR>(서초구 서초동   1365-8 ~ 서초동   1365-8)","-- ~ --","코원에너지서비스(주)","허가증 교부","구도","차도","서초구-2022-가스-00035"
"일반-220406-27","강남구","삼성동","선정릉 일대 지중화공사_보도(시도)<BR>(강남구 삼성동   테헤란로87길 21 앞 보도 ~ 삼성동   테헤란로87길 21 앞 보도)","2022-04-29 ~ 2022-10-31","한국전력공사 남서울사업본부(직할)","착공계 접수","구도","보도","강남구-2022-전기-00044"
"일반-220406-27","강남구","삼성동","선정릉 일대 지중화공사_보도(시도)<BR>(강남구 삼성동   테헤란로87길 29 앞 보도 ~ 삼성동   테헤란로87길 29 앞 보도)","2022-04-29 ~ 2022-10-31","한국전력공사 남서울사업본부(직할)","착공계 접수","구도","보도","강남구-2022-전기-00044"
"일반-220406-27","강남구","삼성동","선정릉 일대 지중화공사_보도(시도)<BR>(강남구 삼성동   삼성로 518 앞 보도 ~ 삼성동   삼성로 518 앞 보도)","2022-04-29 ~ 2022-10-31","한국전력공사 남서울사업본부(직할)","착공계 접수","특별시도","보도","강남구-2022-전기-00044"
"일반-220406-25","강남구","삼성동","선정릉 일대 지중화공사_보도(구도)<BR>(강남구 삼성동   삼성로96길 20 앞 보도 ~ 삼성동   삼성로96길 20 앞 보도)","2022-04-29 ~ 2022-10-31","한국전력공사 남서울사업본부(직할)","착공계 접수","구도","보도","강남구-2022-전기-00046"
"일반-220406-25","강남구","삼성동","선정릉 일대 지중화공사_보도(구도)<BR>(강남구 삼성동   삼성로96길 20 앞 보도 ~ 삼성동   삼성로96길 20 앞 보도)","2022-04-29 ~ 2022-10-31","한국전력공사 남서울사업본부(직할)","착공계 접수","구도","보도","강남구-2022-전기-00046"
"일반-220406-25","강남구","삼성동","선정릉 일대 지중화공사_보도(구도)<BR>(강남구 삼성동   테헤란로83길 21 앞 보도 ~ 삼성동   테헤란로83길 21 앞 보도)","2022-04-29 ~ 2022-10-31","한국전력공사 남서울사업본부(직할)","착공계 접수","구도","보도","강남구-2022-전기-00046"
"일반-220406-25","강남구","삼성동","선정릉 일대 지중화공사_보도(구도)<BR>(강남구 삼성동   삼성로96길 14 앞 보도 ~ 삼성동   삼성로96길 14 앞 보도)","2022-04-29 ~ 2022-10-31","한국전력공사 남서울사업본부(직할)","착공계 접수","구도","보도","강남구-2022-전기-00046"
"일반-220406-25","강남구","삼성동","선정릉 일대 지중화공사_보도(구도)<BR>(강남구 삼성동   삼성로96길 12 앞 보도 ~ 삼성동   삼성로96길 12 앞 보도)","2022-04-29 ~ 2022-10-31","한국전력공사 남서울사업본부(직할)","착공계 접수","구도","보도","강남구-2022-전기-00046"
"일반-220406-25","강남구","삼성동","선정릉 일대 지중화공사_보도(구도)<BR>(강남구 삼성동   테헤란로81길 26 앞 보도 ~ 삼성동   테헤란로81길 26 앞 보도)","2022-04-29 ~ 2022-10-31","한국전력공사 남서울사업본부(직할)","착공계 접수","구도","보도","강남구-2022-전기-00046"
"일반-220406-25","강남구","삼성동","선정릉 일대 지중화공사_보도(구도)<BR>(강남구 삼성동   삼성로96길 23 앞 보도 ~ 삼성동   삼성로96길 23 앞 보도)","2022-04-29 ~ 2022-10-31","한국전력공사 남서울사업본부(직할)","착공계 접수","구도","보도","강남구-2022-전기-00046"
"일반-220406-25","강남구","삼성동","선정릉 일대 지중화공사_보도(구도)<BR>(강남구 삼성동   삼성로96길 19 앞 보도 ~ 삼성동   삼성로96길 19 앞 보도)","2022-04-29 ~ 2022-10-31","한국전력공사 남서울사업본부(직할)","착공계 접수","구도","보도","강남구-2022-전기-00046"
"일반-220406-25","강남구","삼성동","선정릉 일대 지중화공사_보도(구도)<BR>(강남구 삼성동   삼성로96길 9 앞 보도 ~ 삼성동   삼성로96길 13 앞 보도)","2022-04-29 ~ 2022-10-31","한국전력공사 남서울사업본부(직할)","착공계 접수","구도","보도","강남구-2022-전기-00046"
"일반-220406-25","강남구","삼성동","선정릉 일대 지중화공사_보도(구도)<BR>(강남구 삼성동   삼성로 520 앞 보도 ~ 삼성동   삼성로 520 앞 보도)","2022-04-29 ~ 2022-10-31","한국전력공사 남서울사업본부(직할)","착공계 접수","구도","보도","강남구-2022-전기-00046"
"일반-220406-25","강남구","삼성동","선정릉 일대 지중화공사_보도(구도)<BR>(강남구 삼성동   봉은사로68길 11 앞 맞은편 보도 ~ 삼성동   봉은사로70길 15 옆 맞은편 보도)","2022-04-29 ~ 2022-10-31","한국전력공사 남서울사업본부(직할)","착공계 접수","구도","보도","강남구-2022-전기-00046"
"일반-220406-25","강남구","삼성동","선정릉 일대 지중화공사_보도(구도)<BR>(강남구 삼성동   봉은사로68길 27 앞 맞은편 보도 ~ 삼성동   봉은사로68길 35 앞 맞은편 보도)","2022-04-29 ~ 2022-10-31","한국전력공사 남서울사업본부(직할)","착공계 접수","구도","보도","강남구-2022-전기-00046"
"일반-220406-25","강남구","삼성동","선정릉 일대 지중화공사_보도(구도)<BR>(강남구 삼성동   봉은사로68길 41 앞 맞은편 보도 ~ 삼성동   봉은사로68길 47 앞 맞은편 보도)","2022-04-29 ~ 2022-10-31","한국전력공사 남서울사업본부(직할)","착공계 접수","구도","보도","강남구-2022-전기-00046"
"일반-220406-25","강남구","삼성동","선정릉 일대 지중화공사_보도(구도)<BR>(강남구 삼성동   봉은사로68길 57 앞 맞은편 보도 ~ 삼성동   봉은사로68길 61 앞 맞은편 보도)","2022-04-29 ~ 2022-10-31","한국전력공사 남서울사업본부(직할)","착공계 접수","구도","보도","강남구-2022-전기-00046"
"일반-220406-25","강남구","삼성동","선정릉 일대 지중화공사_보도(구도)<BR>(강남구 삼성동   선릉로100길 42 앞 보도 ~ 삼성동   삼성로95길 14 앞 맞은편 보도)","2022-04-29 ~ 2022-10-31","한국전력공사 남서울사업본부(직할)","착공계 접수","구도","보도","강남구-2022-전기-00046"
"일반-220406-25","강남구","삼성동","선정릉 일대 지중화공사_보도(구도)<BR>(강남구 삼성동   선릉로100길 8 앞 보도 ~ 삼성동   선릉로100길 42 앞 보도)","2022-04-29 ~ 2022-10-31","한국전력공사 남서울사업본부(직할)","착공계 접수","구도","보도","강남구-2022-전기-00046"
"일반-220406-25","강남구","삼성동","선정릉 일대 지중화공사_보도(구도)<BR>(강남구 삼성동   선릉로 530 뒷 도로 ~ 삼성동   삼성로95길 29 앞 도로)","2022-04-29 ~ 2022-10-31","한국전력공사 남서울사업본부(직할)","착공계 접수","구도","보도","강남구-2022-전기-00046"
"일반-220406-20","강남구","삼성동","선정릉 일대 지중화공사_A2<BR>(강남구 삼성동   봉은사로68길 5 앞 도로 ~ 삼성동   봉은사로68길 6-10 앞 도로)","2022-04-29 ~ 2022-10-31","한국전력공사 남서울사업본부(직할)","착공계 접수","구도","차도","강남구-2022-전기-00045"
"일반-220406-20","강남구","삼성동","선정릉 일대 지중화공사_A2<BR>(강남구 삼성동   봉은사로68길 9 앞 도로 ~ 삼성동   봉은사로 442-9 옆 도로)","2022-04-29 ~ 2022-10-31","한국전력공사 남서울사업본부(직할)","착공계 접수","구도","차도","강남구-2022-전기-00045"
"일반-220406-20","강남구","삼성동","선정릉 일대 지중화공사_A2<BR>(강남구 삼성동   봉은사로68길 23 옆 도로 ~ 삼성동   삼성로107길 34 옆 도로)","2022-04-29 ~ 2022-10-31","한국전력공사 남서울사업본부(직할)","착공계 접수","구도","차도","강남구-2022-전기-00045"
"일반-220406-20","강남구","삼성동","선정릉 일대 지중화공사_A2<BR>(강남구 삼성동   봉은사로78길 34 앞길 ~ 삼성동   테헤란로79길 51 앞길)","2022-04-29 ~ 2022-10-31","한국전력공사 남서울사업본부(직할)","착공계 접수","구도","차도","강남구-2022-전기-00045"
"일반-220406-20","강남구","삼성동","선정릉 일대 지중화공사_A2<BR>(강남구 삼성동   삼성로103길 11 앞 도로 ~ 삼성동   삼성로103길 11-7 앞 도로)","2022-04-29 ~ 2022-10-31","한국전력공사 남서울사업본부(직할)","착공계 접수","구도","차도","강남구-2022-전기-00045"
"일반-220406-20","강남구","삼성동","선정릉 일대 지중화공사_A2<BR>(강남구 삼성동   삼성로103길 19 앞 도로 ~ 삼성동   삼성로103길 17-6 앞 도로)","2022-04-29 ~ 2022-10-31","한국전력공사 남서울사업본부(직할)","착공계 접수","구도","차도","강남구-2022-전기-00045"
"일반-220406-20","강남구","삼성동","선정릉 일대 지중화공사_A2<BR>(강남구 삼성동   봉은사로68길 41 옆 도로 ~ 삼성동   삼성로 549 앞 도로)","2022-04-29 ~ 2022-10-31","한국전력공사 남서울사업본부(직할)","착공계 접수","구도","차도","강남구-2022-전기-00045"
"일반-220406-20","강남구","삼성동","선정릉 일대 지중화공사_A2<BR>(강남구 삼성동   봉은사로68길 49 옆 도로 ~ 삼성동   봉은사로68길 49-3 앞 도로)","2022-04-29 ~ 2022-10-31","한국전력공사 남서울사업본부(직할)","착공계 접수","구도","차도","강남구-2022-전기-00045"
"일반-220406-20","강남구","삼성동","선정릉 일대 지중화공사_A2<BR>(강남구 삼성동   봉은사로68길 57 옆 도로 ~ 삼성동   봉은사로68길 55-3 앞 도로)","2022-04-29 ~ 2022-10-31","한국전력공사 남서울사업본부(직할)","착공계 접수","구도","차도","강남구-2022-전기-00045"
"일반-220406-20","강남구","삼성동","선정릉 일대 지중화공사_A2<BR>(강남구 삼성동   삼성로96길 15 앞 도로 ~ 삼성동   테헤란로83길 19 앞 도로)","2022-04-29 ~ 2022-10-31","한국전력공사 남서울사업본부(직할)","착공계 접수","구도","차도","강남구-2022-전기-00045"
"일반-220406-20","강남구","삼성동","선정릉 일대 지중화공사_A2<BR>(강남구 삼성동   테헤란로83길 29 앞 도로 ~ 삼성동   테헤란로83길 19 앞 도로)","2022-04-29 ~ 2022-10-31","한국전력공사 남서울사업본부(직할)","착공계 접수","구도","차도","강남구-2022-전기-00045"
"일반-220406-20","강남구","삼성동","선정릉 일대 지중화공사_A2<BR>(강남구 삼성동   삼성로 520 옆 도로 ~ 삼성동   테헤란로87길 25 옆 도로)","2022-04-29 ~ 2022-10-31","한국전력공사 남서울사업본부(직할)","착공계 접수","구도","차도","강남구-2022-전기-00045"
"일반-220406-20","강남구","삼성동","선정릉 일대 지중화공사_A2<BR>(강남구 삼성동   봉은사로68길 61 앞 도로 ~ 삼성동   삼성로99길 22 앞 도로)","2022-04-29 ~ 2022-10-31","한국전력공사 남서울사업본부(직할)","착공계 접수","구도","차도","강남구-2022-전기-00045"
"일반-220406-20","강남구","삼성동","선정릉 일대 지중화공사_A2<BR>(강남구 삼성동   테헤란로79길 25 앞 도로 ~ 삼성동   테헤란로79길 11-1 앞 도로)","2022-04-29 ~ 2022-10-31","한국전력공사 남서울사업본부(직할)","착공계 접수","구도","차도","강남구-2022-전기-00045"
"일반-220406-20","강남구","삼성동","선정릉 일대 지중화공사_A2<BR>(강남구 삼성동   테헤란로77길 26 앞 도로 ~ 삼성동   테헤란로 77길 13 앞 도로)","2022-04-29 ~ 2022-10-31","한국전력공사 남서울사업본부(직할)","착공계 접수","구도","차도","강남구-2022-전기-00045"
"일반-220406-20","강남구","삼성동","선정릉 일대 지중화공사_A2<BR>(강남구 삼성동   테헤란로69길 13 앞 도로 ~ 삼성동   테헤란로69길 9 앞 도로)","2022-04-29 ~ 2022-10-31","한국전력공사 남서울사업본부(직할)","착공계 접수","구도","차도","강남구-2022-전기-00045"
"일반-220406-20","강남구","삼성동","선정릉 일대 지중화공사_A2<BR>(강남구 삼성동   선릉로100길 54 앞 도로 ~ 삼성동   선릉로92길 37-5 앞 도로)","2022-04-29 ~ 2022-10-31","한국전력공사 남서울사업본부(직할)","착공계 접수","구도","차도","강남구-2022-전기-00045"
"일반-220406-20","강남구","삼성동","선정릉 일대 지중화공사_A2<BR>(강남구 삼성동   선릉로 100길 34 옆 도로 ~ 삼성동   선릉로 100길 30 뒷 도로)","2022-04-29 ~ 2022-10-31","한국전력공사 남서울사업본부(직할)","착공계 접수","구도","차도","강남구-2022-전기-00045"
"일반-220406-20","강남구","삼성동","선정릉 일대 지중화공사_A2<BR>(강남구 삼성동   선릉로100길 24 옆 도로 ~ 삼성동   선릉로 96길 5-4 앞 도로)","2022-04-29 ~ 2022-10-31","한국전력공사 남서울사업본부(직할)","착공계 접수","구도","차도","강남구-2022-전기-00045"
"일반-220406-20","강남구","삼성동","선정릉 일대 지중화공사_A2<BR>(강남구 삼성동   선릉로 530 옆 도로 ~ 삼성동   삼성로95길 10 앞 도로)","2022-04-29 ~ 2022-10-31","한국전력공사 남서울사업본부(직할)","착공계 접수","구도","차도","강남구-2022-전기-00045"
"일반-220406-20","강남구","삼성동","선정릉 일대 지중화공사_A2<BR>(강남구 삼성동   봉은사로 458 옆 도로 ~ 삼성동   삼성로95길 29 앞 도로)","2022-04-29 ~ 2022-10-31","한국전력공사 남서울사업본부(직할)","착공계 접수","구도","차도","강남구-2022-전기-00045"
"일반-220401-85","강남구","삼성동","강남구 삼성동 160주변 영동대로 지하공간 복합개발 저촉 본이설1차(수탁) (보도)<BR>(강남구 삼성동   160 ~ 삼성동   160)","-- ~ --","코원에너지서비스(주)","허가증 교부","특별시도","보도","강남구-2022-가스-00067"
"일반-220401-82","강남구","삼성동","강남구 삼성동 160주변 영동대로 지하공간 복합개발 저촉 본이설1차(수탁)  (시도32)<BR>(강남구 삼성동   160 ~ 삼성동   160)","-- ~ --","코원에너지서비스(주)","허가증 교부","특별시도","차도","강남구-2022-가스-00065"
"일반-220331-18","관악구","신림동","2021년 대학동외 10개동 상수도공사(신림동 612-17 앞)-소화전보수<BR>(관악구 신림동   612-17(법원단지길 73) 앞 ~ 신림동   612-17(법원단지길 73) 앞)","-- ~ --","남부수도사업소(급수운영과)","허가","구도","차도","관악구-2022-상수-00153"
"일반-220331-15","관악구","신림동","2021년 대학동외 10개동 상수도공사(신림동 629-54 앞)-소화전보수<BR>(관악구 신림동   629-54(난곡로30나길 13) 앞 ~ 신림동   629-54(난곡로30나길 13) 앞)","-- ~ --","남부수도사업소(급수운영과)","허가","구도","차도","관악구-2022-상수-00152"
"일반-220331-10","관악구","신림동","2021년 대학동외 10개동 상수도공사(신림동 631-22 앞)-소화전보수<BR>(관악구 신림동   631-22(난곡로34다길 15) 앞 ~ 신림동   631-22(난곡로34다길 15) 앞)","-- ~ --","남부수도사업소(급수운영과)","허가","구도","차도","관악구-2022-상수-00151"
"일반-220330-95","관악구","신림동","2021년 대학동외 10개동 상수도공사(신림동 675-338 앞)-소화전보수<BR>(관악구 신림동   675-338(관악구 난향9길 67) 앞 ~ 신림동   675-338(관악구 난향9길 67) 앞)","-- ~ --","남부수도사업소(급수운영과)","허가","구도","차도","관악구-2022-상수-00150"
"일반-220329-69","강남구","삼성동","선정릉 일대 지중화공사_A1<BR>(강남구 삼성동   테헤란로87길 25 앞 도로 ~ 삼성동   테헤란로87길 33 앞 도로)","2022-04-29 ~ 2022-10-31","한국전력공사 남서울사업본부(직할)","착공계 접수","구도","차도","강남구-2022-전기-00043"
"일반-220329-69","강남구","삼성동","선정릉 일대 지중화공사_A1<BR>(강남구 삼성동   삼성로 518 앞 도로 ~ 삼성동   삼성로 512 앞 도로)","2022-04-29 ~ 2022-10-31","한국전력공사 남서울사업본부(직할)","착공계 접수","특별시도","차도","강남구-2022-전기-00043"
"일반-220314-48","강남구","삼성동","강남구 선정릉 주변 1구간 지중화 관로공사<BR>(강남구 삼성동   135-4 ~ 삼성동   154-12)","2022-04-22 ~ 2022-10-31","드림라인㈜","착공계 접수","기타","보도","강남구-2022-통신-00057"
"일반-220314-48","강남구","삼성동","강남구 선정릉 주변 1구간 지중화 관로공사<BR>(강남구 삼성동   135-4 ~ 삼성동   154-12)","2022-04-22 ~ 2022-10-31","드림라인㈜","착공계 접수","기타","보도","강남구-2022-통신-00057"
"일반-220314-48","강남구","삼성동","강남구 선정릉 주변 1구간 지중화 관로공사<BR>(강남구 삼성동   135-4 ~ 삼성동   154-12)","2022-04-22 ~ 2022-10-31","드림라인㈜","착공계 접수","기타","보도","강남구-2022-통신-00057"
"일반-220314-48","강남구","삼성동","강남구 선정릉 주변 1구간 지중화 관로공사<BR>(강남구 삼성동   135-4 ~ 삼성동   154-12)","2022-04-22 ~ 2022-10-31","드림라인㈜","착공계 접수","기타","보도","강남구-2022-통신-00057"
"일반-220314-48","강남구","삼성동","강남구 선정릉 주변 1구간 지중화 관로공사<BR>(강남구 삼성동   135-4 ~ 삼성동   154-12)","2022-04-22 ~ 2022-10-31","드림라인㈜","착공계 접수","기타","보도","강남구-2022-통신-00057"
"일반-220314-48","강남구","삼성동","강남구 선정릉 주변 1구간 지중화 관로공사<BR>(강남구 삼성동   135-4 ~ 삼성동   154-12)","2022-04-22 ~ 2022-10-31","드림라인㈜","착공계 접수","기타","보도","강남구-2022-통신-00057"
"일반-220314-48","강남구","삼성동","강남구 선정릉 주변 1구간 지중화 관로공사<BR>(강남구 삼성동   135-4 ~ 삼성동   154-12)","2022-04-22 ~ 2022-10-31","드림라인㈜","착공계 접수","기타","보도","강남구-2022-통신-00057"
"일반-220314-48","강남구","삼성동","강남구 선정릉 주변 1구간 지중화 관로공사<BR>(강남구 삼성동   135-4 ~ 삼성동   154-12)","2022-04-22 ~ 2022-10-31","드림라인㈜","착공계 접수","기타","보도","강남구-2022-통신-00057"
"일반-220314-48","강남구","삼성동","강남구 선정릉 주변 1구간 지중화 관로공사<BR>(강남구 삼성동   135-4 ~ 삼성동   154-12)","2022-04-22 ~ 2022-10-31","드림라인㈜","착공계 접수","기타","보도","강남구-2022-통신-00057"
"일반-220314-48","강남구","삼성동","강남구 선정릉 주변 1구간 지중화 관로공사<BR>(강남구 삼성동   135-4 ~ 삼성동   154-12)","2022-04-22 ~ 2022-10-31","드림라인㈜","착공계 접수","기타","보도","강남구-2022-통신-00057"
"일반-220314-48","강남구","삼성동","강남구 선정릉 주변 1구간 지중화 관로공사<BR>(강남구 삼성동   135-4 ~ 삼성동   154-12)","2022-04-22 ~ 2022-10-31","드림라인㈜","착공계 접수","기타","보도","강남구-2022-통신-00057"
"일반-220314-48","강남구","삼성동","강남구 선정릉 주변 1구간 지중화 관로공사<BR>(강남구 삼성동   135-4 ~ 삼성동   154-12)","2022-04-22 ~ 2022-10-31","드림라인㈜","착공계 접수","기타","보도","강남구-2022-통신-00057"
"일반-220314-48","강남구","삼성동","강남구 선정릉 주변 1구간 지중화 관로공사<BR>(강남구 삼성동   135-4 ~ 삼성동   154-12)","2022-04-22 ~ 2022-10-31","드림라인㈜","착공계 접수","기타","보도","강남구-2022-통신-00057"
"일반-220314-48","강남구","삼성동","강남구 선정릉 주변 1구간 지중화 관로공사<BR>(강남구 삼성동   135-4 ~ 삼성동   154-12)","2022-04-22 ~ 2022-10-31","드림라인㈜","착공계 접수","기타","보도","강남구-2022-통신-00057"
"일반-220314-48","강남구","삼성동","강남구 선정릉 주변 1구간 지중화 관로공사<BR>(강남구 삼성동   135-4 ~ 삼성동   154-12)","2022-04-22 ~ 2022-10-31","드림라인㈜","착공계 접수","기타","보도","강남구-2022-통신-00057"
"일반-220314-48","강남구","삼성동","강남구 선정릉 주변 1구간 지중화 관로공사<BR>(강남구 삼성동   135-4 ~ 삼성동   154-12)","2022-04-22 ~ 2022-10-31","드림라인㈜","착공계 접수","구도","차도","강남구-2022-통신-00057"
"일반-220314-48","강남구","삼성동","강남구 선정릉 주변 1구간 지중화 관로공사<BR>(강남구 삼성동   135-4 ~ 삼성동   154-12)","2022-04-22 ~ 2022-10-31","드림라인㈜","착공계 접수","특별시도","차도","강남구-2022-통신-00057"
"일반-220314-48","강남구","삼성동","강남구 선정릉 주변 1구간 지중화 관로공사<BR>(강남구 삼성동   135-4 ~ 삼성동   154-12)","2022-04-22 ~ 2022-10-31","드림라인㈜","착공계 접수","구도","차도","강남구-2022-통신-00057"
"일반-220228-43","서초구","서초동","2022년 남부순환로 장기사용 송배수관 정비공사(1구간)<BR>(서초구 서초동   1425-11 ~ 서초동   1422-7)","-- ~ --","강남수도사업소(시설관리과)","허가증 교부","특별시도","차도","서초구-2022-상수-00208"
"일반-220224-11","관악구","신림동","지하철 승강편의시설 토목건축공사(C-8공구, 신림역)<BR>(관악구 신림동   신림역8번출입구 인근((남부순환로 1614일원) ~ 신림동   신림역8번출입구 인근((남부순환로 1614일원))","2022-04-06 ~ 2023-11-28","서울교통공사","착공계 접수","특별시도","차도/보도","관악구-2022-기타-00001"
"일반-220107-23","성북구","안암동5가","SKB 성북구 통신주건식<BR>(성북구 안암동5가   134-29 ~ 안암동5가   134-29)","-- ~ --","SK브로드밴드","허가","특별시도","보도","성북구-2022-통신-00001"
"일반-220107-23","성북구","안암동5가","SKB 성북구 통신주건식<BR>(성북구 안암동5가   110-54 ~ 안암동5가   110-54)","-- ~ --","SK브로드밴드","허가","특별시도","보도","성북구-2022-통신-00001"
"일반-220107-23","성북구","안암동5가","SKB 성북구 통신주건식<BR>(성북구 안암동5가   104-71 ~ 안암동5가   104-71)","-- ~ --","SK브로드밴드","허가","특별시도","보도","성북구-2022-통신-00001"
"일반-220107-23","성북구","안암동5가","SKB 성북구 통신주건식<BR>(성북구 안암동5가   103-41 ~ 안암동5가   103-41)","-- ~ --","SK브로드밴드","허가","구도","차도","성북구-2022-통신-00001"
"일반-220107-23","성북구","안암동5가","SKB 성북구 통신주건식<BR>(성북구 안암동5가   102-21 ~ 안암동5가   102-21)","-- ~ --","SK브로드밴드","허가","구도","차도","성북구-2022-통신-00001"
"일반-220107-23","성북구","안암동5가","SKB 성북구 통신주건식<BR>(성북구 안암동5가   102-97 ~ 안암동5가   102-97)","-- ~ --","SK브로드밴드","허가","구도","차도","성북구-2022-통신-00001"
"일반-220107-23","성북구","안암동5가","SKB 성북구 통신주건식<BR>(성북구 안암동5가   102-97 ~ 안암동5가   102-97)","-- ~ --","SK브로드밴드","허가","구도","차도","성북구-2022-통신-00001"
"일반-211214-14","강동구","고덕동","SKB 동남로82길 지중화 굴착공사<BR>(강동구 고덕동   298 ~ 고덕동   298)","-- ~ --","SK브로드밴드","허가증 교부","기타","차도","강동구-2021-통신-00088"
"일반-211214-14","강동구","고덕동","SKB 동남로82길 지중화 굴착공사<BR>(강동구 고덕동   296 ~ 고덕동   296)","-- ~ --","SK브로드밴드","허가증 교부","기타","보도","강동구-2021-통신-00088"
"일반-211103-16","서초구","서초동","서초동 서초대로 74길 지중화 관로 공사_A1<BR>(서초구 서초동   1754 ~ 서초동   1754)","-- ~ --","드림라인㈜","허가증 교부","특별시도","차도","서초구-2021-통신-00241"
"일반-211103-14","서초구","서초동","서초동 서초대로 74길 지중화 관로 공사_A1<BR>(서초구 서초동   1754 ~ 서초동   1754)","-- ~ --","SK텔레콤㈜","허가증 교부","특별시도","차도","서초구-2021-통신-00243"
"일반-211103-13","서초구","서초동","서초동 서초대로 74길 지중화 관로 공사_A1<BR>(서초구 서초동   1754 ~ 서초동   1754)","-- ~ --","SK브로드밴드","허가증 교부","특별시도","차도","서초구-2021-통신-00242"
"일반-211103-12","서초구","서초동","서초동 서초대로 74길 지중화 관로 공사<BR>(서초구 서초동   1754 ~ 서초동   1754)","-- ~ --","SK브로드밴드","허가증 교부","구도","보도","서초구-2021-통신-00236"
"일반-211103-12","서초구","서초동","서초동 서초대로 74길 지중화 관로 공사<BR>(서초구 서초동   1754 ~ 서초동   1754)","-- ~ --","SK브로드밴드","허가증 교부","구도","보도","서초구-2021-통신-00236"
"일반-211103-12","서초구","서초동","서초동 서초대로 74길 지중화 관로 공사<BR>(서초구 서초동   1754 ~ 서초동   1754)","-- ~ --","SK브로드밴드","허가증 교부","구도","보도","서초구-2021-통신-00236"
"일반-211103-12","서초구","서초동","서초동 서초대로 74길 지중화 관로 공사<BR>(서초구 서초동   1754 ~ 서초동   1754)","-- ~ --","SK브로드밴드","허가증 교부","구도","차도","서초구-2021-통신-00236"
"일반-211103-12","서초구","서초동","서초동 서초대로 74길 지중화 관로 공사<BR>(서초구 서초동   1754 ~ 서초동   1754)","-- ~ --","SK브로드밴드","허가증 교부","구도","차도","서초구-2021-통신-00236"
"일반-211103-11","서초구","서초동","서초동 서초대로 74길 지중화 관로 공사_A1<BR>(서초구 서초동   1754 ~ 서초동   1754)","-- ~ --","(주)LG유플러스","허가증 교부","특별시도","차도","서초구-2021-통신-00240"
"일반-211103-09","서초구","서초동","서초동 서초대로 74길 지중화 관로 공사<BR>(서초구 서초동   1754 ~ 서초동   1754)","-- ~ --","(주)LG유플러스","허가증 교부","구도","보도","서초구-2021-통신-00235"
"일반-211103-09","서초구","서초동","서초동 서초대로 74길 지중화 관로 공사<BR>(서초구 서초동   1754 ~ 서초동   1754)","-- ~ --","(주)LG유플러스","허가증 교부","구도","보도","서초구-2021-통신-00235"
"일반-211103-09","서초구","서초동","서초동 서초대로 74길 지중화 관로 공사<BR>(서초구 서초동   1754 ~ 서초동   1754)","-- ~ --","(주)LG유플러스","허가증 교부","구도","보도","서초구-2021-통신-00235"
"일반-211103-09","서초구","서초동","서초동 서초대로 74길 지중화 관로 공사<BR>(서초구 서초동   1754 ~ 서초동   1754)","-- ~ --","(주)LG유플러스","허가증 교부","구도","차도","서초구-2021-통신-00235"
"일반-211103-09","서초구","서초동","서초동 서초대로 74길 지중화 관로 공사<BR>(서초구 서초동   1754 ~ 서초동   1754)","-- ~ --","(주)LG유플러스","허가증 교부","구도","차도","서초구-2021-통신-00235"
"일반-211103-07","서초구","서초동","서초동 서초대로 74길 지중화 관로 공사_A1<BR>(서초구 서초동   1754 ~ 서초동   1754)","-- ~ --","에이치씨엔 서초방송","허가증 교부","특별시도","차도","서초구-2021-통신-00244"
"일반-211103-06","서초구","서초동","서초동 서초대로 74길 지중화관로공사<BR>(서초구 서초동   1754 ~ 서초동   1754)","-- ~ --","에이치씨엔 서초방송","허가증 교부","구도","보도","서초구-2021-통신-00238"
"일반-211103-06","서초구","서초동","서초동 서초대로 74길 지중화관로공사<BR>(서초구 서초동   1754 ~ 서초동   1754)","-- ~ --","에이치씨엔 서초방송","허가증 교부","구도","보도","서초구-2021-통신-00238"
"일반-211103-06","서초구","서초동","서초동 서초대로 74길 지중화관로공사<BR>(서초구 서초동   1754 ~ 서초동   1754)","-- ~ --","에이치씨엔 서초방송","허가증 교부","구도","보도","서초구-2021-통신-00238"
"일반-211103-06","서초구","서초동","서초동 서초대로 74길 지중화관로공사<BR>(서초구 서초동   1754 ~ 서초동   1754)","-- ~ --","에이치씨엔 서초방송","허가증 교부","구도","차도","서초구-2021-통신-00238"
"일반-211103-06","서초구","서초동","서초동 서초대로 74길 지중화관로공사<BR>(서초구 서초동   1754 ~ 서초동   1754)","-- ~ --","에이치씨엔 서초방송","허가증 교부","구도","차도","서초구-2021-통신-00238"
"일반-211027-27","서초구","서초동","서초동 서초대로74길 지중화 관로 공사<BR>(서초구 서초동   1754 ~ 서초동   1754)","-- ~ --","드림라인㈜","허가증 교부","구도","보도","서초구-2021-통신-00239"
"일반-211027-27","서초구","서초동","서초동 서초대로74길 지중화 관로 공사<BR>(서초구 서초동   1754 ~ 서초동   1754)","-- ~ --","드림라인㈜","허가증 교부","구도","보도","서초구-2021-통신-00239"
"일반-211027-27","서초구","서초동","서초동 서초대로74길 지중화 관로 공사<BR>(서초구 서초동   1754 ~ 서초동   1754)","-- ~ --","드림라인㈜","허가증 교부","구도","보도","서초구-2021-통신-00239"
"일반-211027-27","서초구","서초동","서초동 서초대로74길 지중화 관로 공사<BR>(서초구 서초동   1754 ~ 서초동   1754)","-- ~ --","드림라인㈜","허가증 교부","구도","차도","서초구-2021-통신-00239"
"일반-211027-27","서초구","서초동","서초동 서초대로74길 지중화 관로 공사<BR>(서초구 서초동   1754 ~ 서초동   1754)","-- ~ --","드림라인㈜","허가증 교부","구도","차도","서초구-2021-통신-00239"
"일반-211027-23","서초구","서초동","서초동 서초대로 74길 지중화 관로 공사<BR>(서초구 서초동   1754 ~ 서초동   1754)","-- ~ --","SK텔레콤㈜","허가증 교부","구도","보도","서초구-2021-통신-00237"
"일반-211027-23","서초구","서초동","서초동 서초대로 74길 지중화 관로 공사<BR>(서초구 서초동   1754 ~ 서초동   1754)","-- ~ --","SK텔레콤㈜","허가증 교부","구도","보도","서초구-2021-통신-00237"
"일반-211027-23","서초구","서초동","서초동 서초대로 74길 지중화 관로 공사<BR>(서초구 서초동   1754 ~ 서초동   1754)","-- ~ --","SK텔레콤㈜","허가증 교부","구도","보도","서초구-2021-통신-00237"
"일반-211027-23","서초구","서초동","서초동 서초대로 74길 지중화 관로 공사<BR>(서초구 서초동   1754 ~ 서초동   1754)","-- ~ --","SK텔레콤㈜","허가증 교부","구도","차도","서초구-2021-통신-00237"
"일반-211027-23","서초구","서초동","서초동 서초대로 74길 지중화 관로 공사<BR>(서초구 서초동   1754 ~ 서초동   1754)","-- ~ --","SK텔레콤㈜","허가증 교부","구도","차도","서초구-2021-통신-00237"
"일반-211021-56","서초구","우면동","바우뫼로6길 KT통신관로 지중화공사<BR>(서초구 우면동   13-10~2-8 바우뢰로6길 ~ 우면동   13-10~2-8 바우뢰로6길)","2022-03-15 ~ 2022-04-30","㈜KT 서울남부마케팅단 양재지사","착공계 접수","구도","차도/보도","서초구-2021-통신-00216"
"일반-211021-45","종로구","부암동","부암동185-56호 통신관로인입공사<BR>(종로구 부암동   185-56 ~ 부암동   185-59)","-- ~ --","㈜KT 서울북부마케팅단 홍제지사","허가증 교부","구도","차도","종로구-2021-통신-00072"
"일반-211019-60","종로구","통의동","종로구청 스마트폴 설치공사(경북궁역교차로)<BR>(종로구 통의동   49-1 ~ 통의동   49-1)","2022-04-20 ~ 2022-11-30","종로구 도로과 도로조명팀","착공계 접수","특별시도","보도","종로구-2021-기타-00042"
"일반-211019-60","종로구","통의동","종로구청 스마트폴 설치공사(경북궁역교차로)<BR>(종로구 통의동   49-1 ~ 통의동   49-1)","2022-04-20 ~ 2022-11-30","종로구 도로과 도로조명팀","착공계 접수","특별시도","보도","종로구-2021-기타-00042"
"일반-211013-90","서초구","잠원동","잠원동 신반포13차조합 주택용전력 2500kW 신설<BR>(서초구 잠원동   52-3 ~ 잠원동   52-3)","-- ~ --","한국전력공사 서초지사","허가증 교부","구도","차도","서초구-2021-전기-00176"
"일반-211001-40","관악구","신림동","2021년 사유지내 지장전주이설작업(신림동630-29호)<BR>(관악구 신림동   630-29호 ~ 신림동   630-29호)","2022-03-31 ~ 2022-12-31","㈜KT 서울남부마케팅단 구로지사","착공계 접수","구도","차도","관악구-2021-통신-00118"
"일반-210930-45","강동구","천호동","구천면로(천호구사거리~천호초교간) 지중화공사_보도인입5<BR>(강동구 천호동   530-1 ~ 천호동   550-4)","2022-04-06 ~ 2022-07-31","SK브로드밴드","착공계 접수","구도","보도","강동구-2021-통신-00078"
"일반-210930-44","강동구","천호동","구천면로(천호구사거리~천호초교간) 지중화공사_보도인입4<BR>(강동구 천호동   529-7 ~ 천호동   529-7)","2022-04-06 ~ 2022-07-31","SK브로드밴드","착공계 접수","특별시도","보도","강동구-2021-통신-00075"
"일반-210930-44","강동구","천호동","구천면로(천호구사거리~천호초교간) 지중화공사_보도인입4<BR>(강동구 천호동   393-1 ~ 천호동   529-7)","2022-04-06 ~ 2022-07-31","SK브로드밴드","착공계 접수","특별시도","보도","강동구-2021-통신-00075"
"일반-210930-44","강동구","천호동","구천면로(천호구사거리~천호초교간) 지중화공사_보도인입4<BR>(강동구 천호동   401-5 ~ 천호동   397-14)","2022-04-06 ~ 2022-07-31","SK브로드밴드","착공계 접수","특별시도","보도","강동구-2021-통신-00075"
"일반-210930-44","강동구","천호동","구천면로(천호구사거리~천호초교간) 지중화공사_보도인입4<BR>(강동구 천호동   393-13 ~ 천호동   397-27)","2022-04-06 ~ 2022-07-31","SK브로드밴드","착공계 접수","구도","보도","강동구-2021-통신-00075"
"일반-210930-37","강동구","천호동","구천면로(천호구사거리~천호초교간) 지중화공사_보도인입3<BR>(강동구 천호동   279-6 ~ 천호동   394-1)","2022-04-06 ~ 2022-07-31","SK브로드밴드","착공계 접수","구도","보도","강동구-2021-통신-00074"
"일반-210930-37","강동구","천호동","구천면로(천호구사거리~천호초교간) 지중화공사_보도인입3<BR>(강동구 천호동   298-4 ~ 천호동   383-3)","2022-04-06 ~ 2022-07-31","SK브로드밴드","착공계 접수","구도","보도","강동구-2021-통신-00074"
"일반-210930-37","강동구","천호동","구천면로(천호구사거리~천호초교간) 지중화공사_보도인입3<BR>(강동구 천호동   217-71 ~ 천호동   217-71)","2022-04-06 ~ 2022-07-31","SK브로드밴드","착공계 접수","특별시도","보도","강동구-2021-통신-00074"
"일반-210930-34","강동구","천호동","구천면로(천호구사거리~천호초교간) 지중화공사_보도인입2<BR>(강동구 천호동   237-66 ~ 천호동   217-61)","2022-04-06 ~ 2022-07-31","SK브로드밴드","착공계 접수","특별시도","보도","강동구-2021-통신-00076"
"일반-210930-34","강동구","천호동","구천면로(천호구사거리~천호초교간) 지중화공사_보도인입2<BR>(강동구 천호동   294-20 ~ 천호동   297-10)","2022-04-06 ~ 2022-07-31","SK브로드밴드","착공계 접수","구도","보도","강동구-2021-통신-00076"
"일반-210930-29","강동구","천호동","구천면로(천호구사거리~천호초교간) 지중화공사_보도인입1<BR>(강동구 천호동   238-1 ~ 천호동   238-1)","2022-04-07 ~ 2022-07-30","SK브로드밴드","착공계 접수","특별시도","보도","강동구-2021-통신-00077"
"일반-210930-29","강동구","천호동","구천면로(천호구사거리~천호초교간) 지중화공사_보도인입1<BR>(강동구 천호동   293-11 ~ 천호동   293-11)","2022-04-07 ~ 2022-07-30","SK브로드밴드","착공계 접수","구도","보도","강동구-2021-통신-00077"
"일반-210930-29","강동구","천호동","구천면로(천호구사거리~천호초교간) 지중화공사_보도인입1<BR>(강동구 천호동   293-14 ~ 천호동   293-14)","2022-04-07 ~ 2022-07-30","SK브로드밴드","착공계 접수","특별시도","보도","강동구-2021-통신-00077"
"일반-210930-02","강동구","천호동","심의19,20)구천면로(천호구사거리~천호초교간) 지중화공사_구도차도4<BR>(강동구 천호동   548 ~ 천호동   543-4)","2022-04-06 ~ 2022-07-31","SK브로드밴드","착공계 접수","구도","차도","강동구-2021-통신-00073"
"일반-210930-02","강동구","천호동","심의19,20)구천면로(천호구사거리~천호초교간) 지중화공사_구도차도4<BR>(강동구 천호동   550-5 ~ 천호동   550-9)","2022-04-06 ~ 2022-07-31","SK브로드밴드","착공계 접수","구도","차도","강동구-2021-통신-00073"
"일반-210929-06","강동구","천호동","심의15~18)구천면로(천호구사거리~천호초교간) 지중화공사_구도차도3<BR>(강동구 천호동   280-6 ~ 천호동   278-20)","2022-04-06 ~ 2022-07-31","SK브로드밴드","착공계 접수","구도","차도","강동구-2021-통신-00072"
"일반-210929-06","강동구","천호동","심의15~18)구천면로(천호구사거리~천호초교간) 지중화공사_구도차도3<BR>(강동구 천호동   282-8 ~ 천호동   280-15)","2022-04-06 ~ 2022-07-31","SK브로드밴드","착공계 접수","구도","차도","강동구-2021-통신-00072"
"일반-210929-06","강동구","천호동","심의15~18)구천면로(천호구사거리~천호초교간) 지중화공사_구도차도3<BR>(강동구 천호동   275-5 ~ 천호동   275-1)","2022-04-06 ~ 2022-07-31","SK브로드밴드","착공계 접수","구도","차도","강동구-2021-통신-00072"
"일반-210929-06","강동구","천호동","심의15~18)구천면로(천호구사거리~천호초교간) 지중화공사_구도차도3<BR>(강동구 천호동   397-70 ~ 천호동   397-419)","2022-04-06 ~ 2022-07-31","SK브로드밴드","착공계 접수","구도","차도","강동구-2021-통신-00072"
"일반-210929-03","강동구","천호동","심의9,10)구천면로(천호구사거리~천호초교간) 지중화공사_구도차도1<BR>(강동구 천호동   224-4 ~ 천호동   224-4)","2022-04-06 ~ 2022-07-31","SK브로드밴드","착공계 접수","구도","보도","강동구-2021-통신-00070"
"일반-210929-03","강동구","천호동","심의9,10)구천면로(천호구사거리~천호초교간) 지중화공사_구도차도1<BR>(강동구 천호동   293-10 ~ 천호동   293-9)","2022-04-06 ~ 2022-07-31","SK브로드밴드","착공계 접수","구도","차도","강동구-2021-통신-00070"
"일반-210929-03","강동구","천호동","심의9,10)구천면로(천호구사거리~천호초교간) 지중화공사_구도차도1<BR>(강동구 천호동   293-13 ~ 천호동   293-14)","2022-04-06 ~ 2022-07-31","SK브로드밴드","착공계 접수","구도","차도","강동구-2021-통신-00070"
"일반-210929-03","강동구","천호동","심의9,10)구천면로(천호구사거리~천호초교간) 지중화공사_구도차도1<BR>(강동구 천호동   234-6 ~ 천호동   224-37)","2022-04-06 ~ 2022-07-31","SK브로드밴드","착공계 접수","구도","차도","강동구-2021-통신-00070"
"일반-210929-03","강동구","천호동","심의9,10)구천면로(천호구사거리~천호초교간) 지중화공사_구도차도1<BR>(강동구 천호동   234-6 ~ 천호동   224-4)","2022-04-06 ~ 2022-07-31","SK브로드밴드","착공계 접수","구도","차도","강동구-2021-통신-00070"
"일반-210929-01","강동구","천호동","심의11~14)구천면로(천호구사거리~천호초교간) 지중화공사_구도차도2<BR>(강동구 천호동   217-132 ~ 천호동   217-69)","2022-04-06 ~ 2022-07-31","SK브로드밴드","착공계 접수","구도","차도","강동구-2021-통신-00071"
"일반-210929-01","강동구","천호동","심의11~14)구천면로(천호구사거리~천호초교간) 지중화공사_구도차도2<BR>(강동구 천호동   298 ~ 천호동   298-4)","2022-04-06 ~ 2022-07-31","SK브로드밴드","착공계 접수","구도","차도","강동구-2021-통신-00071"
"일반-210929-01","강동구","천호동","심의11~14)구천면로(천호구사거리~천호초교간) 지중화공사_구도차도2<BR>(강동구 천호동   296-16 ~ 천호동   297-10)","2022-04-06 ~ 2022-07-31","SK브로드밴드","착공계 접수","구도","차도","강동구-2021-통신-00071"
"일반-210929-01","강동구","천호동","심의11~14)구천면로(천호구사거리~천호초교간) 지중화공사_구도차도2<BR>(강동구 천호동   297-2 ~ 천호동   297)","2022-04-06 ~ 2022-07-31","SK브로드밴드","착공계 접수","구도","차도","강동구-2021-통신-00071"
"일반-210929-01","강동구","천호동","심의11~14)구천면로(천호구사거리~천호초교간) 지중화공사_구도차도2<BR>(강동구 천호동   237-38 ~ 천호동   237-27)","2022-04-06 ~ 2022-07-31","SK브로드밴드","착공계 접수","구도","차도","강동구-2021-통신-00071"
"일반-210929-31","강동구","천호동","심의7,8) 구천면로 지자체 지중화 원인자공사_단독가능<BR>(강동구 천호동   412-2 ~ 천호동   234-6)","2022-04-06 ~ 2022-07-31","SK브로드밴드","착공계 접수","특별시도","차도","강동구-2021-통신-00069"
"일반-210929-31","강동구","천호동","심의7,8) 구천면로 지자체 지중화 원인자공사_단독가능<BR>(강동구 천호동   355 ~ 천호동   293-16)","2022-04-06 ~ 2022-07-31","SK브로드밴드","착공계 접수","특별시도","차도","강동구-2021-통신-00069"
"일반-210907-41","관악구","봉천동","@현충로외 26년경과 노후케이블 교체공사(TR58~59)<BR>(관악구 봉천동   958-14 ~ 봉천동   958-14)","2022-06-15 ~ 2022-12-30","한국전력공사 관악동작지사","착공계 접수","기타","보도","관악구-2021-전기-00048"
"일반-210830-10","강북구","미아동","강북구청지자체 도봉로(도봉로150 ~ 수유사거리) 지중화 관로 공사<BR>(강북구 미아동   160-2 부근 ~ 미아동   131-4 부근)","-- ~ --","(주)LG유플러스","허가증 교부","특별시도","차도","강북구-2021-통신-00039"
"일반-210830-10","강북구","수유동","강북구청지자체 도봉로(도봉로150 ~ 수유사거리) 지중화 관로 공사<BR>(강북구 수유동   47-2부근 ~ 미아동   159-54 부근)","-- ~ --","(주)LG유플러스","허가증 교부","특별시도","차도","강북구-2021-통신-00039"
"일반-210817-95","강북구","수유동","강북구청 지자체 도봉로(도봉로150~수유사거리) 지중화 관로 공사-구도<BR>(강북구 수유동   47-2 부근 ~ 미아동   131-4 부근)","-- ~ --","(주)LG유플러스","허가증 교부","구도","차도","강북구-2021-통신-00035"
"일반-210817-95","강북구","수유동","강북구청 지자체 도봉로(도봉로150~수유사거리) 지중화 관로 공사-구도<BR>(강북구 수유동   47-2 부근 ~ 미아동   131-4 부근)","-- ~ --","(주)LG유플러스","허가증 교부","구도","차도","강북구-2021-통신-00035"
"일반-210817-95","강북구","수유동","강북구청 지자체 도봉로(도봉로150~수유사거리) 지중화 관로 공사-구도<BR>(강북구 수유동   47-2 부근 ~ 미아동   131-4 부근)","-- ~ --","(주)LG유플러스","허가증 교부","구도","차도","강북구-2021-통신-00035"
"일반-210817-95","강북구","수유동","강북구청 지자체 도봉로(도봉로150~수유사거리) 지중화 관로 공사-구도<BR>(강북구 수유동   47-2 부근 ~ 미아동   131-4 부근)","-- ~ --","(주)LG유플러스","허가증 교부","구도","차도","강북구-2021-통신-00035"
"일반-210817-95","강북구","수유동","강북구청 지자체 도봉로(도봉로150~수유사거리) 지중화 관로 공사-구도<BR>(강북구 수유동   47-2 부근 ~ 미아동   131-4 부근)","-- ~ --","(주)LG유플러스","허가증 교부","구도","차도","강북구-2021-통신-00035"
"일반-210817-95","강북구","수유동","강북구청 지자체 도봉로(도봉로150~수유사거리) 지중화 관로 공사-구도<BR>(강북구 수유동   47-2 부근 ~ 미아동   131-4 부근)","-- ~ --","(주)LG유플러스","허가증 교부","구도","차도","강북구-2021-통신-00035"
"일반-210817-95","강북구","수유동","강북구청 지자체 도봉로(도봉로150~수유사거리) 지중화 관로 공사-구도<BR>(강북구 수유동   47-2 부근 ~ 미아동   131-4 부근)","-- ~ --","(주)LG유플러스","허가증 교부","구도","차도","강북구-2021-통신-00035"
"일반-210817-95","강북구","수유동","강북구청 지자체 도봉로(도봉로150~수유사거리) 지중화 관로 공사-구도<BR>(강북구 수유동   47-2 부근 ~ 미아동   131-4 부근)","-- ~ --","(주)LG유플러스","허가증 교부","구도","차도","강북구-2021-통신-00035"
"일반-210817-95","강북구","수유동","강북구청 지자체 도봉로(도봉로150~수유사거리) 지중화 관로 공사-구도<BR>(강북구 수유동   47-2 부근 ~ 미아동   131-4 부근)","-- ~ --","(주)LG유플러스","허가증 교부","구도","차도","강북구-2021-통신-00035"
"일반-210817-95","강북구","수유동","강북구청 지자체 도봉로(도봉로150~수유사거리) 지중화 관로 공사-구도<BR>(강북구 수유동   47-2 부근 ~ 미아동   131-4 부근)","-- ~ --","(주)LG유플러스","허가증 교부","구도","차도","강북구-2021-통신-00035"
"일반-210817-95","강북구","수유동","강북구청 지자체 도봉로(도봉로150~수유사거리) 지중화 관로 공사-구도<BR>(강북구 수유동   47-2 부근 ~ 미아동   131-4 부근)","-- ~ --","(주)LG유플러스","허가증 교부","특별시도","보도","강북구-2021-통신-00035"
"일반-210811-44","노원구","상계동","지하철 승강편의시설 토목건축공사(C-7공구, 노원역)<BR>(노원구 상계동   602-5 ~ 상계동   602-5)","2021-09-06 ~ 2022-11-25","서울교통공사","착공계 접수","특별시도","보도","노원구-2021-기타-00041"
"일반-210730-22","동대문구","답십리동","SB 군장간9R1등노후전주교체공사 - 군장간9R1 서원석<BR>(동대문구 답십리동   488-17 ~ 답십리동   전농로22)","-- ~ --","한국전력공사 동대문중랑지사","징수확인","구도","차도","동대문구-2021-전기-00070"
"일반-210728-75","서초구","잠원동","잠원동 신반포14차조합(롯데건설)3000kW 신설_보도(대선, 송영아)<BR>(서초구 잠원동   잠원동112 ~ 잠원동   잠원동112)","2022-06-20 ~ 2022-08-31","한국전력공사 서초지사","착공계 접수","구도","보도","서초구-2021-전기-00126"
"일반-210728-73","서초구","잠원동","잠원동 신반포14차조합(롯데건설)3000kW신설_보도2(대선, 송영아)<BR>(서초구 잠원동   잠원동112 ~ 잠원동   잠원동112)","-- ~ --","한국전력공사 서초지사","허가증 교부","구도","보도","서초구-2021-전기-00128"
"일반-210722-34","서초구","서초동","교대역인근 서초중앙로 지중화 관로 공사_(맨홀)<BR>(서초구 서초동   1603-7 ~ 서초동   1426-2)","2022-05-24 ~ 2022-08-31","(주)LG유플러스","착공계 접수","특별시도","차도","서초구-2021-통신-00151"
"일반-210722-34","서초구","서초동","교대역인근 서초중앙로 지중화 관로 공사_(맨홀)<BR>(서초구 서초동   1603-7 ~ 서초동   1426-2)","2022-05-24 ~ 2022-08-31","(주)LG유플러스","착공계 접수","특별시도","차도","서초구-2021-통신-00151"
"일반-210722-34","서초구","서초동","교대역인근 서초중앙로 지중화 관로 공사_(맨홀)<BR>(서초구 서초동   1603-7 ~ 서초동   1426-2)","2022-05-24 ~ 2022-08-31","(주)LG유플러스","착공계 접수","특별시도","차도","서초구-2021-통신-00151"
"일반-210722-34","서초구","서초동","교대역인근 서초중앙로 지중화 관로 공사_(맨홀)<BR>(서초구 서초동   1603-7 ~ 서초동   1426-2)","2022-05-24 ~ 2022-08-31","(주)LG유플러스","착공계 접수","특별시도","차도","서초구-2021-통신-00151"
"일반-210722-34","서초구","서초동","교대역인근 서초중앙로 지중화 관로 공사_(맨홀)<BR>(서초구 서초동   1603-7 ~ 서초동   1426-2)","2022-05-24 ~ 2022-08-31","(주)LG유플러스","착공계 접수","특별시도","차도","서초구-2021-통신-00151"
"일반-210722-34","서초구","서초동","교대역인근 서초중앙로 지중화 관로 공사_(맨홀)<BR>(서초구 서초동   1603-7 ~ 서초동   1426-2)","2022-05-24 ~ 2022-08-31","(주)LG유플러스","착공계 접수","특별시도","차도","서초구-2021-통신-00151"
"일반-210722-34","서초구","서초동","교대역인근 서초중앙로 지중화 관로 공사_(맨홀)<BR>(서초구 서초동   1603-7 ~ 서초동   1426-2)","2022-05-24 ~ 2022-08-31","(주)LG유플러스","착공계 접수","특별시도","차도","서초구-2021-통신-00151"
"일반-210722-34","서초구","서초동","교대역인근 서초중앙로 지중화 관로 공사_(맨홀)<BR>(서초구 서초동   1603-7 ~ 서초동   1426-2)","2022-05-24 ~ 2022-08-31","(주)LG유플러스","착공계 접수","특별시도","차도","서초구-2021-통신-00151"
"일반-210719-71","서초구","양재동","서초구양재동 201공급관 밸브 교체공사<BR>(서초구 양재동   201 ~ 양재동   201)","-- ~ --","코원에너지서비스(주)","허가증 교부","구도","보도","서초구-2021-가스-00131"
"일반-210719-71","서초구","양재동","서초구양재동 201공급관 밸브 교체공사<BR>(서초구 양재동   201 ~ 양재동   201)","-- ~ --","코원에너지서비스(주)","허가증 교부","구도","차도","서초구-2021-가스-00131"
"일반-210708-51","관악구","신림동","문성로40길 14(신림동 412-35)불량전주교체공사<BR>(관악구 신림동   412-35 ~ 신림동   412-35)","2022-03-31 ~ 2022-12-31","㈜KT 서울남부마케팅단 관악지사","착공계 접수","구도","차도","관악구-2021-통신-00075"
"일반-210708-48","관악구","신림동","문성로40길 10(신림동 412-20)불량전주교체공사<BR>(관악구 신림동   412-20 ~ 신림동   412-20)","2022-03-31 ~ 2022-12-31","㈜KT 서울남부마케팅단 관악지사","착공계 접수","구도","차도","관악구-2021-통신-00076"
"일반-210701-29","서초구","서초동","서초구 남부터미널 인근 통신 지중화공사_병행가능<BR>(서초구 서초동   1603-7 ~ 서초동   1426-2)","-- ~ --","(주)LG유플러스","허가증 교부","특별시도","보도","서초구-2021-통신-00148"
"일반-210701-29","서초구","서초동","서초구 남부터미널 인근 통신 지중화공사_병행가능<BR>(서초구 서초동   1603-7 ~ 서초동   1426-2)","-- ~ --","(주)LG유플러스","허가증 교부","특별시도","보도","서초구-2021-통신-00148"
"일반-210701-29","서초구","서초동","서초구 남부터미널 인근 통신 지중화공사_병행가능<BR>(서초구 서초동   1603-7 ~ 서초동   1426-2)","-- ~ --","(주)LG유플러스","허가증 교부","기타","보도","서초구-2021-통신-00148"
"일반-210701-29","서초구","서초동","서초구 남부터미널 인근 통신 지중화공사_병행가능<BR>(서초구 서초동   1603-7 ~ 서초동   1426-2)","-- ~ --","(주)LG유플러스","허가증 교부","기타","보도","서초구-2021-통신-00148"
"일반-210701-29","서초구","서초동","서초구 남부터미널 인근 통신 지중화공사_병행가능<BR>(서초구 서초동   1603-7 ~ 서초동   1426-2)","-- ~ --","(주)LG유플러스","허가증 교부","특별시도","보도","서초구-2021-통신-00148"
"일반-210701-29","서초구","서초동","서초구 남부터미널 인근 통신 지중화공사_병행가능<BR>(서초구 서초동   1603-7 ~ 서초동   1426-2)","-- ~ --","(주)LG유플러스","허가증 교부","특별시도","보도","서초구-2021-통신-00148"
"일반-210701-29","서초구","서초동","서초구 남부터미널 인근 통신 지중화공사_병행가능<BR>(서초구 서초동   1603-7 ~ 서초동   1426-2)","-- ~ --","(주)LG유플러스","허가증 교부","특별시도","보도","서초구-2021-통신-00148"
"일반-210701-29","서초구","서초동","서초구 남부터미널 인근 통신 지중화공사_병행가능<BR>(서초구 서초동   1603-7 ~ 서초동   1426-2)","-- ~ --","(주)LG유플러스","허가증 교부","기타","보도","서초구-2021-통신-00148"
"일반-210701-29","서초구","서초동","서초구 남부터미널 인근 통신 지중화공사_병행가능<BR>(서초구 서초동   1603-7 ~ 서초동   1426-2)","-- ~ --","(주)LG유플러스","허가증 교부","특별시도","보도","서초구-2021-통신-00148"
"일반-210701-29","서초구","서초동","서초구 남부터미널 인근 통신 지중화공사_병행가능<BR>(서초구 서초동   1603-7 ~ 서초동   1426-2)","-- ~ --","(주)LG유플러스","허가증 교부","기타","보도","서초구-2021-통신-00148"
"일반-210701-29","서초구","서초동","서초구 남부터미널 인근 통신 지중화공사_병행가능<BR>(서초구 서초동   1603-7 ~ 서초동   1426-2)","-- ~ --","(주)LG유플러스","허가증 교부","기타","보도","서초구-2021-통신-00148"
"일반-210701-29","서초구","서초동","서초구 남부터미널 인근 통신 지중화공사_병행가능<BR>(서초구 서초동   1603-7 ~ 서초동   1426-2)","-- ~ --","(주)LG유플러스","허가증 교부","특별시도","차도","서초구-2021-통신-00148"
"일반-210625-04","성동구","금호동3가","지하철 승강편의시설 토목건축공사(C-5공구, 금호역 4번출구)<BR>(성동구 금호동3가   1583번지 일대(금호역 4번출구) ~ 금호동3가   1583번지 일대(금호역 4번출구))","2021-12-22 ~ 2023-03-31","서울교통공사","착공계 접수","특별시도","차도","성동구-2021-기타-00078"
"일반-210625-03","성동구","금호동3가","지하철 승강편의시설 토목건축공사(C-5공구, 금호역 4번출구)<BR>(성동구 금호동3가   1583번지(금호역 4번출구) ~ 금호동3가   1583번지(금호역 4번출구))","2021-12-22 ~ 2023-03-31","서울교통공사","착공계 접수","특별시도","보도","성동구-2021-기타-00079"
"일반-210617-64","서초구","서초동","지하철 승강편의시설 토목건축공사(3-7공구)교대역11번 하수도이설(보도)<BR>(서초구 서초동   1715-7 ~ 서초동   1715-7)","2022-01-10 ~ 2022-11-30","서울교통공사","착공계 접수","기타","보도","서초구-2021-기타-00090"
"일반-210604-51","종로구","궁정동","자하문로 가로등 개량 공사<BR>(종로구 궁정동   13-7 ~ 적선동   107-1)","2022-04-20 ~ 2022-11-30","종로구 도로과 도로조명팀","착공계 접수","구도","보도","종로구-2021-기타-00022"
"일반-210604-51","종로구","궁정동","자하문로 가로등 개량 공사<BR>(종로구 궁정동   12-1 ~ 청운동   6-11)","2022-04-20 ~ 2022-11-30","종로구 도로과 도로조명팀","착공계 접수","구도","보도","종로구-2021-기타-00022"
"일반-210604-51","종로구","신교동","자하문로 가로등 개량 공사<BR>(종로구 신교동   66 ~ 청운동   7-29)","2022-04-20 ~ 2022-11-30","종로구 도로과 도로조명팀","착공계 접수","구도","보도","종로구-2021-기타-00022"
"일반-210603-98","서초구","서초동","교대역 인근 서초중앙로 지중화 관로공사_A2,보도(2)<BR>(서초구 서초동   1573-5 ~ 서초동   1576-2)","2022-05-24 ~ 2022-11-30","에이치씨엔 서초방송","착공계 접수","구도","차도","서초구-2021-통신-00123"
"일반-210603-98","서초구","서초동","교대역 인근 서초중앙로 지중화 관로공사_A2,보도(2)<BR>(서초구 서초동   1573-5 ~ 서초동   1576-2)","2022-05-24 ~ 2022-11-30","에이치씨엔 서초방송","착공계 접수","특별시도","보도","서초구-2021-통신-00123"
"일반-210603-98","서초구","서초동","교대역 인근 서초중앙로 지중화 관로공사_A2,보도(2)<BR>(서초구 서초동   1573-5 ~ 서초동   1576-2)","2022-05-24 ~ 2022-11-30","에이치씨엔 서초방송","착공계 접수","특별시도","보도","서초구-2021-통신-00123"
"일반-210603-98","서초구","서초동","교대역 인근 서초중앙로 지중화 관로공사_A2,보도(2)<BR>(서초구 서초동   1573-5 ~ 서초동   1576-2)","2022-05-24 ~ 2022-11-30","에이치씨엔 서초방송","착공계 접수","특별시도","보도","서초구-2021-통신-00123"
"일반-210603-98","서초구","서초동","교대역 인근 서초중앙로 지중화 관로공사_A2,보도(2)<BR>(서초구 서초동   1573-5 ~ 서초동   1576-2)","2022-05-24 ~ 2022-11-30","에이치씨엔 서초방송","착공계 접수","특별시도","보도","서초구-2021-통신-00123"
"일반-210603-98","서초구","서초동","교대역 인근 서초중앙로 지중화 관로공사_A2,보도(2)<BR>(서초구 서초동   1573-5 ~ 서초동   1576-2)","2022-05-24 ~ 2022-11-30","에이치씨엔 서초방송","착공계 접수","특별시도","보도","서초구-2021-통신-00123"
"일반-210603-98","서초구","서초동","교대역 인근 서초중앙로 지중화 관로공사_A2,보도(2)<BR>(서초구 서초동   1573-5 ~ 서초동   1576-2)","2022-05-24 ~ 2022-11-30","에이치씨엔 서초방송","착공계 접수","구도","차도","서초구-2021-통신-00123"
"일반-210603-98","서초구","서초동","교대역 인근 서초중앙로 지중화 관로공사_A2,보도(2)<BR>(서초구 서초동   1573-5 ~ 서초동   1576-2)","2022-05-24 ~ 2022-11-30","에이치씨엔 서초방송","착공계 접수","특별시도","보도","서초구-2021-통신-00123"
"일반-210603-98","서초구","서초동","교대역 인근 서초중앙로 지중화 관로공사_A2,보도(2)<BR>(서초구 서초동   1573-5 ~ 서초동   1576-2)","2022-05-24 ~ 2022-11-30","에이치씨엔 서초방송","착공계 접수","특별시도","보도","서초구-2021-통신-00123"
"일반-210603-98","서초구","서초동","교대역 인근 서초중앙로 지중화 관로공사_A2,보도(2)<BR>(서초구 서초동   1573-5 ~ 서초동   1576-2)","2022-05-24 ~ 2022-11-30","에이치씨엔 서초방송","착공계 접수","특별시도","보도","서초구-2021-통신-00123"
"일반-210603-95","서초구","서초동","교대역 인근 서초중앙로 지중화 관로공사_A2,보도(1)<BR>(서초구 서초동   1573-5 ~ 서초동   1576-2)","2022-05-24 ~ 2022-11-30","에이치씨엔 서초방송","착공계 접수","구도","차도","서초구-2021-통신-00122"
"일반-210603-95","서초구","서초동","교대역 인근 서초중앙로 지중화 관로공사_A2,보도(1)<BR>(서초구 서초동   1573-5 ~ 서초동   1576-2)","2022-05-24 ~ 2022-11-30","에이치씨엔 서초방송","착공계 접수","구도","보도","서초구-2021-통신-00122"
"일반-210603-95","서초구","서초동","교대역 인근 서초중앙로 지중화 관로공사_A2,보도(1)<BR>(서초구 서초동   1573-5 ~ 서초동   1576-2)","2022-05-24 ~ 2022-11-30","에이치씨엔 서초방송","착공계 접수","구도","보도","서초구-2021-통신-00122"
"일반-210603-95","서초구","서초동","교대역 인근 서초중앙로 지중화 관로공사_A2,보도(1)<BR>(서초구 서초동   1573-5 ~ 서초동   1576-2)","2022-05-24 ~ 2022-11-30","에이치씨엔 서초방송","착공계 접수","특별시도","보도","서초구-2021-통신-00122"
"일반-210603-95","서초구","서초동","교대역 인근 서초중앙로 지중화 관로공사_A2,보도(1)<BR>(서초구 서초동   1573-5 ~ 서초동   1576-2)","2022-05-24 ~ 2022-11-30","에이치씨엔 서초방송","착공계 접수","특별시도","보도","서초구-2021-통신-00122"
"일반-210603-95","서초구","서초동","교대역 인근 서초중앙로 지중화 관로공사_A2,보도(1)<BR>(서초구 서초동   1573-5 ~ 서초동   1576-2)","2022-05-24 ~ 2022-11-30","에이치씨엔 서초방송","착공계 접수","구도","차도","서초구-2021-통신-00122"
"일반-210603-95","서초구","서초동","교대역 인근 서초중앙로 지중화 관로공사_A2,보도(1)<BR>(서초구 서초동   1573-5 ~ 서초동   1576-2)","2022-05-24 ~ 2022-11-30","에이치씨엔 서초방송","착공계 접수","특별시도","보도","서초구-2021-통신-00122"
"일반-210603-95","서초구","서초동","교대역 인근 서초중앙로 지중화 관로공사_A2,보도(1)<BR>(서초구 서초동   1573-5 ~ 서초동   1576-2)","2022-05-24 ~ 2022-11-30","에이치씨엔 서초방송","착공계 접수","특별시도","보도","서초구-2021-통신-00122"
"일반-210603-95","서초구","서초동","교대역 인근 서초중앙로 지중화 관로공사_A2,보도(1)<BR>(서초구 서초동   1573-5 ~ 서초동   1576-2)","2022-05-24 ~ 2022-11-30","에이치씨엔 서초방송","착공계 접수","구도","차도","서초구-2021-통신-00122"
"일반-210603-95","서초구","서초동","교대역 인근 서초중앙로 지중화 관로공사_A2,보도(1)<BR>(서초구 서초동   1573-5 ~ 서초동   1576-2)","2022-05-24 ~ 2022-11-30","에이치씨엔 서초방송","착공계 접수","특별시도","보도","서초구-2021-통신-00122"
"일반-210603-93","서초구","서초동","교대역 인근 서초중앙로 지중화 관로공사_A1(3)<BR>(서초구 서초동   1573-5 ~ 서초동   1576-2)","2022-05-24 ~ 2022-11-30","에이치씨엔 서초방송","착공계 접수","특별시도","차도","서초구-2021-통신-00126"
"일반-210603-92","서초구","서초동","교대역 인근 서초중앙로 지중화 관로공사_A1(2)<BR>(서초구 서초동   1573-5 ~ 서초동   1576-2)","2022-05-24 ~ 2022-11-30","에이치씨엔 서초방송","착공계 접수","특별시도","차도","서초구-2021-통신-00125"
"일반-210603-90","서초구","서초동","교대역 인근 서초중앙로 지중화 관로공사_A1(1)<BR>(서초구 서초동   1573-5 ~ 서초동   1576-2)","2022-05-24 ~ 2022-11-30","에이치씨엔 서초방송","착공계 접수","특별시도","차도","서초구-2021-통신-00124"
"일반-210603-84","노원구","공릉동","공릉 외 1역 승강편의시설 설치공사(44공구) - 공릉역(특별시도 소규모)<BR>(노원구 공릉동   386-1 공릉역 1번 출입구 인근 ~ 공릉동   386-1 공릉역 1번 출입구 인근)","2021-07-01 ~ 2023-03-12","서울교통공사","착공계 접수","특별시도","차도","노원구-2021-기타-00031"
"일반-210603-84","노원구","공릉동","공릉 외 1역 승강편의시설 설치공사(44공구) - 공릉역(특별시도 소규모)<BR>(노원구 공릉동   386-1 공릉역 1번 출입구 인근 ~ 공릉동   386-1 공릉역 1번 출입구 인근)","2021-07-01 ~ 2023-03-12","서울교통공사","착공계 접수","특별시도","차도","노원구-2021-기타-00031"
"일반-210603-84","노원구","공릉동","공릉 외 1역 승강편의시설 설치공사(44공구) - 공릉역(특별시도 소규모)<BR>(노원구 공릉동   386-1 공릉역 1번 출입구 인근 ~ 공릉동   386-1 공릉역 1번 출입구 인근)","2021-07-01 ~ 2023-03-12","서울교통공사","착공계 접수","특별시도","차도","노원구-2021-기타-00031"
"일반-210603-77","서초구","서초동","교대역 인근 서초중앙로 지중화 관로공사_A2,보도(1)<BR>(서초구 서초동   1573-5 ~ 서초동   1576-2)","2022-05-24 ~ 2022-11-30","SK브로드밴드","착공계 접수","구도","차도","서초구-2021-통신-00117"
"일반-210603-77","서초구","서초동","교대역 인근 서초중앙로 지중화 관로공사_A2,보도(1)<BR>(서초구 서초동   1573-5 ~ 서초동   1576-2)","2022-05-24 ~ 2022-11-30","SK브로드밴드","착공계 접수","구도","보도","서초구-2021-통신-00117"
"일반-210603-77","서초구","서초동","교대역 인근 서초중앙로 지중화 관로공사_A2,보도(1)<BR>(서초구 서초동   1573-5 ~ 서초동   1576-2)","2022-05-24 ~ 2022-11-30","SK브로드밴드","착공계 접수","구도","보도","서초구-2021-통신-00117"
"일반-210603-77","서초구","서초동","교대역 인근 서초중앙로 지중화 관로공사_A2,보도(1)<BR>(서초구 서초동   1573-5 ~ 서초동   1576-2)","2022-05-24 ~ 2022-11-30","SK브로드밴드","착공계 접수","특별시도","보도","서초구-2021-통신-00117"
"일반-210603-77","서초구","서초동","교대역 인근 서초중앙로 지중화 관로공사_A2,보도(1)<BR>(서초구 서초동   1573-5 ~ 서초동   1576-2)","2022-05-24 ~ 2022-11-30","SK브로드밴드","착공계 접수","특별시도","보도","서초구-2021-통신-00117"
"일반-210603-77","서초구","서초동","교대역 인근 서초중앙로 지중화 관로공사_A2,보도(1)<BR>(서초구 서초동   1573-5 ~ 서초동   1576-2)","2022-05-24 ~ 2022-11-30","SK브로드밴드","착공계 접수","구도","차도","서초구-2021-통신-00117"
"일반-210603-77","서초구","서초동","교대역 인근 서초중앙로 지중화 관로공사_A2,보도(1)<BR>(서초구 서초동   1573-5 ~ 서초동   1576-2)","2022-05-24 ~ 2022-11-30","SK브로드밴드","착공계 접수","특별시도","보도","서초구-2021-통신-00117"
"일반-210603-77","서초구","서초동","교대역 인근 서초중앙로 지중화 관로공사_A2,보도(1)<BR>(서초구 서초동   1573-5 ~ 서초동   1576-2)","2022-05-24 ~ 2022-11-30","SK브로드밴드","착공계 접수","특별시도","보도","서초구-2021-통신-00117"
"일반-210603-77","서초구","서초동","교대역 인근 서초중앙로 지중화 관로공사_A2,보도(1)<BR>(서초구 서초동   1573-5 ~ 서초동   1576-2)","2022-05-24 ~ 2022-11-30","SK브로드밴드","착공계 접수","구도","차도","서초구-2021-통신-00117"
"일반-210603-77","서초구","서초동","교대역 인근 서초중앙로 지중화 관로공사_A2,보도(1)<BR>(서초구 서초동   1573-5 ~ 서초동   1576-2)","2022-05-24 ~ 2022-11-30","SK브로드밴드","착공계 접수","특별시도","보도","서초구-2021-통신-00117"
"일반-210603-76","서초구","서초동","교대역 인근 서초중앙로 지중화 관로공사_A1(1)<BR>(서초구 서초동   1573-5 ~ 서초동   1576-2)","2022-05-24 ~ 2022-11-30","SK브로드밴드","착공계 접수","특별시도","차도","서초구-2021-통신-00119"
"일반-210603-75","서초구","서초동","교대역 인근 서초중앙로 지중화 관로공사_A1(2)<BR>(서초구 서초동   1573-5 ~ 서초동   1576-2)","2022-05-24 ~ 2022-11-30","SK브로드밴드","착공계 접수","특별시도","차도","서초구-2021-통신-00120"
"일반-210603-74","서초구","서초동","교대역 인근 서초중앙로 지중화 관로공사_A1(3)<BR>(서초구 서초동   1573-5 ~ 서초동   1576-2)","2022-05-24 ~ 2022-11-30","SK브로드밴드","착공계 접수","특별시도","차도","서초구-2021-통신-00121"
"일반-210603-72","서초구","서초동","교대역 인근 서초중앙로 지중화 관로공사_A2,보도(2)<BR>(서초구 서초동   1573-5 ~ 서초동   1576-2)","2022-05-24 ~ 2022-11-30","SK브로드밴드","착공계 접수","구도","차도","서초구-2021-통신-00118"
"일반-210603-72","서초구","서초동","교대역 인근 서초중앙로 지중화 관로공사_A2,보도(2)<BR>(서초구 서초동   1573-5 ~ 서초동   1576-2)","2022-05-24 ~ 2022-11-30","SK브로드밴드","착공계 접수","특별시도","보도","서초구-2021-통신-00118"
"일반-210603-72","서초구","서초동","교대역 인근 서초중앙로 지중화 관로공사_A2,보도(2)<BR>(서초구 서초동   1573-5 ~ 서초동   1576-2)","2022-05-24 ~ 2022-11-30","SK브로드밴드","착공계 접수","특별시도","보도","서초구-2021-통신-00118"
"일반-210603-72","서초구","서초동","교대역 인근 서초중앙로 지중화 관로공사_A2,보도(2)<BR>(서초구 서초동   1573-5 ~ 서초동   1576-2)","2022-05-24 ~ 2022-11-30","SK브로드밴드","착공계 접수","특별시도","보도","서초구-2021-통신-00118"
"일반-210603-72","서초구","서초동","교대역 인근 서초중앙로 지중화 관로공사_A2,보도(2)<BR>(서초구 서초동   1573-5 ~ 서초동   1576-2)","2022-05-24 ~ 2022-11-30","SK브로드밴드","착공계 접수","특별시도","보도","서초구-2021-통신-00118"
"일반-210603-72","서초구","서초동","교대역 인근 서초중앙로 지중화 관로공사_A2,보도(2)<BR>(서초구 서초동   1573-5 ~ 서초동   1576-2)","2022-05-24 ~ 2022-11-30","SK브로드밴드","착공계 접수","특별시도","보도","서초구-2021-통신-00118"
"일반-210603-72","서초구","서초동","교대역 인근 서초중앙로 지중화 관로공사_A2,보도(2)<BR>(서초구 서초동   1573-5 ~ 서초동   1576-2)","2022-05-24 ~ 2022-11-30","SK브로드밴드","착공계 접수","구도","차도","서초구-2021-통신-00118"
"일반-210603-72","서초구","서초동","교대역 인근 서초중앙로 지중화 관로공사_A2,보도(2)<BR>(서초구 서초동   1573-5 ~ 서초동   1576-2)","2022-05-24 ~ 2022-11-30","SK브로드밴드","착공계 접수","특별시도","보도","서초구-2021-통신-00118"
"일반-210603-72","서초구","서초동","교대역 인근 서초중앙로 지중화 관로공사_A2,보도(2)<BR>(서초구 서초동   1573-5 ~ 서초동   1576-2)","2022-05-24 ~ 2022-11-30","SK브로드밴드","착공계 접수","특별시도","보도","서초구-2021-통신-00118"
"일반-210603-72","서초구","서초동","교대역 인근 서초중앙로 지중화 관로공사_A2,보도(2)<BR>(서초구 서초동   1573-5 ~ 서초동   1576-2)","2022-05-24 ~ 2022-11-30","SK브로드밴드","착공계 접수","특별시도","보도","서초구-2021-통신-00118"
"일반-210603-68","서초구","서초동","교대역 인근 서초중앙로 지중화 관로공사_A1(1)<BR>(서초구 서초동   1573-6 ~ 서초동   1576-2)","2022-05-24 ~ 2022-11-30","SK텔레콤㈜","착공계 접수","특별시도","차도","서초구-2021-통신-00114"
"일반-210603-67","서초구","서초동","교대역 인근 서초중앙로 지중화 관로공사_A1(2)<BR>(서초구 서초동   1573-5 ~ 서초동   1576-2)","2022-05-24 ~ 2022-11-30","SK텔레콤㈜","착공계 접수","특별시도","차도","서초구-2021-통신-00115"
"일반-210603-65","서초구","서초동"," 교대역 인근 서초중앙로 지중화 관로공사_A1(3) <BR>(서초구 서초동   1573-5 ~ 서초동   1576-2)","2022-05-24 ~ 2022-11-30","SK텔레콤㈜","착공계 접수","특별시도","차도","서초구-2021-통신-00116"
"일반-210603-64","서초구","서초동","교대역 인근 서초중앙로 지중화 관로공사_A2,보도(2)<BR>(서초구 서초동   1573-5 ~ 서초동   1576-2)","2022-05-24 ~ 2022-11-30","SK텔레콤㈜","착공계 접수","구도","차도","서초구-2021-통신-00113"
"일반-210603-64","서초구","서초동","교대역 인근 서초중앙로 지중화 관로공사_A2,보도(2)<BR>(서초구 서초동   1573-5 ~ 서초동   1576-2)","2022-05-24 ~ 2022-11-30","SK텔레콤㈜","착공계 접수","특별시도","보도","서초구-2021-통신-00113"
"일반-210603-64","서초구","서초동","교대역 인근 서초중앙로 지중화 관로공사_A2,보도(2)<BR>(서초구 서초동   1573-5 ~ 서초동   1576-2)","2022-05-24 ~ 2022-11-30","SK텔레콤㈜","착공계 접수","특별시도","보도","서초구-2021-통신-00113"
"일반-210603-64","서초구","서초동","교대역 인근 서초중앙로 지중화 관로공사_A2,보도(2)<BR>(서초구 서초동   1573-5 ~ 서초동   1576-2)","2022-05-24 ~ 2022-11-30","SK텔레콤㈜","착공계 접수","특별시도","보도","서초구-2021-통신-00113"
"일반-210603-64","서초구","서초동","교대역 인근 서초중앙로 지중화 관로공사_A2,보도(2)<BR>(서초구 서초동   1573-5 ~ 서초동   1576-2)","2022-05-24 ~ 2022-11-30","SK텔레콤㈜","착공계 접수","특별시도","보도","서초구-2021-통신-00113"
"일반-210603-64","서초구","서초동","교대역 인근 서초중앙로 지중화 관로공사_A2,보도(2)<BR>(서초구 서초동   1573-5 ~ 서초동   1576-2)","2022-05-24 ~ 2022-11-30","SK텔레콤㈜","착공계 접수","특별시도","보도","서초구-2021-통신-00113"
"일반-210603-64","서초구","서초동","교대역 인근 서초중앙로 지중화 관로공사_A2,보도(2)<BR>(서초구 서초동   1573-5 ~ 서초동   1576-2)","2022-05-24 ~ 2022-11-30","SK텔레콤㈜","착공계 접수","구도","차도","서초구-2021-통신-00113"
"일반-210603-64","서초구","서초동","교대역 인근 서초중앙로 지중화 관로공사_A2,보도(2)<BR>(서초구 서초동   1573-5 ~ 서초동   1576-2)","2022-05-24 ~ 2022-11-30","SK텔레콤㈜","착공계 접수","특별시도","보도","서초구-2021-통신-00113"
"일반-210603-64","서초구","서초동","교대역 인근 서초중앙로 지중화 관로공사_A2,보도(2)<BR>(서초구 서초동   1573-5 ~ 서초동   1576-2)","2022-05-24 ~ 2022-11-30","SK텔레콤㈜","착공계 접수","특별시도","보도","서초구-2021-통신-00113"
"일반-210603-64","서초구","서초동","교대역 인근 서초중앙로 지중화 관로공사_A2,보도(2)<BR>(서초구 서초동   1573-5 ~ 서초동   1576-2)","2022-05-24 ~ 2022-11-30","SK텔레콤㈜","착공계 접수","특별시도","보도","서초구-2021-통신-00113"
"일반-210603-63","서초구","서초동","교대역 인근 서초중앙로 지중화 관로공사_A2,보도(1)<BR>(서초구 서초동   1573-5 ~ 서초동   1576-2)","2022-05-24 ~ 2022-11-30","SK텔레콤㈜","착공계 접수","구도","차도","서초구-2021-통신-00112"
"일반-210603-63","서초구","서초동","교대역 인근 서초중앙로 지중화 관로공사_A2,보도(1)<BR>(서초구 서초동   1573-5 ~ 서초동   1576-2)","2022-05-24 ~ 2022-11-30","SK텔레콤㈜","착공계 접수","구도","보도","서초구-2021-통신-00112"
"일반-210603-63","서초구","서초동","교대역 인근 서초중앙로 지중화 관로공사_A2,보도(1)<BR>(서초구 서초동   1573-5 ~ 서초동   1576-2)","2022-05-24 ~ 2022-11-30","SK텔레콤㈜","착공계 접수","기타","보도","서초구-2021-통신-00112"
"일반-210603-63","서초구","서초동","교대역 인근 서초중앙로 지중화 관로공사_A2,보도(1)<BR>(서초구 서초동   1573-5 ~ 서초동   1576-2)","2022-05-24 ~ 2022-11-30","SK텔레콤㈜","착공계 접수","특별시도","보도","서초구-2021-통신-00112"
"일반-210603-63","서초구","서초동","교대역 인근 서초중앙로 지중화 관로공사_A2,보도(1)<BR>(서초구 서초동   1573-5 ~ 서초동   1576-2)","2022-05-24 ~ 2022-11-30","SK텔레콤㈜","착공계 접수","특별시도","보도","서초구-2021-통신-00112"
"일반-210603-63","서초구","서초동","교대역 인근 서초중앙로 지중화 관로공사_A2,보도(1)<BR>(서초구 서초동   1573-5 ~ 서초동   1576-2)","2022-05-24 ~ 2022-11-30","SK텔레콤㈜","착공계 접수","구도","차도","서초구-2021-통신-00112"
"일반-210603-63","서초구","서초동","교대역 인근 서초중앙로 지중화 관로공사_A2,보도(1)<BR>(서초구 서초동   1573-5 ~ 서초동   1576-2)","2022-05-24 ~ 2022-11-30","SK텔레콤㈜","착공계 접수","특별시도","보도","서초구-2021-통신-00112"
"일반-210603-63","서초구","서초동","교대역 인근 서초중앙로 지중화 관로공사_A2,보도(1)<BR>(서초구 서초동   1573-5 ~ 서초동   1576-2)","2022-05-24 ~ 2022-11-30","SK텔레콤㈜","착공계 접수","기타","보도","서초구-2021-통신-00112"
"일반-210603-63","서초구","서초동","교대역 인근 서초중앙로 지중화 관로공사_A2,보도(1)<BR>(서초구 서초동   1573-5 ~ 서초동   1576-2)","2022-05-24 ~ 2022-11-30","SK텔레콤㈜","착공계 접수","구도","차도","서초구-2021-통신-00112"
"일반-210603-63","서초구","서초동","교대역 인근 서초중앙로 지중화 관로공사_A2,보도(1)<BR>(서초구 서초동   1573-5 ~ 서초동   1576-2)","2022-05-24 ~ 2022-11-30","SK텔레콤㈜","착공계 접수","특별시도","보도","서초구-2021-통신-00112"
"일반-210603-08","서초구","서초동","교대역 인근 서초중앙로 지중화 관로공사_A2,보도(2)<BR>(서초구 서초동   1573-5 ~ 서초동   1576-2)","2022-05-24 ~ 2022-11-30","드림라인㈜","착공계 접수","구도","차도","서초구-2021-통신-00103"
"일반-210603-08","서초구","서초동","교대역 인근 서초중앙로 지중화 관로공사_A2,보도(2)<BR>(서초구 서초동   1573-5 ~ 서초동   1576-2)","2022-05-24 ~ 2022-11-30","드림라인㈜","착공계 접수","기타","보도","서초구-2021-통신-00103"
"일반-210603-08","서초구","서초동","교대역 인근 서초중앙로 지중화 관로공사_A2,보도(2)<BR>(서초구 서초동   1573-5 ~ 서초동   1576-2)","2022-05-24 ~ 2022-11-30","드림라인㈜","착공계 접수","특별시도","보도","서초구-2021-통신-00103"
"일반-210603-08","서초구","서초동","교대역 인근 서초중앙로 지중화 관로공사_A2,보도(2)<BR>(서초구 서초동   1573-5 ~ 서초동   1576-2)","2022-05-24 ~ 2022-11-30","드림라인㈜","착공계 접수","특별시도","보도","서초구-2021-통신-00103"
"일반-210603-08","서초구","서초동","교대역 인근 서초중앙로 지중화 관로공사_A2,보도(2)<BR>(서초구 서초동   1573-5 ~ 서초동   1576-2)","2022-05-24 ~ 2022-11-30","드림라인㈜","착공계 접수","특별시도","보도","서초구-2021-통신-00103"
"일반-210603-08","서초구","서초동","교대역 인근 서초중앙로 지중화 관로공사_A2,보도(2)<BR>(서초구 서초동   1573-5 ~ 서초동   1576-2)","2022-05-24 ~ 2022-11-30","드림라인㈜","착공계 접수","특별시도","보도","서초구-2021-통신-00103"
"일반-210603-08","서초구","서초동","교대역 인근 서초중앙로 지중화 관로공사_A2,보도(2)<BR>(서초구 서초동   1573-5 ~ 서초동   1576-2)","2022-05-24 ~ 2022-11-30","드림라인㈜","착공계 접수","구도","차도","서초구-2021-통신-00103"
"일반-210603-08","서초구","서초동","교대역 인근 서초중앙로 지중화 관로공사_A2,보도(2)<BR>(서초구 서초동   1573-5 ~ 서초동   1576-2)","2022-05-24 ~ 2022-11-30","드림라인㈜","착공계 접수","특별시도","보도","서초구-2021-통신-00103"
"일반-210603-08","서초구","서초동","교대역 인근 서초중앙로 지중화 관로공사_A2,보도(2)<BR>(서초구 서초동   1573-5 ~ 서초동   1576-2)","2022-05-24 ~ 2022-11-30","드림라인㈜","착공계 접수","특별시도","보도","서초구-2021-통신-00103"
"일반-210603-08","서초구","서초동","교대역 인근 서초중앙로 지중화 관로공사_A2,보도(2)<BR>(서초구 서초동   1573-5 ~ 서초동   1576-2)","2022-05-24 ~ 2022-11-30","드림라인㈜","착공계 접수","특별시도","보도","서초구-2021-통신-00103"
"일반-210603-04","서초구","서초동","교대역 인근 서초중앙로 지중화 관로공사_A2,보도(1)<BR>(서초구 서초동   1573-5 ~ 서초동   1576-2)","2022-05-24 ~ 2022-11-30","드림라인㈜","착공계 접수","구도","차도","서초구-2021-통신-00102"
"일반-210603-04","서초구","서초동","교대역 인근 서초중앙로 지중화 관로공사_A2,보도(1)<BR>(서초구 서초동   1573-5 ~ 서초동   1576-2)","2022-05-24 ~ 2022-11-30","드림라인㈜","착공계 접수","구도","보도","서초구-2021-통신-00102"
"일반-210603-04","서초구","서초동","교대역 인근 서초중앙로 지중화 관로공사_A2,보도(1)<BR>(서초구 서초동   1573-5 ~ 서초동   1576-2)","2022-05-24 ~ 2022-11-30","드림라인㈜","착공계 접수","기타","보도","서초구-2021-통신-00102"
"일반-210603-04","서초구","서초동","교대역 인근 서초중앙로 지중화 관로공사_A2,보도(1)<BR>(서초구 서초동   1573-5 ~ 서초동   1576-2)","2022-05-24 ~ 2022-11-30","드림라인㈜","착공계 접수","특별시도","보도","서초구-2021-통신-00102"
"일반-210603-04","서초구","서초동","교대역 인근 서초중앙로 지중화 관로공사_A2,보도(1)<BR>(서초구 서초동   1573-5 ~ 서초동   1576-2)","2022-05-24 ~ 2022-11-30","드림라인㈜","착공계 접수","특별시도","보도","서초구-2021-통신-00102"
"일반-210603-04","서초구","서초동","교대역 인근 서초중앙로 지중화 관로공사_A2,보도(1)<BR>(서초구 서초동   1573-5 ~ 서초동   1576-2)","2022-05-24 ~ 2022-11-30","드림라인㈜","착공계 접수","구도","차도","서초구-2021-통신-00102"
"일반-210603-04","서초구","서초동","교대역 인근 서초중앙로 지중화 관로공사_A2,보도(1)<BR>(서초구 서초동   1573-5 ~ 서초동   1576-2)","2022-05-24 ~ 2022-11-30","드림라인㈜","착공계 접수","특별시도","보도","서초구-2021-통신-00102"
"일반-210603-04","서초구","서초동","교대역 인근 서초중앙로 지중화 관로공사_A2,보도(1)<BR>(서초구 서초동   1573-5 ~ 서초동   1576-2)","2022-05-24 ~ 2022-11-30","드림라인㈜","착공계 접수","특별시도","보도","서초구-2021-통신-00102"
"일반-210603-04","서초구","서초동","교대역 인근 서초중앙로 지중화 관로공사_A2,보도(1)<BR>(서초구 서초동   1573-5 ~ 서초동   1576-2)","2022-05-24 ~ 2022-11-30","드림라인㈜","착공계 접수","구도","차도","서초구-2021-통신-00102"
"일반-210603-04","서초구","서초동","교대역 인근 서초중앙로 지중화 관로공사_A2,보도(1)<BR>(서초구 서초동   1573-5 ~ 서초동   1576-2)","2022-05-24 ~ 2022-11-30","드림라인㈜","착공계 접수","특별시도","보도","서초구-2021-통신-00102"
"일반-210602-08","서초구","서초동","교대역 인근 서초중앙로 지중화 관로공사_A1(3)<BR>(서초구 서초동   1573-5 ~ 서초동   1576-2)","2022-05-24 ~ 2022-11-30","드림라인㈜","착공계 접수","특별시도","차도","서초구-2021-통신-00106"
"일반-210602-07","서초구","서초동","교대역 인근 서초중앙로 지중화 관로공사_A1(2)<BR>(서초구 서초동   1573-5 ~ 서초동   1576-2)","2022-05-24 ~ 2022-11-30","드림라인㈜","착공계 접수","특별시도","차도","서초구-2021-통신-00105"
"일반-210602-05","서초구","서초동","교대역 인근 서초중앙로 지중화 관로공사_A1(1)<BR>(서초구 서초동   1573-5 ~ 서초동   1576-2)","2022-05-24 ~ 2022-11-30","드림라인㈜","착공계 접수","특별시도","차도","서초구-2021-통신-00104"
"일반-210602-04","관악구","봉천동","쑥고개로11길 31(봉천동 929-5)불량전주교체공사<BR>(관악구 봉천동   929-5 ~ 봉천동   929-5)","2022-03-31 ~ 2022-12-31","㈜KT 서울남부마케팅단 관악지사","착공계 접수","구도","차도","관악구-2021-통신-00058"
"일반-210602-03","서초구","서초동","교대역 인근 서초중앙로 지중화 관로공사_A2,보도(2)<BR>(서초구 서초동   1573-5 ~ 서초동   1576-2)","2022-05-24 ~ 2022-11-30","(주)LG유플러스","착공계 접수","구도","차도","서초구-2021-통신-00108"
"일반-210602-03","서초구","서초동","교대역 인근 서초중앙로 지중화 관로공사_A2,보도(2)<BR>(서초구 서초동   1573-5 ~ 서초동   1576-2)","2022-05-24 ~ 2022-11-30","(주)LG유플러스","착공계 접수","기타","보도","서초구-2021-통신-00108"
"일반-210602-03","서초구","서초동","교대역 인근 서초중앙로 지중화 관로공사_A2,보도(2)<BR>(서초구 서초동   1573-5 ~ 서초동   1576-2)","2022-05-24 ~ 2022-11-30","(주)LG유플러스","착공계 접수","특별시도","보도","서초구-2021-통신-00108"
"일반-210602-03","서초구","서초동","교대역 인근 서초중앙로 지중화 관로공사_A2,보도(2)<BR>(서초구 서초동   1573-5 ~ 서초동   1576-2)","2022-05-24 ~ 2022-11-30","(주)LG유플러스","착공계 접수","특별시도","보도","서초구-2021-통신-00108"
"일반-210602-03","서초구","서초동","교대역 인근 서초중앙로 지중화 관로공사_A2,보도(2)<BR>(서초구 서초동   1573-5 ~ 서초동   1576-2)","2022-05-24 ~ 2022-11-30","(주)LG유플러스","착공계 접수","특별시도","보도","서초구-2021-통신-00108"
"일반-210602-03","서초구","서초동","교대역 인근 서초중앙로 지중화 관로공사_A2,보도(2)<BR>(서초구 서초동   1573-5 ~ 서초동   1576-2)","2022-05-24 ~ 2022-11-30","(주)LG유플러스","착공계 접수","특별시도","보도","서초구-2021-통신-00108"
"일반-210602-03","서초구","서초동","교대역 인근 서초중앙로 지중화 관로공사_A2,보도(2)<BR>(서초구 서초동   1573-5 ~ 서초동   1576-2)","2022-05-24 ~ 2022-11-30","(주)LG유플러스","착공계 접수","구도","차도","서초구-2021-통신-00108"
"일반-210602-03","서초구","서초동","교대역 인근 서초중앙로 지중화 관로공사_A2,보도(2)<BR>(서초구 서초동   1573-5 ~ 서초동   1576-2)","2022-05-24 ~ 2022-11-30","(주)LG유플러스","착공계 접수","특별시도","보도","서초구-2021-통신-00108"
"일반-210602-03","서초구","서초동","교대역 인근 서초중앙로 지중화 관로공사_A2,보도(2)<BR>(서초구 서초동   1573-5 ~ 서초동   1576-2)","2022-05-24 ~ 2022-11-30","(주)LG유플러스","착공계 접수","특별시도","보도","서초구-2021-통신-00108"
"일반-210602-03","서초구","서초동","교대역 인근 서초중앙로 지중화 관로공사_A2,보도(2)<BR>(서초구 서초동   1573-5 ~ 서초동   1576-2)","2022-05-24 ~ 2022-11-30","(주)LG유플러스","착공계 접수","특별시도","보도","서초구-2021-통신-00108"
"일반-210602-00","서초구","서초동","교대역 인근 서초중앙로 지중화 관로공사_A2,보도(1)<BR>(서초구 서초동   1573-5 ~ 서초동   1576-2)","2022-05-24 ~ 2022-11-30","(주)LG유플러스","착공계 접수","구도","차도","서초구-2021-통신-00107"
"일반-210602-00","서초구","서초동","교대역 인근 서초중앙로 지중화 관로공사_A2,보도(1)<BR>(서초구 서초동   1573-5 ~ 서초동   1576-2)","2022-05-24 ~ 2022-11-30","(주)LG유플러스","착공계 접수","기타","보도","서초구-2021-통신-00107"
"일반-210602-00","서초구","서초동","교대역 인근 서초중앙로 지중화 관로공사_A2,보도(1)<BR>(서초구 서초동   1573-5 ~ 서초동   1576-2)","2022-05-24 ~ 2022-11-30","(주)LG유플러스","착공계 접수","구도","보도","서초구-2021-통신-00107"
"일반-210602-00","서초구","서초동","교대역 인근 서초중앙로 지중화 관로공사_A2,보도(1)<BR>(서초구 서초동   1573-5 ~ 서초동   1576-2)","2022-05-24 ~ 2022-11-30","(주)LG유플러스","착공계 접수","특별시도","보도","서초구-2021-통신-00107"
"일반-210602-00","서초구","서초동","교대역 인근 서초중앙로 지중화 관로공사_A2,보도(1)<BR>(서초구 서초동   1573-5 ~ 서초동   1576-2)","2022-05-24 ~ 2022-11-30","(주)LG유플러스","착공계 접수","특별시도","보도","서초구-2021-통신-00107"
"일반-210602-00","서초구","서초동","교대역 인근 서초중앙로 지중화 관로공사_A2,보도(1)<BR>(서초구 서초동   1573-5 ~ 서초동   1576-2)","2022-05-24 ~ 2022-11-30","(주)LG유플러스","착공계 접수","구도","차도","서초구-2021-통신-00107"
"일반-210602-00","서초구","서초동","교대역 인근 서초중앙로 지중화 관로공사_A2,보도(1)<BR>(서초구 서초동   1573-5 ~ 서초동   1576-2)","2022-05-24 ~ 2022-11-30","(주)LG유플러스","착공계 접수","특별시도","보도","서초구-2021-통신-00107"
"일반-210602-00","서초구","서초동","교대역 인근 서초중앙로 지중화 관로공사_A2,보도(1)<BR>(서초구 서초동   1573-5 ~ 서초동   1576-2)","2022-05-24 ~ 2022-11-30","(주)LG유플러스","착공계 접수","기타","보도","서초구-2021-통신-00107"
"일반-210602-00","서초구","서초동","교대역 인근 서초중앙로 지중화 관로공사_A2,보도(1)<BR>(서초구 서초동   1573-5 ~ 서초동   1576-2)","2022-05-24 ~ 2022-11-30","(주)LG유플러스","착공계 접수","구도","차도","서초구-2021-통신-00107"
"일반-210602-00","서초구","서초동","교대역 인근 서초중앙로 지중화 관로공사_A2,보도(1)<BR>(서초구 서초동   1573-5 ~ 서초동   1576-2)","2022-05-24 ~ 2022-11-30","(주)LG유플러스","착공계 접수","특별시도","보도","서초구-2021-통신-00107"
"일반-210602-84","서초구","서초동","교대역 인근 서초중앙로 지중화 관로공사_A1(3)<BR>(서초구 서초동   1573-5 ~ 서초동   1576-2)","2022-05-24 ~ 2022-11-30","(주)LG유플러스","착공계 접수","특별시도","차도","서초구-2021-통신-00111"
"일반-210602-82","서초구","서초동","교대역 인근 서초중앙로 지중화 관로공사_A1(2)<BR>(서초구 서초동   1573-5 ~ 서초동   1576-2)","2022-05-24 ~ 2022-11-30","(주)LG유플러스","착공계 접수","특별시도","차도","서초구-2021-통신-00110"
"일반-210602-81","서초구","서초동","교대역 인근 서초중앙로 지중화 관로공사_A1_(1)<BR>(서초구 서초동   1573-5 ~ 서초동   1576-2)","2022-05-24 ~ 2022-11-30","(주)LG유플러스","착공계 접수","특별시도","차도","서초구-2021-통신-00109"
"일반-210601-62","강남구","논현동","논현로(1차) 지중화공사<BR>(강남구 논현동   279-37 ~ 논현동   279-37)","2022-04-04 ~ 2022-11-30","한국전력공사 남서울사업본부(직할)","착공계 접수","특별시도","보도","강남구-2021-전기-00105"
"일반-210601-62","강남구","논현동","논현로(1차) 지중화공사<BR>(강남구 논현동   279-37 ~ 논현동   279-37)","2022-04-04 ~ 2022-11-30","한국전력공사 남서울사업본부(직할)","착공계 접수","특별시도","보도","강남구-2021-전기-00105"
"일반-210601-62","강남구","논현동","논현로(1차) 지중화공사<BR>(강남구 논현동   279-37 ~ 논현동   279-37)","2022-04-04 ~ 2022-11-30","한국전력공사 남서울사업본부(직할)","착공계 접수","특별시도","차도","강남구-2021-전기-00105"
"일반-210601-62","강남구","논현동","논현로(1차) 지중화공사<BR>(강남구 논현동   279-37 ~ 논현동   279-37)","2022-04-04 ~ 2022-11-30","한국전력공사 남서울사업본부(직할)","착공계 접수","특별시도","차도","강남구-2021-전기-00105"
"일반-210601-62","강남구","논현동","논현로(1차) 지중화공사<BR>(강남구 논현동   279-77 ~ 논현동   279-77)","2022-04-04 ~ 2022-11-30","한국전력공사 남서울사업본부(직할)","착공계 접수","구도","차도","강남구-2021-전기-00105"
"일반-210601-62","강남구","논현동","논현로(1차) 지중화공사<BR>(강남구 논현동   279-36 ~ 논현동   279-36)","2022-04-04 ~ 2022-11-30","한국전력공사 남서울사업본부(직할)","착공계 접수","구도","차도","강남구-2021-전기-00105"
"일반-210601-62","강남구","논현동","논현로(1차) 지중화공사<BR>(강남구 논현동   279-17 ~ 논현동   279-17)","2022-04-04 ~ 2022-11-30","한국전력공사 남서울사업본부(직할)","착공계 접수","구도","차도","강남구-2021-전기-00105"
"일반-210601-62","강남구","논현동","논현로(1차) 지중화공사<BR>(강남구 논현동   74-30 ~ 논현동   74-30)","2022-04-04 ~ 2022-11-30","한국전력공사 남서울사업본부(직할)","착공계 접수","구도","차도","강남구-2021-전기-00105"
"일반-210601-62","강남구","논현동","논현로(1차) 지중화공사<BR>(강남구 논현동   279-79 ~ 논현동   279-81)","2022-04-04 ~ 2022-11-30","한국전력공사 남서울사업본부(직할)","착공계 접수","구도","차도","강남구-2021-전기-00105"
"일반-210601-62","강남구","논현동","논현로(1차) 지중화공사<BR>(강남구 논현동   279-81 ~ 논현동   279-81)","2022-04-04 ~ 2022-11-30","한국전력공사 남서울사업본부(직할)","착공계 접수","구도","차도","강남구-2021-전기-00105"
"일반-210601-62","강남구","논현동","논현로(1차) 지중화공사<BR>(강남구 논현동   279-81 ~ 논현동   279-81)","2022-04-04 ~ 2022-11-30","한국전력공사 남서울사업본부(직할)","착공계 접수","구도","차도","강남구-2021-전기-00105"
"일반-210527-84","용산구","동자동","동암간53L3외 노후경사전주 교체공사(361120213331,이엔티,박철)<BR>(용산구 동자동   35-41 ~ 동자동   35-41부근)","2022-06-16 ~ 2022-08-14","한국전력공사 마포용산지사","착공계 접수","구도","차도","용산구-2021-전기-00079"
"일반-210527-84","용산구","동자동","동암간53L3외 노후경사전주 교체공사(361120213331,이엔티,박철)<BR>(용산구 동자동   19-87 ~ 동자동   19-87부근)","2022-06-16 ~ 2022-08-14","한국전력공사 마포용산지사","착공계 접수","구도","차도","용산구-2021-전기-00079"
"일반-210525-89","송파구","잠실동","송파구 잠실동 183-4번지 앞 도시가스 인입배관 공사<BR>(송파구 잠실동   183-4 ~ 잠실동   183-4)","2022-06-13 ~ 2022-07-31","코원에너지서비스(주)","착공계 접수","구도","차도","송파구-2021-가스-00050"
"일반-210517-91","성북구","정릉동","정릉진입로(아리랑로19길) 지중화공사<BR>(성북구 정릉동   정릉동 986 ~ 정릉동   정릉동 635-4)","2022-04-29 ~ 2022-11-30","㈜KT 수도권강북고객본부 월곡지점","착공계 접수","구도","차도","성북구-2021-통신-00018"
"일반-210506-07","강남구","청담동","삼성로SW 52C 해가해지 철거공사(정안,함동규)(차도)<BR>(강남구 청담동   77-39 ~ 청담동   77-39)","2022-05-26 ~ 2022-06-30","한국전력공사 강남지사","착공계 접수","구도","차도","강남구-2021-전기-00091"
"일반-210503-60","서초구","서초동","지하철승강편의시설(3-7공구)교대역 11번 상수도이설(보도)<BR>(서초구 서초동   1715-7 ~ 서초동   1715-7)","2022-01-10 ~ 2022-11-30","서울교통공사","착공계 접수","특별시도","보도","서초구-2021-기타-00054"
"일반-210503-60","서초구","서초동","지하철승강편의시설(3-7공구)교대역 11번 상수도이설(보도)<BR>(서초구 서초동   1715-7 ~ 서초동   1715-7)","2022-01-10 ~ 2022-11-30","서울교통공사","착공계 접수","특별시도","보도","서초구-2021-기타-00054"
"일반-210428-03","서초구","서초동","지하철승강편의시설(3-7공구)교대역13번 상수도이설(보도)<BR>(서초구 서초동   1657-11 ~ 서초동   1657-11)","2022-01-10 ~ 2022-11-30","서울교통공사","착공계 접수","특별시도","보도","서초구-2021-기타-00046"
"일반-210428-27","용산구","후암동","2020년 용산구 관내 상수도공사 (후암동 443-8, 시설물 설치)<BR>(용산구 후암동   443-8 ~ 후암동   443-8)","2022-04-20 ~ 2022-06-21","중부수도사업소(급수운영과)","착공계 접수","구도","차도","용산구-2021-상수-00120"
"일반-210416-80","강남구","대치동","하나_대치동(주)바실리체 주택용전력 950KW 신설_함동규_강남71A_신설<BR>(강남구 대치동   942-3 ~ 대치동   942-3)","2022-06-02 ~ 2022-06-30","한국전력공사 강남지사","착공계 접수","특별시도","보도","강남구-2021-전기-00072"
"일반-210416-20","관악구","봉천동","@봉천동912-26 관악구청 순환로44TR 이설공사<BR>(관악구 봉천동   912-26 ~ 봉천동   912-26)","2022-05-26 ~ 2022-12-30","한국전력공사 관악동작지사","착공계 접수","특별시도","보도","관악구-2021-전기-00011"
"일반-210409-14","강남구","대치동","도곡초등학교 지중화 공사(보도)<BR>(강남구 대치동   936-18 ~ 대치동   923-5)","2021-12-06 ~ 2022-06-30","한국전력공사 남서울사업본부(직할)","착공계 접수","구도","보도","강남구-2021-전기-00068"
"일반-210408-46","관악구","봉천동","봉천로49길15(봉천동871-14)불량전주교체공사<BR>(관악구 봉천동   871-14 ~ 봉천동   871-14)","2022-03-31 ~ 2022-12-31","㈜KT 서울남부마케팅단 관악지사","착공계 접수","구도","차도","관악구-2021-통신-00030"
"일반-210331-36","성북구","정릉동","전강9번)성북구 정릉진입로 지중화공사-2 - 평해기전 - 김응배<BR>(성북구 정릉동   506-19 ~ 정릉동   506-100)","2022-05-11 ~ 2022-11-30","한국전력공사 강북성북지사","착공계 접수","구도","차도","성북구-2021-전기-00035"
"일반-210331-36","성북구","정릉동","전강9번)성북구 정릉진입로 지중화공사-2 - 평해기전 - 김응배<BR>(성북구 정릉동   506-38 ~ 정릉동   506-46)","2022-05-11 ~ 2022-11-30","한국전력공사 강북성북지사","착공계 접수","구도","차도","성북구-2021-전기-00035"
"일반-210331-36","성북구","정릉동","전강9번)성북구 정릉진입로 지중화공사-2 - 평해기전 - 김응배<BR>(성북구 정릉동   506-66 ~ 정릉동   5506-160)","2022-05-11 ~ 2022-11-30","한국전력공사 강북성북지사","착공계 접수","구도","차도","성북구-2021-전기-00035"
"일반-210331-36","성북구","정릉동","전강9번)성북구 정릉진입로 지중화공사-2 - 평해기전 - 김응배<BR>(성북구 정릉동   506-9 ~ 정릉동   506-24)","2022-05-11 ~ 2022-11-30","한국전력공사 강북성북지사","착공계 접수","구도","차도","성북구-2021-전기-00035"
"일반-210331-36","성북구","정릉동","전강9번)성북구 정릉진입로 지중화공사-2 - 평해기전 - 김응배<BR>(성북구 정릉동   966-167 ~ 정릉동   506-41)","2022-05-11 ~ 2022-11-30","한국전력공사 강북성북지사","착공계 접수","구도","차도","성북구-2021-전기-00035"
"일반-210331-24","성북구","정릉동","전강9번)성북구 정릉진입로 지중화공사-1 - 평해기전 - 김응배<BR>(성북구 정릉동   446-4 ~ 정릉동   506-7)","2022-05-11 ~ 2022-11-30","한국전력공사 강북성북지사","착공계 접수","구도","차도","성북구-2021-전기-00034"
"일반-210324-18","종로구","숭인동","2021 창신숭인 도시재생 노후하수관로 종합정비공사<BR>(종로구 숭인동   종로56길5-7 ~ 숭인동   종로58길18)","2022-03-18 ~ 2022-06-30","종로구 치수과","착공계 접수","구도","차도","종로구-2021-하수-00041"
"일반-210324-15","종로구","창신동","2021 창신숭인 도시재생 노후하수관로 종합정비공사<BR>(종로구 창신동   종로44길 61 ~ 창신동   종로44길 64)","2022-03-18 ~ 2022-06-30","종로구 치수과","착공계 접수","구도","차도","종로구-2021-하수-00029"
"일반-210323-65","송파구","삼전동","서울시 동남권지역 전기공급시설 전력구공사<BR>(송파구 삼전동   20 ~ 삼전동   21)","2022-01-01 ~ 2022-12-31","한국전력공사 경인건설본부","착공계 접수","기타","기타","송파구-2021-전기-00033"
"일반-210317-12","노원구","공릉동","공릉 외 1역 승강편의시설 설치공사(44공구)_공릉역(차도)<BR>(노원구 공릉동   공릉동 385-4 공릉역 1번 출입구 일대 ~ 공릉동   공릉동 385-4 공릉역 1번 출입구 일대)","2021-07-01 ~ 2023-03-12","서울교통공사","착공계 접수","구도","차도","노원구-2021-기타-00018"
"일반-210317-11","노원구","공릉동","공릉 외 1역 승강편의시설 설치공사(44공구)_ 공릉역(보도)<BR>(노원구 공릉동   공릉동 385-4 공릉역 1번 출입구 일대 ~ 공릉동   공릉동 385-4 공릉역 1번 출입구 일대)","2021-07-01 ~ 2023-03-12","서울교통공사","착공계 접수","특별시도","보도","노원구-2021-기타-00017"
"일반-210317-04","송파구","장지동","(심의166)  공릉 외 1역 승강편의시설 설치공사(44공구)-장지역<BR>(송파구 장지동   201-5 장지역 1번 출입구 일대 ~ 장지동   201-5 장지역 1번 출입구 일대)","2021-07-01 ~ 2023-03-12","서울교통공사","착공계 접수","특별시도","보도","송파구-2021-기타-00011"
"일반-210317-88","금천구","가산동","7호선 가산디지털단지역 출입구 신설공사(43공구)<BR>(금천구 가산동   가산동 371-12 가산디지털단지역 인근 이랜드앞 일대 ~ 가산동   가산동 371-12 가산디지털단지역 인근 이랜드앞 일대)","2021-07-02 ~ 2023-03-05","서울교통공사","착공계 접수","구도","차도/보도","금천구-2021-기타-00001"
"일반-210316-20","종로구","창신동","2021 창신숭인 도시재생 노후하수관로 종합정비공사<BR>(종로구 창신동   종로50길 3 ~ 창신동   종로50길 37)","2022-03-18 ~ 2022-06-30","종로구 치수과","착공계 접수","구도","차도","종로구-2021-하수-00017"
"일반-210315-88","종로구","창신동","2021 창신숭인 도시재생 노후하수관로 종합정비공사<BR>(종로구 창신동   종로50길34 ~ 창신동   종로50길34)","2022-03-18 ~ 2022-06-30","종로구 치수과","착공계 접수","구도","차도","종로구-2021-하수-00028"
"일반-210226-58","관악구","신림동","2021년 신안산공사구간 지장이전(신림동1675호)<BR>(관악구 신림동   1675호 ~ 신림동   1675호)","2022-03-31 ~ 2022-07-30","㈜KT 서울남부마케팅단 구로지사","착공계 접수","특별시도","차도","관악구-2021-통신-00016"
"일반-210226-58","관악구","신림동","2021년 신안산공사구간 지장이전(신림동1675호)<BR>(관악구 신림동   1675호 ~ 신림동   1675호)","2022-03-31 ~ 2022-07-30","㈜KT 서울남부마케팅단 구로지사","착공계 접수","특별시도","차도/보도","관악구-2021-통신-00016"
"일반-210222-01","종로구","창신동","2021 창신숭인 도시재생 노후하수관로 종합정비공사<BR>(종로구 창신동   종로 50길 2 ~ 창신동   청계천로 307)","2022-03-18 ~ 2022-06-30","종로구 치수과","착공계 접수","구도","차도","종로구-2021-하수-00009"
"일반-210219-48","강남구","대치동","도곡초등학교 지중화<BR>(강남구 대치동   1011-49 ~ 대치동   1011-49)","2021-12-06 ~ 2022-06-30","한국전력공사 남서울사업본부(직할)","착공계 접수","구도","차도","강남구-2021-전기-00037"
"일반-210219-48","강남구","대치동","도곡초등학교 지중화<BR>(강남구 대치동   1011-62 ~ 대치동   1011-53)","2021-12-06 ~ 2022-06-30","한국전력공사 남서울사업본부(직할)","착공계 접수","구도","차도","강남구-2021-전기-00037"
"일반-210219-48","강남구","대치동","도곡초등학교 지중화<BR>(강남구 대치동   1011-73 ~ 대치동   1011-64)","2021-12-06 ~ 2022-06-30","한국전력공사 남서울사업본부(직할)","착공계 접수","구도","차도","강남구-2021-전기-00037"
"일반-210219-48","강남구","대치동","도곡초등학교 지중화<BR>(강남구 대치동   1011-64 ~ 대치동   1011-64)","2021-12-06 ~ 2022-06-30","한국전력공사 남서울사업본부(직할)","착공계 접수","구도","차도","강남구-2021-전기-00037"
"일반-210219-48","강남구","대치동","도곡초등학교 지중화<BR>(강남구 대치동   917-14 ~ 대치동   917-14)","2021-12-06 ~ 2022-06-30","한국전력공사 남서울사업본부(직할)","착공계 접수","구도","차도","강남구-2021-전기-00037"
"일반-210219-48","강남구","대치동","도곡초등학교 지중화<BR>(강남구 대치동   1011-62 ~ 대치동   917-22)","2021-12-06 ~ 2022-06-30","한국전력공사 남서울사업본부(직할)","착공계 접수","구도","차도","강남구-2021-전기-00037"
"일반-210219-48","강남구","대치동","도곡초등학교 지중화<BR>(강남구 대치동   919-18 ~ 대치동   919-18)","2021-12-06 ~ 2022-06-30","한국전력공사 남서울사업본부(직할)","착공계 접수","구도","차도","강남구-2021-전기-00037"
"일반-210219-48","강남구","대치동","도곡초등학교 지중화<BR>(강남구 대치동   1011-62 ~ 대치동   1011-64)","2021-12-06 ~ 2022-06-30","한국전력공사 남서울사업본부(직할)","착공계 접수","구도","차도","강남구-2021-전기-00037"
"일반-210219-48","강남구","대치동","도곡초등학교 지중화<BR>(강남구 대치동   1011-73 ~ 대치동   1011-62)","2021-12-06 ~ 2022-06-30","한국전력공사 남서울사업본부(직할)","착공계 접수","구도","차도","강남구-2021-전기-00037"
"일반-210219-48","강남구","대치동","도곡초등학교 지중화<BR>(강남구 대치동   1011-84 ~ 대치동   1011-84)","2021-12-06 ~ 2022-06-30","한국전력공사 남서울사업본부(직할)","착공계 접수","구도","차도","강남구-2021-전기-00037"
"일반-210219-48","강남구","대치동","도곡초등학교 지중화<BR>(강남구 대치동   1026 ~ 대치동   1026)","2021-12-06 ~ 2022-06-30","한국전력공사 남서울사업본부(직할)","착공계 접수","특별시도","보도","강남구-2021-전기-00037"
"일반-210219-48","강남구","대치동","도곡초등학교 지중화<BR>(강남구 대치동   1026 ~ 대치동   1026)","2021-12-06 ~ 2022-06-30","한국전력공사 남서울사업본부(직할)","착공계 접수","특별시도","차도","강남구-2021-전기-00037"
"일반-210219-15","중구","장충동2가","동대입구역 2번출구 엘리베이터 설치공사<BR>(중구 장충동2가   199-3 ~ 장충동2가   199-3)","2021-12-06 ~ 2022-08-31","서울교통공사","착공계 접수","특별시도","차도","중구-2021-기타-00006"
"일반-210114-11","서대문구","현저동","지하철 승강편의시설 토목건축공사(3-6공구)<BR>(서대문구 현저동   통일로 17 ~ 현저동   통일로 17)","2022-01-10 ~ 2022-11-19","서울교통공사","착공계 접수","특별시도","차도","서대문구-2021-기타-00004"
"일반-210114-07","서대문구","현저동","지하철 승강편의시설 토목건축공사(3-6공구)<BR>(서대문구 현저동   통일로 17 ~ 현저동   통일로 17)","2022-01-10 ~ 2022-11-19","서울교통공사","착공계 접수","특별시도","차도","서대문구-2021-기타-00006"
"일반-210113-40","은평구","대조동","지하철승강편의시설(3-9공구)상수도이설<BR>(은평구 대조동   15-9 ~ 대조동   15-9)","2022-03-01 ~ 2022-07-31","서울교통공사","착공계 접수","특별시도","보도","은평구-2021-기타-00005"
"일반-210113-38","은평구","대조동","지하철승강편의시설(3-9공구)상수도이설<BR>(은평구 대조동   15-9 ~ 대조동   15-9)","2022-03-01 ~ 2022-07-31","서울교통공사","착공계 접수","특별시도","차도","은평구-2021-기타-00007"
"일반-210113-37","서대문구","현저동","지하철 승강편의시설 토목건추공사(3-6공구)<BR>(서대문구 현저동   통일로 7 ~ 현저동   통일로 7)","2022-01-10 ~ 2022-11-19","서울교통공사","착공계 접수","특별시도","차도","서대문구-2021-기타-00005"
"일반-210107-40","서초구","서초동","지하철 승강편의시설(3-7공구)(교대역13번출구 하수관 이설공사)<BR>(서초구 서초동   1657-5 ~ 서초동   1657-5)","2022-01-10 ~ 2022-11-30","서울교통공사","착공계 접수","특별시도","차도","서초구-2021-기타-00029"
"일반-210107-39","서초구","서초동","지하철 승강편의시설(3-7공구)(교대역13번출구 상수관 이설공사)<BR>(서초구 서초동   1657-5 ~ 서초동   1657-5)","2022-01-10 ~ 2022-11-30","서울교통공사","착공계 접수","특별시도","차도","서초구-2021-기타-00030"
"일반-210107-33","서초구","서초동","지하철승강편의시설(3-7공구)(교대역11번출구 하수관 이설공사)<BR>(서초구 서초동   1715-6 ~ 서초동   1715-6)","2022-01-10 ~ 2022-11-30","서울교통공사","착공계 접수","특별시도","차도","서초구-2021-기타-00028"
"일반-210107-31","서초구","서초동","지하철 승강편의시설 토목건축공사(3-7공구)<BR>(서초구 서초동   1715-6 ~ 서초동   1715-6)","2022-01-10 ~ 2022-11-30","서울교통공사","착공계 접수","특별시도","차도","서초구-2021-기타-00027"
"일반-201119-78","서초구","서초동","지하철 승강편의시설 토목건축공사(3-7공구)<BR>(서초구 서초동   1715-7 ~ 서초동   1715-7)","2022-01-10 ~ 2022-11-30","서울교통공사","착공계 접수","특별시도","보도","서초구-2020-기타-00227"
"일반-201008-77","종로구","숭인동","창신숭인 도시재생선도지역 노후하수관로 종합정비공사<BR>(종로구 숭인동   1423 ~ 숭인동   1422)","2022-03-21 ~ 2022-06-30","종로구 치수과","착공계 접수","구도","차도","종로구-2020-하수-00098"
"일반-200909-03","종로구","창신동","창신숭인 도시재생선도지역 노후하수관로 종합정비공사<BR>(종로구 창신동   526-5 ~ 창신동   525)","2022-03-21 ~ 2022-07-31","종로구 치수과","착공계 접수","특별시도","보도","종로구-2020-하수-00067"
"일반-200821-62","서초구","서초동","지하철 승강편의시설 교대역 11번출구 에스컬레이터 설치공사<BR>(서초구 서초동   1715-7 ~ 서초동   1715-7)","2022-01-10 ~ 2022-11-30","서울교통공사","착공계 접수","특별시도","차도","서초구-2020-기타-00148"
"일반-200630-60","서초구","서초동","지하철 승강편의시설 토목건축공사(3-7공구)<BR>(서초구 서초동   1715-7 ~ 서초동   1715-7)","2022-01-10 ~ 2022-11-30","서울교통공사","착공계 접수","특별시도","보도","서초구-2020-기타-00107"
"일반-200626-79","은평구","대조동","지하철 승강편의시설 토목건축공사(3-9공구)<BR>(은평구 대조동   15-1 ~ 대조동   15-1)","2022-03-01 ~ 2022-07-31","서울교통공사","착공계 접수","특별시도","차도","은평구-2020-기타-00084"
"일반-200626-79","은평구","대조동","지하철 승강편의시설 토목건축공사(3-9공구)<BR>(은평구 대조동   15-1 ~ 대조동   15-1)","2022-03-01 ~ 2022-07-31","서울교통공사","착공계 접수","특별시도","보도","은평구-2020-기타-00084"
"일반-200625-72","서대문구","현저동","지하철 승강편의시설 토목건축공사(3-6공구) 독립문역<BR>(서대문구 현저동   102-49도(독립문역 4번출구) ~ 현저동   102-53도(독립문역 4번출구))","2022-03-02 ~ 2022-11-19","서울교통공사","착공계 접수","특별시도","차도/보도","서대문구-2020-기타-00021"
"일반-200518-32","광진구","능동","군자역 8번 출입구 승강편의시설 설치공사(에스컬레이터)<BR>(광진구 능동   천호대로 550(군자역 8번 출입구 인근) ~ 능동   천호대로 550(군자역 8번 출입구 인근))","2022-02-23 ~ 2022-08-31","서울특별시 도시철도공사","착공계 접수","특별시도","차도","광진구-2020-기타-00010"
"일반-200518-30","광진구","능동","군자역 8번 출입구 승강편의시설 설치공사(에스컬레이터)<BR>(광진구 능동   천호대로 550(군자역 8번 출입구 인근) ~ 능동   천호대로 550(군자역 8번 출입구 인근))","2022-02-23 ~ 2022-08-31","서울특별시 도시철도공사","착공계 접수","특별시도","보도","광진구-2020-기타-00009"
"일반-200507-03","노원구","상계동","노원 외 1역 승강편의시설 설치공사(노원역)<BR>(노원구 상계동   동일로 1409(노원역 5번 출입구 인근) ~ 상계동   동일로 1409(노원역 5번 출입구 인근))","2021-08-17 ~ 2022-06-30","서울특별시 도시철도공사","착공계 접수","특별시도","차도/보도","노원구-2020-기타-00022"
"일반-200404-06","강서구","화곡동","까치산 외 1역 승강편의시설 설치공사(39공구, 까치산역)_원인자<BR>(강서구 화곡동   강서로 38 ~ 화곡동   강서로 38)","2021-09-08 ~ 2022-06-30","서울특별시 도시철도공사","착공계 접수","특별시도","차도/보도","강서구-2020-기타-00011"
"일반-200218-40","서초구","서초동","교대역 13출구 엘리베이터 설치공사<BR>(서초구 서초동   서초중앙로 116일원 ~ 서초동   서초중앙로 116일원)","2022-01-10 ~ 2022-11-30","서울교통공사","착공계 접수","특별시도","차도","서초구-2020-기타-00006"
"일반-191230-14","서초구","서초동","교대역 13출구 엘리베이터 설치공사<BR>(서초구 서초동   서초중앙로 116일원 ~ 서초동   서초중앙로 116일원)","2022-01-10 ~ 2022-11-30","서울교통공사","착공계 접수","특별시도","보도","서초구-2020-기타-00002"