sagoNo,sido,sigungu,dong,addr,sagoLat,sagoLon,sagoDate,sinkWidth,sinkExtend,sinkDepth,grdKind,sagoDetail,deathCnt,injuryCnt,vehicleCnt,trStatus,trMethod,trAmt,trFnDate,daStDate,no
20180001,서울특별시,강남구,삼성동,서울특별시 강남구 삼성동 147-2앞 (봉은사로 86길),37.5132371585627,127.055971939683,20180301,3.00,4.00,1.50,,"열수송관(D600mm) 노후 손상으로 함몰 발생
(굴착복구 미흡분야로 관리)",0,0,0,복구완료,한국지역난방공사에서 복구완료,0,20180306,00010101,1
20180002,서울특별시,송파구,삼전동,서울특별시 송파구 삼전동 180-6 (백제고분로 272),37.5021977560891,127.096494047762,20180304,1.00,2.00,0.50,,상수관(？300mm)에서 분기된 소화전 연결관(？100mm) 동파로 누수되어 함몰발생,0,0,0,복구완료,강동수도사업소에서 복구완료,0,20180305,00010101,1
20180003,서울특별시,구로구,구로동,서울특별시 구로구 구로동 723-16 (구로동로17길),37.488421596603,126.883472710376,20180311,0.40,0.40,1.00,,"KT 통신맨홀 슬라브 파손
(굴착복구 미흡분야로 관리)",0,0,0,복구완료,KT구로지사에서 복구완료,0,20180312,00010101,1
20180004,서울특별시,영등포구,당산동4가,서울특별시 영등포구 당산동4가 93-5 (국회대로 539),37.5293098168504,126.894815508944,20180313,0.50,0.70,1.50,,하수관로(D450㎜) 노후？파손으로 토사유실,0,0,1,복구완료,영등포구 치수과에서 복구완료,0,20180318,00010101,1
20180005,서울특별시,영등포구,양평동4가,서울특별시 영등포구 양평동4가 23-2 (양평로19길 19),37.5356952035028,126.89430452358,20180327,5.00,5.00,1.50,,인근 공사차량(레미콘차) 중량에 의한 노후 하수박스 상판파손(하수박스 1946년 부설),0,0,1,복구완료,영등포구 치수과에서 복구완료,0,20180507,00010101,1
20180006,서울특별시,영등포구,여의도동,서울특별시 영등포구 여의도동 44-11 (의사당대로1길 34),37.520081173499,126.93075601982,20180328,0.30,0.30,1.00,,폐쇄된 빗물받이 연결관을 폐관처리 하지 않아 토사가 유실,0,0,0,복구완료,영등포구 치수과에서 복구완료,0,20180328,00010101,1
20180007,서울특별시,도봉구,창동,서울특별시 도봉구 창동 316 (해등로12길),37.6527358103485,127.042299723487,20180425,0.80,0.60,1.30,,우수관로(D1000mm) 노후파손으로 인한 토사유입,0,0,0,복구완료,도봉구 물관리과에서 복구완료,0,20180426,00010101,1
20180008,서울특별시,강남구,역삼동,서울특별시 강남구 역삼동 814-6 (강남대로100길10),37.5016524425806,127.026374890126,20180426,0.50,1.00,1.00,,공공하수관 노후 손상되어 토사 유실,0,0,0,복구완료,강남구 치수과에서 복구완료,0,20180525,00010101,1
20180009,서울특별시,용산구,용산동5가,서울특별시 용산구 용산동5가 19-389 (파크타워 104동앞),37.5231147314383,126.972092638221,20180428,0.50,0.50,1.00,,하수관 연결부 이격으로 인한 토사유입,0,0,1,복구완료,용산구 치수과에서 복구완료,0,20180429,00010101,1
20180010,서울특별시,구로구,구로동,서울특별시 구로구 구로동 126-28 (도림로 럭키아파트 인근),37.491474140601,126.894221676603,20180624,0.20,0.20,1.00,,"지하철 7호선 공사시 설치한 가시설(H-beam)인접 다짐불량, 토류판 부식 등 장기침하로 인한 함몰",0,0,0,복구완료,구로구 도로과에서 복구완료,0,20180624,00010101,1
20180011,서울특별시,관악구,보라매동,서울특별시 관악구 보라매로 21 (봉천동),37.4913731093454,126.926771137944,20180717,2.00,0.60,1.00,,폐쇄되지 않은 폐 빗물받이연결관으로 토사 유실,0,0,0,복구완료,관악구 치수과에서 복구완료,0,20180717,00010101,1
20180012,서울특별시,중구,,서울특별시 중구 퇴계로 196 (충무로역 3번출구),37.5608782154181,126.993663416451,20180717,5.00,5.00,1.50,,"상수도 이설구간 접합부(700mm에서 300mm로 분기)에서  외부 진동, 압력 등에 의한 파열로 누수 발생",0,0,0,복구완료,중부수도사업소에서 복구완료,0,20180717,00010101,1
20180013,서울특별시,강남구,논현동,서울특별시 강남구 논현동 280(강남대로 논현역 7번출구 앞),37.5103020981712,127.021941044102,20180815,1.50,3.00,1.00,,굴착복구 다짐 미흡으로 인한 장기침하,0,0,0,복구완료,남부도로사업소 도로보수과에서 복구완료,0,20180815,00010101,1
20180014,서울특별시,종로구,연건동,서울특별시 종로구 연건동 28-2(대학로 103),37.5807768641009,126.999249406504,20180904,1.10,1.00,1.00,,상수도관 및 통신관 매설 시 하수관로 파손 추정,0,0,0,복구완료,종로구 안전치수과에서 복구완료,0,20180905,00010101,1
20180015,서울특별시,강북구,수유동,서울특별시 강북구 수유동 313-49(삼양로 119길 1),37.6440366860755,127.015708402805,20180904,1.50,1.50,1.00,,"주변 사각형거의 바닥 세굴 및 파손, 벽체 및 슬래브 노후화 심화",0,0,0,복구완료,강북구 안전치수과에서 복구완료,0,20180905,00010101,1
20180016,서울특별시,동작구,노량진동,서울특별시 동작구 노량진동 50-2앞 (노량진초교 앞),37.5121240355936,126.940480244413,20181202,0.70,0.70,1.00,,하수관과 맨홀 접속부 이음 불량으로 인한 도로침하,0,0,1,복구완료,동작구 안전치수과에서 복구완료,0,20181202,00010101,1
20180017,서울특별시,강서구,마곡동,서울특별시 강서구 마곡동 793-7 (마곡지구 C17-2블록 공사장 앞 보도),37.5615326995052,126.838766966652,20181209,1.50,3.00,3.00,,건축공사장 인입 상수도 맨홀 하중 등으로 하수관 처짐발생->하수가 공사장 내부로 토립자와 함께 유출되어 지반(보도)침하 발생,0,0,0,복구완료,원인자(웰크론한텍㈜)복구완료,0,20181219,00010101,1
20190001,서울특별시,강서구,화곡동,서울특별시 강서구 화곡동 50-120(거성빌라 입구),37.5429876959127,126.849799071566,20190424,1.20,1.20,1.00,,"노후하수관(1,200mm)손상 및 연결관 접속부 미폐쇄 조치로 지반침하 발생",0,0,0,복구완료,강서구 물관리과에서 복구완료,0,20190425,00010101,1
20190193,서울특별시,강서구,마곡동,서울특별시 강서구 방화대로 360 (마곡동),37.5729325838338,126.816984735352,20190726,0.80,1.00,0.40,,굴착원인조사 결과 원인불명(굴착복구 불량 추정),0,1,0,복구완료,강서구청에서 복구완료,0,20190728,00010101,1
20190194,서울특별시,중구,,서울특별시 중구 무교로 32 효령빌딩 앞,37.5687660094097,126.97956155404,20190801,1.00,4.00,1.00,,노후하수관-하수맨홀 연결부 파손으로 지반침하,0,0,0,복구완료,중구 치수과에서 복구완료,0,20190803,00010101,1
20190195,서울특별시,성동구,,서울특별시 성동구 왕십리2동975-1 (새마을금고앞),37.5615568551044,127.031211572846,20190804,4.00,4.00,3.00,,노후하수관(900mm) 개량공사 중 집중호우(35mm/hr)로 임시 연결부 이격으로 지반침하,0,0,0,복구완료,성동구 치수과에서 복구완료,0,20190806,00010101,1
20190196,서울특별시,성동구,마장동,서울특별시 성동구 살곶이2길 1 (마장동),37.5653203768813,127.046839691464,20190806,1.00,1.50,0.40,,노후상수도관(150mm) 부식에 의한 상수도누수로 지반침하,0,0,1,복구완료,동부수도사업소에서 복구완료,0,20190808,00010101,1
20190197,서울특별시,성동구,사근동,서울특별시 성동구 사근동 293-4 앞,37.5652196683,127.04700907104,20190812,0.30,0.80,1.50,,기존 하수관로 미철거구간 노후 및 손괴,0,0,0,복구완료,성동구청에서 복구완료,0,20190814,00010101,1
20190198,서울특별시,영등포구,,서울특별시 영등포구 국제금융로 24,37.5246311667068,126.927487202413,20190905,5.00,5.00,5.00,,지하보도 출입구 #2 현장 가시설 배면 구간에서 집중호우로 인한 토사가 급격히 현장 내로 유입되면서 보도침하 및 매설관로 침하 발생,0,0,0,복구완료,파크원 공사현장(원인자)애서 복구완료,0,20190907,00010101,1
20190199,서울특별시,서초구,양재동,서울특별시 서초구 양재동 203-10번지 앞,37.4662943850605,127.034598359645,20190909,1.20,1.20,1.00,,하수관로(D1200) 이음부 이격으로 인한 토사 유실로 추정,0,0,0,복구완료,서초구청에서 복구완료,0,20190911,00010101,1
20190200,서울특별시,동작구,,서울특별시 동작구 상도동 185-1,37.503595250356625,126.93726921197452,20190910,1.00,1.00,1.00,,굴착원인조사 결과 원인불명(장기침하 추정),0,0,0,복구완료,남부도로사업소에서 복구완료,0,20190912,00010101,1
20190201,서울특별시,영등포구,여의도동,서울특별시 영등포구 여의도동 23-1,37.5255474148714,126.926208872494,20190915,1.00,1.50,1.50,,구조물 주변 다짐불량 등으로 인한 장기 압밀침하 추정,0,0,0,복구완료,영등포구청에서 복구완료,0,20190917,00010101,1
20190202,서울특별시,종로구,,서울특별시 종로구 통일로12길 78 (행촌동),37.5757495176565,126.962023655327,20190920,5.00,7.00,1.00,,차량진동에 의한 상수도관 누수로 지반침하 발생,0,0,0,복구완료,상수도사업본부에서 복구완료,0,20190922,00010101,1
20190203,서울특별시,강서구,마곡동,서울특별시 강서구 마곡동 798-7,37.5589090959127,126.824795871557,20191125,4.00,4.00,4.00,,건축물로 연결되는 오수관로 분기 접합부 파손에 따른 오수 누수 및 파손부위로 토사가 유출됨에 따라 지반침하,0,0,0,복구완료,SH(원인자)에서 복구완료,0,20191127,00010101,1
20190204,서울특별시,영등포구,여의도동,서울특별시 영등포구 여의도동 25-1,37.5242916980852,126.926369051695,20191222,1.50,2.50,2.50,,상수관로(D100mm)가 파손됨에 따른 누수로 토사유실 및 도로지반 침하 발생(원인 조사 중),1,0,0,복구완료,파크원 공사현장(원인자)애서 복구완료,0,20191224,00010101,1
20200073,서울특별시,송파구,가락동,서울특별시 송파구 가락동 122(경찰병원 사거리),37.4945016108812,127.123255684899,20200108,1.00,1.00,0.30,,장기간 압밀침하에 따른 지반침하 추정,0,0,0,복구완료,지반침하 구간 되메우기 및 포장 복구 완료,0,20200108,00010101,1
20200074,서울특별시,강동구,고덕동,서울특별시 강동구 고덕동 217,37.55585,127.1593,20200222,1.00,2.00,2.00,,하수도 맨홀 구체 및 오수관 접속부 시공불량으로 토사 유실,0,1,0,복구완료,오수맨홀 보강 및 보도 복구 완료,0,20200306,00010101,1
20200075,서울특별시,강서구,,서울특별시 강서구 화곡본동 105-61(까치산로 22),37.541849230831,126.843106223607,20200302,1.50,1.50,1.00,,노후 하수관 접속부 불량,0,0,0,복구완료,하수관 개량 및 아스팔트 포장 복구,0,20200512,00010101,1
20200076,서울특별시,강남구,일원동,서울특별시 강남구 일원동 617 앞(영화초교 사거리),37.4919415183164,127.081276460173,20200311,1.50,1.50,0.50,,상수도관 누수에 따른 토사유실,0,0,0,복구완료,상수도관 누수복구 및 아스팔트 포장복구 완료,0,20200313,00010101,1
20200077,서울특별시,송파구,신천동,서울특별시 송파구 신천동 1(올림픽대로 공항방향 유턴부 하행3교 밑단 50m),37.5214778269442,127.098426447812,20200515,1.10,2.40,1.10,,중차량 하중 작용으로 인한 지반침하,0,0,1,복구완료,골재포설 및 다짐 후 포장복구 완료,0,20200515,00010101,1
20200078,서울특별시,성북구,삼선동1가,서울특별시 성북구 삼선동1가 22-1(삼선교로 4-1),37.5879759844646,127.00648674871,20200522,0.50,0.50,1.00,,굴착복구 장기침하로 추정,0,0,0,복구완료,되메우기 다짐 및 포장복구 완료,0,20200522,00010101,1
20200100,서울특별시,금천구,시흥동,서울특별시 금천구 시흥동 918-20,37.4491808822506,126.908215763045,20200915,2.50,1.50,1.50,호상편마암,"하수박스 접합부 관경D200mm와 빗물받이 연결관 D300mm가 밀실하게 접합되지 않아 노면수 장기 누수로 지반침하 발생 추정
동공부의 토사는 하수박스 벽체 하단의 쇄굴부위 등으로 유실
(빗물받이 연결관 결함+하수박스 벽체하단 쇄굴 복합작용)",0,0,1,복구완료,"빗물받이 개량
동공부위 복구",20000000,20200917,00010101,1
20200102,서울특별시,성동구,,서울특별시 성동구 성수1가2동 13-17,37.5502193350416,127.05152230544,20201022,4.00,5.00,2.00,,"○ 지반침하 원인에 대한 전문가의 다수 의견은 복합적인 요인으로 발생
    - 노후 상·하수관로, 교통하중, 건축현장 공사 영향 
  ○ 하수관로 및 상수관로 파손으로 인접 현장으로 토석류가 다량 유출됨에 따라 급격한 지반침하 발생
  ○ 건축공사 주변 하수관로 조사 시 시멘트풀 등으로 인한 유수 장애가 있음을 확인 건축현장 차수 그라우팅 시 하수관로에 영향을 주었을 것으로 추정
  ○ 신축공사장 터파기 공사에 의한 지반침하로 상수도관 파손으로 추정
  ※ 상수관로 및 하수관로 손괴에 대해 신축공사장 현장 관계자 사실 확인서 제출",0,0,0,복구완료,"○ ’20. 11.  3. 지하수가 유출되지 않도록 토석류가 유입된 인접 공사장 차수        
                 그라우팅 추가 보강 및 영구벽체 시공 완료
○ `20. 11.  9.  상수관로(D=100mm, L=7m) 원상복구 완료
○ `20. 11. 10. 하수관로(D=800mm, L=80m) 교체
○ `20. 11. 16. 하수관로 교체공사 부위 아스팔트 도로포장 완료",0,20201116,00010101,1
20200205,서울특별시,송파구,신천동,서울특별시 송파구 신천동 올림픽로 435,37.5213592954462,127.104971745978,20200810,1.50,1.50,3.00,,"오수관과 맨홀 접합부 결함, 맨홀 구체 천공부위 마감불량으로 맨홀주변 동공발생",0,0,0,복구완료,"되메우기 및 다짐, 골재포설, 아스팔트 중층 포장완료",0,20200922,00010101,1
20200206,서울특별시,강남구,논현동,서울특별시 강남구 논현동 279(을지병원 앞),37.5194333453988,127.027816287344,20200803,1.00,1.00,1.00,,장기압밀 침하 추정,0,0,0,복구완료,포장 복구 완료,0,20200810,00010101,1
20200210,서울특별시,구로구,구로동,서울특별시 구로구 구로동 514-2,37.4985124634174,126.886384297182,20200819,1.00,1.00,1.50,,노후 하수관 연결부 파손에 따른 지반침하,0,0,0,복구완료,하수관 및 맨홀 개량,0,20200820,00010101,1
20200211,서울특별시,강북구,미아동,서울특별시 강북구 미아동 1261-279,37.6123087535632,127.024047024291,20200803,1.00,10.00,2.50,기타,상수도관 D50mm 누수,0,0,0,복구완료,북부수도사업소  완전복구,0,20200829,00010101,1
20200214,서울특별시,영등포구,신길동,서울특별시 영등포구 신길동 10-40,37.515919539868,126.921957024289,20200812,1.50,1.50,1.20,기타,노들길 빗물받이 벽체 파손으로 인한 토사유실,0,0,0,복구완료,해당 도로관리청(강서도로사업소)에서  복구 완료,0,20200812,00010101,1
20200304,서울특별시,마포구,대흥동,서울특별시 마포구 대흥동 서강대길40,37.5491900433435,126.941169713609,20200818,0.20,0.20,6.00,기타," ○ 지하시설물관계자(하수도, 가스, 전력) 점검결과 이상없음
 ○ 굴착조사결과 뚜렷한 원인을 찾을 수 없었음",0,0,0,복구완료,"
 ○ 지반침하 예방을 위해 소일시멘트(시멘트+자갈+모래) 채움 및 다짐",0,20200818,00010101,1
20200305,서울특별시,마포구,상수동,서울특별시 마포구 상수동 309-18,37.5477621148427,126.922682813858,20200724,2.60,1.00,0.30,기타,엘리베이터 설치 후 부실로 추정,0,0,0,복구완료,원인자 복구,0,20200724,00010101,1
20210003,서울특별시,강남구,삼성동,서울특별시 강남구 삼성동 160-21(봉은사로 104길 10),37.5137333671003,127.061880514951,20210330,1.00,1.00,1.50,,통신관 아래 공동발생 부분  큰돌 사이 빈 공간이 있어 동공 발생,0,0,0,복구완료,하수시설물 보수공사(연간단가)에서 긴급 공동부분을 굴착하여 현장 확인 결과 큰돌 사이 공극으로 되메우기 후 포장 복구완료,0,20210331,00010101,1
20210004,서울특별시,송파구,마천동,서울특별시 송파구 마천동 마천로61다길 25,37.495195781992,127.151505234448,20210331,0.50,0.50,1.00,,맨홀 하부구체 파손,0,0,0,복구완료,"맨홀바닥 몰탈타설 및 인버트 설치
4월5일 맨홀개량 예정",0,20210331,00010101,1
20210005,서울특별시,강남구,압구정동,서울특별시 강남구 압구정동 500(올림픽대로 공항방향 성수대교 밑단 약 200m 5차로),37.5334843256639,127.032940192128,20210309,2.50,2.10,1.10,,"○ 하수관(D=1200mm) 이음부 이격 및 노후 파손 
   ① 맨홀→우수토실로 연결된 하수관 이음부 이격 및 노후 파손으로 공동발생
   ② 기존 보수보강을 시행한 하수관로(올림픽대로 횡단)에 시공된 라이닝의 변형이 있어 기존 하수관과 라이닝 사이로 하수가 흘러 기존관의 이음부 사이로 하수 유출
○ 2021. 3월중 : 굴착공사가 불가하여 비굴착 공법으로 보수방안 강구
                 (올림픽대로, 수문구조물, 광역상수도관(D2500mm) 저촉 등)
○ 2021. 4월중 : 정비완료 예정
○ 소요예산 : 100백만원(서울시 물재생계획과 긴급복구비 요청)
                       D=1200mm, L=100m(2열). 맨홀4개소 보수보강",0,0,0,복구완료,공동부분 되메우기 및 다짐 후 복구 ,0,20210309,00010101,1
20210006,서울특별시,송파구,거여동,서울특별시 송파구 거여동 33-16,37.4922453505205,127.150374037277,20210407,0.70,0.70,1.90,,하수맨홀 노후로 인한 하부 구체파손,0,0,1,복구완료,맨홀내부 응급보구 및 동공 되메우기 완료,0,20210407,00010101,1
20210010,서울특별시,강남구,논현동,서울특별시 강남구 논현동 212-16(학동로 34길 21),37.5132364705129,127.033846913325,20210608,1.00,1.50,1.00,,하수관 노후화로 인한 동공발생 추정,0,0,0,복구완료,강남구청 치수팀에서 진행하는 신논현역 및 학동역 주변 하수관로 개량공사 구간으로 도급업체에서 금일 복구 할 예정 ,0,20210609,00010101,1
20210052,서울특별시,중구,을지로1가,서울특별시 중구 을지로1가 140-1(숭례문방향 2차로),37.5654117131996,126.981899811584,20210805,0.10,0.10,1.50,기타,폐하수관 존치 및 폐기물 매립으로 인한 지반침하,0,0,0,복구완료,폐하수관 주변 응급조치(시멘트 보강 및 임시 아스콘포장),0,20210806,00010101,1
20210055,서울특별시,강동구,암사동,서울특별시 강동구 암사동 527,37.5547792003316,127.128553121719,20210704,1.10,0.60,1.50,,"호우 등으로 인해 지하철 복공판 밑 토류벽으로 토사가 유실, 지반 침하로 인한 하수흉관(900mm)과 맨홀간의 접합부가 파손(탈락)되어 동공이 발생된 것으로 사료",0,0,1,복구완료,하수관(900mm) 맨홀 접합부 임시복구 완료,0,20210704,00010101,1
20210059,서울특별시,성북구,안암동5가,서울특별시 성북구 안암동5가 146-31,37.5861402689512,127.02855788551,20210727,1.00,1.00,0.80,,차량진동에 의한 상수도관(D 150m) 누수,0,0,0,복구완료,21.07.28(수) 01:40 상수도관 긴급 누수복구 시행 및 도로포장 완료,0,20210728,00010101,1
20210067,서울특별시,성북구,보문동7가,서울특별시 성북구 보문동7가 105-1,37.5799427138264,127.022660311859,20210825,1.00,1.00,1.50,,통신박스 하부 장기간 침하로 인한 동공 발생,0,0,0,복구완료,08.26. 01:10분 복구완료,0,20210826,00010101,1
20210081,서울특별시,성북구,장위동,서울특별시 성북구 장위동 124-29,37.61784,127.0561,20210821,0.90,1.80,1.70,,건축공사장 차수 불량으로 인한 지하수위 침하,0,1,0,복구완료,사고부분 토사 되메우기 등 응급복구,0,20210821,00010101,1
20210122,서울특별시,강서구,염창동,서울특별시 강서구 염창동 284-76 앞,37.5482054089839,126.874950018935,20210904,2.00,2.00,1.50,,빗물받이 연결관 접합불량으로 인한 토사유출(건축공사장 신설 하수관로와 접합부 하자),0,0,0,복구완료,복구방법,0,20210905,00010101,1
20220005,서울특별시,은평구,수색동,서울특별시 은평구 수색동 367-7일대,37.5832648909534,126.895054721532,20220110,2.60,2.40,1.20,,"○ 사고장소 하단에 위치한 사각형거는 벽체 및 슬라브 노후로 인해 콘크리트 열화 및 철근 부식이 상당히 진행된 상태로, 중차량이 진입하여 무게를 견디지 못하고 도로함몰 발생
○ 사고 위치는 수색6재개발구역과 수색2재개발구역(시장정비사업)의 사이 골목으로 수색2구역에 포함",0,0,1,복구완료,"○ 하수관로 정비공사
 - D=600mm, L=135m 하수관 매설 예정",0,20220218,00010101,1
20220008,서울특별시,강서구,마곡동,서울특별시 강서구 마곡동 마곡동 775-5,37.56653355805,126.836780683297,20220123,1.50,0.50,3.00,,이랜드글로벌R&amp;D센터 (마곡동 780 일대) 건축현장 지하가시설공사로 인한 지반침하,0,1,0,복구완료,복구완료,0,20220128,00010101,1
20220009,서울특별시,종로구,,서울특별시 종로구 종로5가 4-1앞 도로,37.5713749245706,127.006040216231,20220123,3.00,2.00,1.00,기타,"    - 관    종 : 강관 구경 900mm(1970년 부설) 추정

    - 누수원인 : 강관 용접부 파손 추정
",0,0,0,복구완료,"  ○ 복구현황

    - 12:13 종로소방서 현장도착

    - 12:51 북부도로사업소 현장도착

    - 13:00 중부수도사업소 현장도착 및 안전시설 설치

    - 15:00 작업반 현장도착, 양수작업 등 복구작업 시작

    - 24(월) 05:30 : 임시포장 완료 및 개통
",0,20220124,00010101,1
20220022,서울특별시,동대문구,장안동,서울특별시 동대문구 장안동 366-6,37.5698846562041,127.070549356702,20220623,2.00,2.00,1.50,기타,"민간아파트 굴착현장 공사 중 토사유실 등으로 사고 발생 추정되나, 관계부서 합동조사를 통해 정확한 원인 조사 필요",0,3,0,복구완료,하수관로 임시연결. 보도 임시복구,0,20220624,00010101,1
20220024,서울특별시,성북구,장위동,서울특별시 성북구 장위동 231-226,37.6127571923186,127.037748588487,20220623,3.00,1.00,1.00,,노후 하수관로 이음부 이격으로 토사유출로 인한 도로함몰 발생,0,1,0,복구완료,하수관로 정비 및 포장 복구 완료,0,20220624,00010101,1
20220025,서울특별시,동대문구,장안동,서울특별시 동대문구 장안동 371-10,37.5716020876339,127.070926000921,20220624,1.20,1.20,1.50,기타,원인조사 필요,0,0,0,복구완료,토사 되메우기 및 다짐 후 보도블록 복구 완료,0,20220624,00010101,1
20220026,서울특별시,관악구,봉천동,서울특별시 관악구 봉천동 180-329,37.4701757823384,126.967056182014,20220629,0.80,1.00,3.50,,지반하부 지하수로 인한 토사 유출로 도로 침하 발생 추정 ,0,0,0,임시복구,기동반에서 골재 채움 및 콘크리트 타설 완료(안전조치 완료),0,20220629,00010101,1
20220027,서울특별시,송파구,가락동,서울특별시 송파구 가락동 282,37.4963870265419,127.110730647165,20220701,2.00,4.00,1.00,,집중호우에 따른 하수박스 파손 부위의 토사 유실에 의한 자전거도로 함몰,0,1,0,복구완료,지반침하구간 굴착하여  하수박스 확인 후 콘크리트로 임시복구 및 안전조치 완료,0,20220701,00010101,1
20220028,서울특별시,종로구,,서울특별시 종로구 혜화로 74 경신고등학교,37.5922022663657,126.999531005507,20220629,6.00,5.00,3.00,,,0,0,0,복구완료,"기존 하수관로 폐쇄 후 하수관로 신설(유로 변경),
우수처리 및 현장 토사 정리, 수중펌프 추가 설치 등 

노후된 우수관 정비 후 관 개량 및 신설,
도로 아스팔트 포장 완료",0,20220718,00010101,1
20220031,서울특별시,영등포구,여의도동,서울특별시 영등포구 여의도동 23(IFC몰),37.5249785804442,126.925298305571,20220706,0.40,0.40,2.50,,지반침하 주변 지하매설물 이상으로 추정,0,0,0,복구완료,2022년 관내보도정비공사(연간계약)업체를 통해 복구 완료,0,20220706,00010101,1
20220036,서울특별시,강동구,천호동,서울특별시 강동구 천호동 467-8,37.5420827620416,127.12063334685,20220710,1.20,1.30,1.50,,"공공하수관[D=600mm, 흉관, 매설일자(2021년도)]에 접합된 개인 배수시설(D=300mm)의 연결관이 접합불량으로 도로함몰이 발생된 것으로 확인.",0,0,0,복구완료,가정하수관 파손 복구 및 정비완료(치수과),0,20220710,00010101,1
20220085,서울특별시,영등포구,대림동,서울특별시 영등포구 대림동 1116-37,37.4885961499795,126.897396510514,20220809,1.50,2.50,2.00,,원인미상으로 파악 중,0,0,0,복구완료,「2022년 포장도로 유지보수공사(연간계약)」를 통해 복구 중,0,20220810,00010101,1
20220087,서울특별시,동작구,상도동,서울특별시 동작구 상도동 368-6,37.5044489430148,126.938942573289,20220809,6.00,1.50,1.50,,승강 편의시설(E/L) 공사 되메우기 다짐불량 추정(집중호우 발생),0,0,0,복구완료,되메우기 및 다짐 후 안전시설 설치,3000000,20220809,00010101,1
20220088,서울특별시,강남구,개포동,서울특별시 강남구 개포동 146-1[대모지하차도 개포1단지 양재대로(수서방향)],37.4796144627614,127.065304508567,20220809,1.50,1.50,2.50,,"집중호우로 공사장으로 하수관 월류 및 가시설 누수(2개소 침하)
※ 강남구 강수량 24:00 ~ 01:00  기준 시간누적 26.5mm",0,0,2,복구완료,"도로함몰 구간 차량통제(1개차로) 및 긴급복구 시행
‘22.08.09. 15:00 지반침하 발생접수
&apos;22.08.09. 17:00 현장 출동 후 견인조치(당사 현장 공사보험으로 피해차량 수리 및 정비완료)
&apos;22.08.09. 18:00 긴급 임시복구완료(롯데건설)
&apos;22.08.10. 17:00 아스콘 복구완료
",0,20220810,00010101,1
20220114,서울특별시,관악구,봉천동,서울특별시 관악구 봉천동 673-120,37.4896163816425,126.932936400468,20220813,0.70,0.70,1.50,,개인 사유지 내 노후 하수관로(D450mm) 파손,0,0,0,복구완료,관악구 치수과 보수완료(22.08.14.),0,20220814,00010101,1
20220120,서울특별시,양천구,신월동,서울특별시 양천구 신월동 331-51 앞 도로,37.5221184558236,126.82639959425,20220808,6.00,4.00,1.50,기타,집중호우 발생에 따른 개인 배수설비 파손,0,0,0,복구완료,"파손된 배수설비 및 노후 공공하수도 복구 및 토사 되메우기, 아스콘 포장",350000000,20220818,00010101,1
20220131,서울특별시,마포구,도화동,서울특별시 마포구 도화동 39-9,37.5410008135324,126.947568529776,20221003,0.30,0.30,1.50,기타,통신관로(LG유플러스) 주변 침하,0,0,0,복구완료,개착,0,20221004,00010101,1
20220136,서울특별시,서초구,반포동,서울특별시 서초구 반포동 1192,37.5018994040439,126.988034814993,20221119,1.50,1.50,1.50,기타,노후 하수관로(D450mm) 파손으로 인한 지반침하 발생,0,0,0,복구완료,하수시설물 보수공사(연간단가) 지반침하 원인 조사 및 복구 완료,5000000,20221119,00010101,1
20220138,서울특별시,구로구,천왕동,서울특별시 구로구 천왕동 오리로 1149,37.4866176885737,126.838255231876,20221208,0.20,0.80,0.50,기타,"？ 장       소 : 구로구 오리로 1149 (천왕역 2번출구 인근) 
？ 사고원인 : 다짐불량으로 추정
？ 피해상황 : 부상자 1명 발생(유지선(여,50세)/오른쪽발목통증/부천성모병원 응급실 치료후 자가 퇴원)
？ 발생규모 : 0.2m×0.8m×0.5m(가로×세로×깊이)",0,1,0,복구완료,구로구 도로과 지반침하부분 보도 복구 완료,4000000,20221210,00010101,1
20220139,서울특별시,강동구,암사동,서울특별시 강동구 암사동 상암로 87-1(암사동 490-48),37.5480922292518,127.132739387321,20221231,0.40,0.40,0.50,,가정하수관 연결부 파손으로 인한 토사유실 추정,0,1,0,임시복구,강동구 치수과 하수기동반 현장 안전 조치 완료,0,20230102,00010101,1
20230003,서울특별시,도봉구,방학동,서울특별시 도봉구 방학동 717-6 인근,37.6678890563994,127.045219219394,20230113,1.60,0.60,2.00,기타,건축물 신축 공사장 굴토(철거) 작업장 인근으로 원인 확인중,0,2,0,복구완료,동공발생구간 임시 복구 후 원인파악 예정,0,20230113,00010101,1
20230009,서울특별시,서초구,서초동,서울특별시 서초구 서초동 1339-9,37.4897243342818,127.030993731212,20230217,0.50,1.20,2.00,기타,통신케이블 처짐 및 가시설 미제거에 의한 장기 침하(추정),0,0,0,복구완료,토사 되메우기 및  아스콘 포장복구,5000000,20230217,00010101,1
20230012,서울특별시,용산구,도원동,서울특별시 용산구 도원동 9-298,37.5399094500815,126.956975102391,20230307,1.00,1.00,1.50,기타,"노후 하수관로(흄관, D300 mm)파손",0,1,1,복구완료,하수관 파손부위 복구공사(하수시설물 연간단가) ,0,20230308,00010101,1
20230013,서울특별시,중구,남대문로5가,서울특별시 중구 남대문로5가 521,37.5566443199474,126.975545562339,20230311,2.00,2.00,1.50,,"하수관로(매설년도 미상, D600mm) 이음부 이격으로 인한 토사 유출",0,0,0,복구완료,서부도로사업소 도로보수과 임시복구,0,20230313,00010101,1
20230016,서울특별시,은평구,갈현동,서울특별시 은평구 갈현동 389-16,37.6188001958644,126.920372015994,20230331,2.00,2.00,4.00,기타,6호선 대합실구조물 되메우기시 다짐불량으로 인한 공동발생,0,0,0,복구완료,레미콘타설,0,20230331,00010101,1
20230022,서울특별시,서대문구,충정로3가,서울특별시 서대문구 충정로3가 368,37.5600315766557,126.963221838268,20230406,1.50,1.50,0.20,,다짐 불량 추정(흙마대 다수 매립),0,0,0,복구완료,2023.4.8. 서부도로사업소 항구복구 ,0,20230408,00010101,1
20230023,서울특별시,송파구,풍납동,서울특별시 송파구 풍납동 올림픽대로(공항방향) 천호대교 끝 300m 4차로 우측,37.54043,127.1166,20230412,2.00,1.50,2.50,,"공사 인접 구간으로 지반 불안정 상태에서 우천으로 인한 토사 유실
",0,0,0,복구완료,되메우기 및 다짐,0,20230412,00010101,1
20230026,서울특별시,중랑구,신내동,서울특별시 중랑구 신내동 63-17(중랑공영차고지),37.6142128329833,127.103522801263,20230506,1.00,1.00,0.60,기타,"신내4 신내역로 우회전차로 신설공사구간 내

우천으로 인한 우수배수로 미확보로 물길이 보도쪽으로 형성  보도 침하 발생",0,1,0,복구완료,토사 되메우기,0,20230506,00010101,1
20230037,서울특별시,중랑구,중화동,서울특별시 중랑구 중화동 328-45,37.5993383826311,127.073365801257,20230611,2.00,1.00,1.50,충척층,건축공사중 주변 하수관로(D600mm) 이음부 이격 및 누수로 인한 토사유실 발생,0,1,0,복구완료,굴착 및 하수관로 보수,1000000,20230611,00010101,1
20230041,서울특별시,구로구,온수동,서울특별시 구로구 온수동 65-3,37.4929844989982,126.818020280213,20230626,0.20,0.65,0.80,기타,하수박스 파손으로 인한 지반침하로 다리가 빠져 부상자(다리 타박상) 1명 발생함,0,1,0,복구완료,"2023. 6.26. : 임시 안전조치 완료 및 부상자에 대해 영조물배상책임보험 안내 완료
2023. 6.27. : 하수박스 보수 예정 ",3000000,20230627,00010101,1
20230064,서울특별시,도봉구,쌍문동,서울특별시 도봉구 쌍문동 315-8,37.6500660118354,127.028134631423,20230612,1.00,1.00,4.00,기타,노후 하수관로 파손으로 인한 지반침하로 추정,0,0,0,복구완료,복구 완료 및 2023.8월 경 굴착 후 하수관로 조사 ,0,20230612,00010101,1
20230069,서울특별시,노원구,공릉동,서울특별시 노원구 공릉동 172-18,37.634191381966,127.082522377853,20230712,1.80,1.20,1.50,기타,1련 하수박스 외벽 파손에 따른 토사유출로 인한 보도 침하,0,0,0,복구완료,-,0,20230712,00010101,1
20230102,서울특별시,송파구,송파동,서울특별시 송파구 송파동 58-1,37.511549422886,127.108189133471,20230719,1.00,1.00,1.00,기타,"송파구 송파동 58-1번지 개인하수관 연결부 파손(접속부 불량, 이음부 이격 등)으로 토사 유실에 의한 자전거도로 함몰",0,0,0,복구완료,도로함몰구간 굴착 후 골재부설 및 콘크리트로 임시복구 완료 ,0,20230720,00010101,1
20230111,서울특별시,송파구,석촌동,서울특별시 송파구 석촌동 15-3 앞 석촌지하차도 옆 도로,37.5030524844235,127.100026965966,20230726,1.50,7.00,5.00,,지하차도 하부 공동으로 상부지반(부채도로)의 토사 유출이 지속되어 약 5m 깊이의 지반침하 발생,0,0,0,복구완료,침하 부분 되메우기 및 포장복구 완료,0,20230727,00010101,1
20230118,서울특별시,성북구,성북동,서울특별시 성북구 성북동 309-5,37.5975496201572,126.99462350266,20230806,1.00,3.00,0.50,기타,"하수관로(D600mm)에 타관통과(상수도 D250mm) 유수장애로 인한 수압상승(집중호우)
2개소",0,0,0,복구완료,"상수관로 2개 제거, 하수관로 부설, 차도포장 완료 및 차량통해 재개",0,20230806,00010101,1
20230119,서울특별시,강남구,청담동,서울특별시 강남구 청담동 77-4,37.5231994821198,127.055353915283,20230811,0.50,2.00,0.50,,"폐쇄 상수관로(1982년 매설, 강관, D700mm) 접합부 손상",0,0,0,복구완료,상수도관 접합부 완전 복구 후 되메우기,0,20230811,00010101,1
20230129,서울특별시,서초구,잠원동,서울특별시 서초구 잠원동 58-24,37.5096205182617,127.013278085984,20230911,1.50,2.00,1.50,기타,상수도 누수(4개소),0,0,0,복구완료,강남수도사업소 시설관리과 복구완료,5000000,20230911,00010101,1
20230133,서울특별시,강남구,역삼동,서울특별시 강남구 역삼동 800,37.5064573770425,127.031325016674,20230912,1.00,1.00,0.50,,부등침하로 인한 상수관로 파손,0,0,1,복구완료,강남수도사업소 굴착 및 제수밸브 조절,0,20230912,00010101,1
20230136,서울특별시,송파구,삼전동,서울특별시 송파구 삼전동 100-7,37.5037782534443,127.092266544552,20231011,0.20,0.70,1.80,기타,상수도 누수로 인한 토사 유실 및 지반침하로 인한 공공하수관 이격 발생,0,0,0,복구완료,동공부분 굴착후 하수관 부분개량 후 복구 ,0,20231012,00010101,1
20230140,서울특별시,영등포구,여의도동,서울특별시 영등포구 여의도동 22,37.5260425418848,126.928299685623,20231025,0.50,0.30,2.50,기타,"하수관 맨홀 이상
",0,1,0,복구완료,굴착복구,0,20231026,00010101,1
20230142,서울특별시,강서구,외발산동,서울특별시 강서구 외발산동 289-29,37.5518644181333,126.816513656002,20231103,0.50,0.50,1.50,,포장 하부 불명 조적구조물 파손으로 인한 토사 유실,0,0,0,복구완료,골재채움 및 되메우기 완료,0,20231103,00010101,1
20230147,서울특별시,강남구,삼성동,서울특별시 강남구 삼성동 111-43,37.5190161860769,127.052661324217,20231208,1.00,1.40,0.70,,상수관(D300mm) 손상 누수,0,0,1,복구완료,복구 완료,0,20231209,00010101,1
20240001,서울특별시,성북구,길음동,서울특별시 성북구 길음동 875-1 (길음역 7번출구),37.607245750797,127.021633697332,20240103,0.40,0.60,1.20,,다짐불량,0,0,0,복구완료,되메우기 후 복구 완료,0,20240104,00010101,1
20240007,서울특별시,강남구,삼성동,서울특별시 강남구 삼성동 159-8 그랜드인터컨티넨탈 호텔 앞 보도,37.509047757274,127.060892874689,20240116,1.50,3.00,1.50,,하수박스 이설에 따른 빗물받이 연결관 미폐공으로 추정,0,0,0,복구완료,복구완료,0,20240116,00010101,1
20240011,서울특별시,성북구,길음동,서울특별시 성북구 길음동 532-17,37.6037486042461,127.024181749796,20240223,0.40,0.60,1.00,기타,지하연결통로공사 해빙기 토사유실로 추정,0,1,0,임시복구,지반침하 발생위치 확인 및 내부상태 파악 후 긴급복구,0,20240223,00010101,1
20240018,서울특별시,강남구,논현동,서울특별시 강남구 논현동 논현동 61-7 앞 도로,37.5202570167453,127.031842201068,20240501,0.30,0.80,1.50,,빗물받이 연결관이 노후·파손에 따른 토사 유실로 동공 및 침하 발생,0,0,1,복구완료,파손된 연결관 교체 후 되메우기 및 다짐하여 응급 복구 완료,0,20240502,00010101,1
20240030,서울특별시,마포구,서교동,서울특별시 마포구 서교동 353-1,37.5553057647681,126.920979913802,20240713,0.50,0.50,1.50,,"하수맨홀과 하수관(D1,000mm) 이음부 파손에 따른 토사유실",0,0,0,복구완료,하수관 복구 완료,0,20240714,00010101,1
20240052,서울특별시,송파구,삼전동,서울특별시 송파구 삼전동 100-7,37.5037782534443,127.092266544552,20240722,1.00,1.00,0.70,기타,상수관 100mm관 누수로 인한 도로동공발생,0,0,1,복구완료,수도파손으로 원인자복구,0,20240722,00010101,1
20240065,서울특별시,성북구,하월곡동,서울특별시 성북구 하월곡동 88-1,37.6072838820648,127.030863620803,20240727,2.00,5.00,3.00,,집중호우로 인한 공동 발생.,0,0,0,복구완료,공동 발생 구간 되메우기 후 도로 포장 복구,0,20240805,00010101,1
20240077,서울특별시,서대문구,연희동,서울특별시 서대문구 연희동 413-128,37.5665809789955,126.924502820789,20240829,4.00,6.00,2.50,,원인 미상,1,1,1,복구완료,아스팔트 포장,0,20240829,00010101,1
20240078,서울특별시,송파구,풍납동,서울특별시 송파구 풍납동 490-6,37.5345589207168,127.121641425574,20240828,3.00,1.00,0.10,,도로하부 연약지반 장기압밀침하 추정,0,0,0,복구완료,관리청 복구 완료,0,20240828,00010101,1
20240079,서울특별시,서대문구,연희동,서울특별시 서대문구 연희동 413-5,37.5664184921477,126.925722379894,20240830,1.50,1.50,0.08,,하수박스 연결부 채움재 불량,0,0,0,복구완료,아스팔트 포장,0,20240830,00010101,1
20240081,서울특별시,강남구,역삼동,서울특별시 강남구 역삼동 650,37.5071221337406,127.034263302485,20240831,1.50,2.00,0.06,,장기 압밀침하,0,0,0,복구완료,입시복구 완료,0,20240831,00010101,1
20240082,서울특별시,구로구,구로동,서울특별시 구로구 디지털로 231,37.48076326519,126.891282956636,20240901,0.80,0.80,1.20,,하수박스 파손,0,0,0,복구완료,아스팔트 복구 완료,0,20240901,00010101,1
20240083,서울특별시,노원구,공릉동,서울특별시 노원구 공릉동 656-2,37.6190117000639,127.079698663271,20240222,2.40,2.00,1.00,,,0,0,0,복구완료,상수도관 정비 후 복구,0,20240223,00010101,1
20240085,서울특별시,종로구,효제동,서울특별시 종로구 효제동 291-9,37.5734681570746,127.002361251814,20240908,0.12,0.12,1.20,기타,체신(통신)맨홀 파손,0,0,0,복구완료,"○ 임시복구 현황
- 2024. 9. 8. 21:30  종로구 상황 접수
- 2024. 9. 8. 23:50  공동내부 골재채움 후 임시포장 완료 및 개통
○ 복구 현황
- 2024. 9. 23. KT(광화문지사)에서 복구 완료",0,20240908,00010101,1
20240088,서울특별시,성동구,용답동,서울특별시 성동구 용답동 63-3,37.5654077435199,127.053880405105,20240913,3.00,1.70,1.30,기타,건축공사장 지하수 유출로 인한 토사유실,0,0,0,복구완료,되메우기 및 방수포 비닐설치로 폐합조치 (임시복구),0,20240913,00010101,1
20240107,서울특별시,동대문구,답십리동,서울특별시 동대문구 답십리동 111,37.5734698133483,127.053366848512,20241107,1.20,1.20,1.00,,수도 누수로 인한 하수관(폐관) 파손,0,0,1,복구완료,2024. 11. 7. 16:30 폐하수관 철거 및 수도공사 완료,0,20241107,00010101,1
20240108,서울특별시,노원구,상계동,서울특별시 노원구 상계동 626,37.6691340218574,127.057453609395,20241026,0.20,0.40,0.90,,지하시설물 및 한전 맨홀 박스 주변 다짐 불량 추정 ,0,1,0,복구완료,기층개량 및 보도포장 완료,0,20241028,00010101,1
20250004,서울특별시,서대문구,연희동,서울특별시 서대문구 연희동 446-92,37.5675913676698,126.91855663325,20250116,1.00,1.20,1.00,기타,"사천 빗물펌프장 유입관로(D=3m, L=32m, 토피 9.6m) 추진공사시(’25.1.2., 굴진 및 매설) 지반 토사 유실로 인한 동공 발생 추정(사고지점 지반 보강 그라우팅 미실시)",0,0,0,복구완료,아스팔트 포장,0,20250317,00010101,1
20250010,서울특별시,서대문구,북아현동,서울특별시 서대문구 북아현동 1017,37.5622057682356,126.951051271738,20250305,1.00,0.70,1.80,,신촌힐스테이트 주변 하수관로 접합부 이탈에 따른 토사 유실,0,0,0,복구완료,도로포장,0,20250305,00010101,1
20250012,서울특별시,강북구,미아동,서울특별시 강북구 미아동 793-43,37.6281391630578,127.018201711201,20250116,1.00,1.00,0.60,,하수도 노후화에 의한 침하,0,0,0,임시복구,굴착 후 임시 복구,0,20250116,00010101,1
20250014,서울특별시,송파구,마천동,서울특별시 송파구 마천동 211-142,37.4960338582304,127.154526936365,20250317,1.00,0.50,1.40,기타,원인 불명,0,0,0,복구완료,송파구 치수과 지하매설물 및 하수관로 이상여부 확인 후 복구 완료,0,20250306,00010101,1
20250016,서울특별시,강동구,명일동,서울특별시 강동구 명일동 명일동 216-9,37.545925073039,127.155740403036,20250324,18.00,20.00,20.00,기타,조사중,1,1,1,복구중,사고원인 조사 후 복구예정,0,20250430,00010101,1
20250018,서울특별시,강서구,화곡동,서울특별시 강서구 화곡동 1117-13,37.5520578118007,126.850184202418,20250117,0.30,0.30,0.30,기타,"단순 도로침하
",0,1,0,복구완료,하수관로 및 전력관로 등 지하매설물 점검 및 복구조치,0,20250117,00010101,1
20250024,서울특별시,송파구,잠실동,서울특별시 송파구 잠실동 20,37.5118800951789,127.08199527045,20250328,1.00,2.00,0.10,기타,장기 침하 등 추정,0,0,0,복구완료,"1mx1m , 2개소 아스콘 복구완료",0,20250401,00010101,1
20250033,서울특별시,성북구,정릉동,서울특별시 성북구 정릉동 508-1,37.5995564264726,127.006583328653,20250417,0.25,0.30,2.00,,하수맨홀 하부슬라브 파손 부분으로 하수가 흐르면서 토사 유실되어 동공 발생,0,0,0,복구완료,동공 복구 및 맨홀 인버트 보수 완료,0,20250417,00010101,1
20250039,서울특별시,중랑구,면목동,서울특별시 중랑구 면목동 1066-7,37.5821004086974,127.09499035276,20250423,1.00,1.50,0.50,기타,수도누수로 인한 도로함몰,0,0,0,임시복구,"상수관로 복구, 수질검사 및 아스팔트 포장",2000000,20250424,00010101,1
20250042,서울특별시,강북구,미아동,서울특별시 강북구 미아동 791-3896,37.6284412368816,127.018945267403,20250430,1.00,1.00,1.00,,하수관로 파손에 의한 토사유실 추정,0,0,1,복구완료,하수관로 개량 및 도로포장 복구,0,20250429,00010101,1
20250043,서울특별시,동작구,상도동,서울특별시 동작구 상도동 527-2,37.5056648848452,126.944492553355,20250420,0.25,0.25,1.00,,하수맨홀 구체 파손,0,0,0,복구완료,하수맨홀 교체 및 굴착복구 완료,0,20250420,00010101,1
20250045,서울특별시,강남구,대치동,서울특별시 강남구 대치동 947-3 영동대로 삼탄빌딩,37.5067958134685,127.063072628587,20250427,1.00,2.00,0.90,기타,토양의 압밀 침하로 인한 지반침하,0,0,0,복구완료,지반침하 부분 토사 주입하여 임시복구 완료,0,20250427,00010101,1
20250046,서울특별시,강남구,역삼동,서울특별시 강남구 역삼동 835-69,37.4928301510343,127.035330229784,20250426,0.50,0.50,1.00,,"토사 유실로 인한 단순 침하, 인근 지장물 없음",0,0,0,복구완료,토사 주입 후 다짐,0,20250426,00010101,1
20250049,서울특별시,강남구,도곡동,서울특별시 강남구 도곡동 543-7,37.4922748332904,127.043511837517,20250512,1.50,1.20,0.10,,치수과 공사 다짐 불량으로 치수과 연간단가 복구 예정,0,0,0,임시복구,"라바콘, 모래주머니",0,20250512,00010101,1
20250053,서울특별시,동대문구,회기동,서울특별시 동대문구 회기동 60-104,37.5917967992063,127.049936318026,20250516,1.00,1.00,1.00,기타,기존관 및 신설관 이음부 이격으로 인한 토사 유실,0,0,1,복구완료,기존관 및 신설관 관경 확보하여 수밀밸트로 이음부 보강,0,20250516,00010101,1
20250056,서울특별시,서초구,서초동,서울특별시 서초구 서초동 사평대로 376-2,37.5042040311426,127.024123820963,20250507,4.00,10.00,0.10,기타,지하철  가시설 주변 토류판 부식으로 인한 장기 지반침하,0,0,0,복구완료,"아스콘 포설 다짐, 표층 복구",0,20250507,00010101,1
20250057,서울특별시,서초구,서초동,서울특별시 서초구 서초동 사평대로 376-2,37.5042040311426,127.024123820963,20250517,1.50,1.50,0.08,기타,지하철 가시설 주변 장기 지반침하,0,0,1,복구완료,"아스콘 포설 다짐, 표층복구",0,20250518,00010101,1
20250059,서울특별시,동작구,대방동,서울특별시 동작구 대방동 393-62,37.5004059540793,126.927916516232,20250529,0.80,0.80,1.00,,하수관 파손으로 인한 토사 유출 추정,0,0,0,복구중,하수관 교체 및 되메우기,0,20250529,00010101,1
